[2026-04-08 07:01:08] START sync
[2026-04-08 07:03:20] UPDATED sku=CESTAVARILLA3 ean=8421152026656 woo_id=46811 stock=0 pvpr=56.60208
[2026-04-08 07:03:20] UPDATED sku=ENCCGC4GAIAL ean=8421152027875 woo_id=48197 stock=1 pvpr=403.05056
[2026-04-08 07:03:20] UPDATED sku=61801238CARBO ean=8421152712351 woo_id=43059 stock=0 pvpr=22.66134
[2026-04-08 07:03:20] UPDATED sku=10119059CLASS ean=8421152030677 woo_id=37191 stock=4 pvpr=159.91113
[2026-04-08 07:03:20] UPDATED sku=10205019SMCGC ean=8421152027868 woo_id=48194 stock=0 pvpr=403.05056
[2026-04-08 07:03:20] UPDATED sku=BE2C780 ean=8421152031278 woo_id=37228 stock=0 pvpr=238.33714
[2026-04-08 07:03:20] UPDATED sku=BE2C785 ean=8421152031261 woo_id=37230 stock=1 pvpr=249.0013
[2026-04-08 07:03:20] UPDATED sku=81472103 ean=8421152708316 woo_id=43080 stock=0 pvpr=81.53639
[2026-04-08 07:03:20] UPDATED sku=2C80O ean=8421152018682 woo_id=37220 stock=0 pvpr=256.60635
[2026-04-08 07:03:20] UPDATED sku=DR801C1EIZQ ean=8421152705865 woo_id=37199 stock=0 pvpr=115.30623
[2026-04-08 07:03:20] UPDATED sku=81476034 ean=8421152708354 woo_id=43074 stock=0 pvpr=72.44451
[2026-04-08 07:03:20] UPDATED sku=CAMPANAGFH73INO ean=8421152036402 woo_id=44700 stock=2 pvpr=156.51022
[2026-04-08 07:03:20] UPDATED sku=CAMPANAGFH55INO ean=8421152036396 woo_id=44698 stock=8 pvpr=143.48764
[2026-04-08 07:03:20] UPDATED sku=10125122 ean=8421152062111 woo_id=37238 stock=1 pvpr=100.18158
[2026-04-08 07:03:20] UPDATED sku=10125123 ean=8421152066454 woo_id=37236 stock=8 pvpr=93.90955
[2026-04-08 07:03:20] UPDATED sku=10205283 ean=8421152066508 woo_id=48203 stock=3 pvpr=439.26427
[2026-04-08 07:03:20] UPDATED sku=41001000 ean=8421152066669 woo_id=37525 stock=1 pvpr=85.55254
[2026-04-08 07:03:20] UPDATED sku=MIG2025 ean=8436044524721 woo_id=48910 stock=0 pvpr=157.96287
[2026-04-08 07:03:20] UPDATED sku=CAMPANADBB60INO ean=8421152069608 woo_id=45683 stock=12 pvpr=147.8285
[2026-04-08 07:03:20] UPDATED sku=CAMPANADBB70INO ean=8421152069639 woo_id=45565 stock=0 pvpr=156.51022
[2026-04-08 07:03:20] UPDATED sku=CAMPANADBB60NEG ean=8421152069622 woo_id=45424 stock=0 pvpr=204.32804
[2026-04-08 07:03:20] UPDATED sku=CAMPANADBB70NEG ean=8421152069653 woo_id=45426 stock=0 pvpr=208.68599
[2026-04-08 07:03:20] UPDATED sku=CAMPANADBB90INO ean=8421152069660 woo_id=45428 stock=1 pvpr=178.2487
[2026-04-08 07:03:20] UPDATED sku=CAMPANADBB90NEG ean=8421152069684 woo_id=45430 stock=0 pvpr=213.02685
[2026-04-08 07:03:20] UPDATED sku=11119200 ean=8421152071526 woo_id=37193 stock=0 pvpr=215.69289
[2026-04-08 07:03:20] UPDATED sku=12127001 ean=8421152069592 woo_id=37222 stock=0 pvpr=371.86131
[2026-04-08 07:03:20] UPDATED sku=10125121 ean=8421152060889 woo_id=37240 stock=0 pvpr=177.85563
[2026-04-08 07:03:20] UPDATED sku=10205083 ean=8421152066492 woo_id=48200 stock=0 pvpr=439.26427
[2026-04-08 07:03:20] UPDATED sku=02625010 ean=8422248369596 woo_id=37406 stock=21 pvpr=92.04674
[2026-04-08 07:03:20] UPDATED sku=61801262 ean=8421152070192 woo_id=43064 stock=0 pvpr=22.66134
[2026-04-08 07:03:20] UPDATED sku=MIG2325ENMARC ean=8436044525933 woo_id=48912 stock=0 pvpr=178.4196
[2026-04-08 07:03:20] UPDATED sku=CM760ASBK ean=8422248059497 woo_id=47262 stock=21 pvpr=379.27837
[2026-04-08 07:03:20] UPDATED sku=07510301 ean=8422248049450 woo_id=48969 stock=0 pvpr=233.72284
[2026-04-08 07:03:20] UPDATED sku=07510300 ean=8422248048453 woo_id=48966 stock=2 pvpr=283.83072
[2026-04-08 07:03:20] UPDATED sku=10210002 ean=8421152086308 woo_id=36034 stock=0 pvpr=569.50716
[2026-04-08 07:03:20] UPDATED sku=ARK939 ean=8421152084793 woo_id=37498 stock=0 pvpr=249.0013
[2026-04-08 07:03:20] UPDATED sku=15638 ean=8436044525940 woo_id=49235 stock=0 pvpr=175.75356
[2026-04-08 07:03:20] UPDATED sku=G3640SPXN ean=5604409126610 woo_id=46752 stock=0 pvpr=927.49139
[2026-04-08 07:03:20] UPDATED sku=5391312 ean=8421152091494 woo_id=37517 stock=0 pvpr=43.68204
[2026-04-08 07:03:20] UPDATED sku=15914 ean=8436044528071 woo_id=49282 stock=0 pvpr=181.97432
[2026-04-08 07:03:20] UPDATED sku=509130200 ean=8421152084809 woo_id=37501 stock=0 pvpr=77.60569
[2026-04-08 07:03:20] UPDATED sku=CB55BBVS ean=8437004003089 woo_id=46676 stock=2 pvpr=341.6291
[2026-04-08 07:03:20] UPDATED sku=CB55BNVS ean=8437004003096 woo_id=46678 stock=2 pvpr=341.6291
[2026-04-08 07:03:20] UPDATED sku=UN55INVS ean=8437004003409 woo_id=46686 stock=0 pvpr=763.17104
[2026-04-08 07:03:20] UPDATED sku=UN55IBVS ean=8437004003393 woo_id=46768 stock=0 pvpr=763.17104
[2026-04-08 07:03:20] UPDATED sku=CB55IBVS ean=8437004003102 woo_id=46680 stock=0 pvpr=387.53284
[2026-04-08 07:03:20] UPDATED sku=61001303 ean=8421152714492 woo_id=46829 stock=0 pvpr=16.18423
[2026-04-08 07:03:20] UPDATED sku=301TGN ean=8437004003010 woo_id=36006 stock=0 pvpr=967.10601
[2026-04-08 07:03:20] UPDATED sku=02625300 ean=8422248048743 woo_id=37396 stock=104 pvpr=112.43511
[2026-04-08 07:03:20] UPDATED sku=3EB720XR ean=4242006224424 woo_id=43233 stock=0 pvpr=273.32037
[2026-04-08 07:03:20] UPDATED sku=GCDUALA45XGWHB ean=8422248078290 woo_id=46007 stock=4 pvpr=345.49144
[2026-04-08 07:03:20] UPDATED sku=61001302 ean=8421152714478 woo_id=46827 stock=3 pvpr=16.18423
[2026-04-08 07:03:20] UPDATED sku=MC25GTCWH ean=8422248055260 woo_id=48979 stock=0 pvpr=437.93125
[2026-04-08 07:03:20] UPDATED sku=PIEDRAPIZZACOMB ean=8421152110591 woo_id=47193 stock=0 pvpr=49.83444
[2026-04-08 07:03:20] UPDATED sku=IC915BLACK ean=8421152091364 woo_id=37488 stock=0 pvpr=337.93766
[2026-04-08 07:03:20] UPDATED sku=BE4040PLUS ean=8421152113240 woo_id=37234 stock=5 pvpr=87.6717
[2026-04-08 07:03:20] UPDATED sku=FO915 ean=8421152112700 woo_id=37509 stock=0 pvpr=224.10117
[2026-04-08 07:03:20] UPDATED sku=BE2C765 ean=8421152112960 woo_id=37226 stock=0 pvpr=238.33714
[2026-04-08 07:03:20] UPDATED sku=AUK983 ean=8421152112731 woo_id=37505 stock=0 pvpr=256.11074
[2026-04-08 07:03:20] UPDATED sku=ELEGANCE275 ean=8414706005573 woo_id=38197 stock=0 pvpr=1602.8711
[2026-04-08 07:03:20] UPDATED sku=CB60BN ean=8437004003539 woo_id=46692 stock=0 pvpr=430.01858
[2026-04-08 07:03:20] UPDATED sku=CB60BB ean=8437004003522 woo_id=46689 stock=0 pvpr=430.01858
[2026-04-08 07:03:20] UPDATED sku=MC20IX ean=8422248058476 woo_id=48972 stock=6 pvpr=208.48091
[2026-04-08 07:03:20] UPDATED sku=RCI631BK ean=8422248055024 woo_id=48119 stock=0 pvpr=238.32005
[2026-04-08 07:03:20] UPDATED sku=HK623021FB ean=7332543486229 woo_id=36073 stock=12 pvpr=225.62218
[2026-04-08 07:03:20] UPDATED sku=CM760ASWH ean=8422248058568 woo_id=47265 stock=5 pvpr=407.35724
[2026-04-08 07:03:20] UPDATED sku=MX96IB ean=8437004003256 woo_id=46682 stock=0 pvpr=1689.44904
[2026-04-08 07:03:20] UPDATED sku=GFG2BL ean=8421152121221 woo_id=44703 stock=7 pvpr=156.51022
[2026-04-08 07:03:20] UPDATED sku=81472105 ean=8421152708330 woo_id=43078 stock=0 pvpr=81.53639
[2026-04-08 07:03:20] UPDATED sku=GIGA600BK ean=8422248059190 woo_id=48864 stock=0 pvpr=804.2554
[2026-04-08 07:03:20] UPDATED sku=EHF6231IOK ean=7332543487523 woo_id=36079 stock=0 pvpr=209.47213
[2026-04-08 07:03:20] UPDATED sku=BETA700 ean=8422248061834 woo_id=45038 stock=0 pvpr=266.41601
[2026-04-08 07:03:20] UPDATED sku=NC785 ean=8421152130520 woo_id=45440 stock=0 pvpr=348.68727
[2026-04-08 07:03:20] UPDATED sku=NC985 ean=8421152130537 woo_id=45442 stock=2 pvpr=371.33152
[2026-04-08 07:03:20] UPDATED sku=DBP60PROINOXEU ean=8421152133705 woo_id=45432 stock=14 pvpr=182.58956
[2026-04-08 07:03:20] UPDATED sku=DBP70PROINOXEU ean=8421152133712 woo_id=45434 stock=0 pvpr=191.30546
[2026-04-08 07:03:20] UPDATED sku=DBP90PROINOXEU ean=8421152133729 woo_id=45437 stock=12 pvpr=213.02685
[2026-04-08 07:03:20] UPDATED sku=EWH80H ean=8421152131961 woo_id=43166 stock=1 pvpr=203.8837
[2026-04-08 07:03:20] UPDATED sku=REDONDO451CCEST ean=8421152131770 woo_id=37249 stock=0 pvpr=78.1013
[2026-04-08 07:03:20] UPDATED sku=ARK938I ean=8421152134191 woo_id=37548 stock=0 pvpr=277.47324
[2026-04-08 07:03:20] UPDATED sku=GAMMA700GXE ean=8422248061780 woo_id=45032 stock=0 pvpr=283.84781
[2026-04-08 07:03:20] UPDATED sku=GAMMA900GXE ean=8422248061797 woo_id=45030 stock=0 pvpr=294.2898
[2026-04-08 07:03:20] UPDATED sku=FO985 ean=8421152131589 woo_id=37545 stock=0 pvpr=256.11074
[2026-04-08 07:03:20] UPDATED sku=LGD631A ean=8422248058735 woo_id=43094 stock=0 pvpr=228.93764
[2026-04-08 07:03:20] UPDATED sku=SF6381X ean=8017709195762 woo_id=46909 stock=5 pvpr=526.33782
[2026-04-08 07:03:20] UPDATED sku=ARK938BL ean=8421152134252 woo_id=37554 stock=23 pvpr=238.33714
[2026-04-08 07:03:20] UPDATED sku=ARK938NG ean=8421152134207 woo_id=37551 stock=0 pvpr=238.33714
[2026-04-08 07:03:20] UPDATED sku=TL1 52 ean=8421152131336 woo_id=45817 stock=1 pvpr=113.23834
[2026-04-08 07:03:20] UPDATED sku=FO915BC ean=8421152134801 woo_id=37557 stock=0 pvpr=284.56559
[2026-04-08 07:03:20] UPDATED sku=ISLALEGEND ean=8422248061681 woo_id=44687 stock=0 pvpr=783.62777
[2026-04-08 07:03:20] UPDATED sku=MG3630X ean=5604409143747 woo_id=48149 stock=0 pvpr=204.31095
[2026-04-08 07:03:20] UPDATED sku=FO915INOX ean=8421152134818 woo_id=43091 stock=0 pvpr=270.34671
[2026-04-08 07:03:20] UPDATED sku=F0915NGCR ean=8421152134832 woo_id=37560 stock=0 pvpr=284.56559
[2026-04-08 07:03:20] UPDATED sku=FO939 ean=8421152131541 woo_id=37563 stock=0 pvpr=249.0013
[2026-04-08 07:03:20] UPDATED sku=OS206 ean=8421152131503 woo_id=37565 stock=0 pvpr=234.74824
[2026-04-08 07:03:20] UPDATED sku=SP995INOX ean=8421152134764 woo_id=37568 stock=0 pvpr=166.49078
[2026-04-08 07:03:20] UPDATED sku=EWH15BLANCO ean=8434778012941 woo_id=44249 stock=0 pvpr=123.32144
[2026-04-08 07:03:20] UPDATED sku=CDP780ASBK ean=8422248059503 woo_id=47572 stock=0 pvpr=472.48723
[2026-04-08 07:03:20] UPDATED sku=ISLAMOON ean=8422248062084 woo_id=45025 stock=0 pvpr=1346.11094
[2026-04-08 07:03:20] UPDATED sku=G610XGNAT ean=5604409135063 woo_id=46754 stock=0 pvpr=927.49139
[2026-04-08 07:03:26] UPDATED sku=CI631AA ean=8422248058681 woo_id=48110 stock=0 pvpr=173.83948
[2026-04-08 07:03:26] UPDATED sku=TF200370DURALUM ean=8422248061971 woo_id=45751 stock=0 pvpr=155.65572
[2026-04-08 07:03:26] UPDATED sku=EGH6333BOX ean=7332543467389 woo_id=48319 stock=0 pvpr=256.79434
[2026-04-08 07:03:26] UPDATED sku=E603X ean=5604409142733 woo_id=46652 stock=0 pvpr=818.42301
[2026-04-08 07:03:26] UPDATED sku=CI6021 ean=8422248067355 woo_id=48113 stock=6 pvpr=163.99564
[2026-04-08 07:03:26] UPDATED sku=3EB765LQ ean=4242006263119 woo_id=36106 stock=0 pvpr=458.61015
[2026-04-08 07:03:26] UPDATED sku=3EB930LQ ean=4242006247973 woo_id=43227 stock=0 pvpr=459.84063
[2026-04-08 07:03:26] UPDATED sku=C6310SINOX ean=8421152146057 woo_id=45820 stock=4 pvpr=135.8655
[2026-04-08 07:03:26] UPDATED sku=CNL6610SINOX ean=8421152146231 woo_id=45832 stock=4 pvpr=204.32804
[2026-04-08 07:03:26] UPDATED sku=TL6310W ean=8421152145982 woo_id=45918 stock=19 pvpr=103.0527
[2026-04-08 07:03:26] UPDATED sku=TL6310SINOX ean=8421152145975 woo_id=45921 stock=21 pvpr=100.01068
[2026-04-08 07:03:26] UPDATED sku=C6310W ean=8421152146064 woo_id=45742 stock=0 pvpr=126.8078
[2026-04-08 07:03:26] UPDATED sku=DM675W ean=8421152130742 woo_id=45454 stock=0 pvpr=374.97169
[2026-04-08 07:03:26] UPDATED sku=TL6310BNEGRA ean=8421152145999 woo_id=45844 stock=0 pvpr=104.16355
[2026-04-08 07:03:26] UPDATED sku=TB6310 ean=8421152148259 woo_id=36040 stock=0 pvpr=200.56824
[2026-04-08 07:03:26] UPDATED sku=PCE5000 ean=8436044534294 woo_id=36109 stock=0 pvpr=56.68753
[2026-04-08 07:03:26] UPDATED sku=EX6014GAIAALCI ean=8421152144718 woo_id=48260 stock=0 pvpr=256.5209
[2026-04-08 07:03:26] UPDATED sku=TB6415 ean=8421152148280 woo_id=36046 stock=10 pvpr=191.71562
[2026-04-08 07:03:26] UPDATED sku=TB6315 ean=8421152148235 woo_id=36037 stock=207 pvpr=182.19649
[2026-04-08 07:03:26] UPDATED sku=TR5300 ean=8421152148303 woo_id=36049 stock=9 pvpr=378.21879
[2026-04-08 07:03:26] UPDATED sku=TZ6315 ean=8421152148211 woo_id=36118 stock=4 pvpr=219.12798
[2026-04-08 07:03:26] UPDATED sku=TZ6415 ean=8421152148266 woo_id=36043 stock=2 pvpr=203.45645
[2026-04-08 07:03:26] UPDATED sku=GIGA600WH ean=8422248059206 woo_id=48508 stock=0 pvpr=893.70446
[2026-04-08 07:03:26] UPDATED sku=EX60.14GAIALDRC ean=8421152144695 woo_id=48312 stock=0 pvpr=286.92401
[2026-04-08 07:03:26] UPDATED sku=CC485INOX ean=8421152145869 woo_id=44706 stock=0 pvpr=891.55112
[2026-04-08 07:03:26] UPDATED sku=DH2ISLA985 ean=8421152145715 woo_id=45446 stock=0 pvpr=866.56554
[2026-04-08 07:03:26] UPDATED sku=DG3ISLA985 ean=8421152145814 woo_id=45444 stock=0 pvpr=666.59545
[2026-04-08 07:03:26] UPDATED sku=DHT1285INOX ean=8421152145890 woo_id=45449 stock=0 pvpr=1166.51213
[2026-04-08 07:03:26] UPDATED sku=MF7606X ean=5604409142474 woo_id=47281 stock=0 pvpr=375.79201
[2026-04-08 07:03:26] UPDATED sku=MIG2033 ean=8436044534508 woo_id=49247 stock=75 pvpr=144.13706
[2026-04-08 07:03:26] UPDATED sku=61801346 ean=8421152149607 woo_id=43066 stock=19 pvpr=27.1731
[2026-04-08 07:03:26] UPDATED sku=CIB6031BK ean=8422248068352 woo_id=48116 stock=0 pvpr=174.86488
[2026-04-08 07:03:26] UPDATED sku=CMD5008X ean=8422248067881 woo_id=47268 stock=5 pvpr=409.3055
[2026-04-08 07:03:26] UPDATED sku=COLADOR INOX 42 ean=8421152144237 woo_id=46831 stock=0 pvpr=72.76922
[2026-04-08 07:03:26] UPDATED sku=SRV596GH5 ean=8017709110505 woo_id=48105 stock=0 pvpr=629.27089
[2026-04-08 07:03:26] UPDATED sku=DW840FI ean=8421152144589 woo_id=39451 stock=0 pvpr=383.39706
[2026-04-08 07:03:26] UPDATED sku=G910X ean=5604409133175 woo_id=46711 stock=0 pvpr=1324.28701
[2026-04-08 07:03:26] UPDATED sku=TNCPLUS100 ean=8430709180369 woo_id=44288 stock=0 pvpr=196.50082
[2026-04-08 07:03:26] UPDATED sku=TNCPLUS80 ean=8430709180338 woo_id=44277 stock=27 pvpr=179.32537
[2026-04-08 07:03:26] UPDATED sku=TNCPLUS80H ean=8430709180352 woo_id=44275 stock=16 pvpr=196.50082
[2026-04-08 07:03:26] UPDATED sku=KCI19AOE ean=8017709212506 woo_id=45010 stock=0 pvpr=1646.84367
[2026-04-08 07:03:26] UPDATED sku=101TGB ean=8437004003003 woo_id=36003 stock=0 pvpr=967.10601
[2026-04-08 07:03:26] UPDATED sku=ISLAMAGRABA ean=8422248069342 woo_id=45757 stock=0 pvpr=988.33179
[2026-04-08 07:03:26] UPDATED sku=G911SBUT ean=5604409132604 woo_id=46715 stock=0 pvpr=1298.61783
[2026-04-08 07:03:26] UPDATED sku=CB5530BB ean=8437015023250 woo_id=46762 stock=2 pvpr=329.75155
[2026-04-08 07:03:26] UPDATED sku=CB5530BN ean=8437015023267 woo_id=46764 stock=9 pvpr=329.75155
[2026-04-08 07:03:26] UPDATED sku=LEGENDX700 ean=8422248068659 woo_id=45042 stock=0 pvpr=355.04475
[2026-04-08 07:03:26] UPDATED sku=E 911 X ean=5604409135919 woo_id=46709 stock=0 pvpr=1336.45509
[2026-04-08 07:03:26] UPDATED sku=E 911 X NAT ean=5604409143181 woo_id=46733 stock=0 pvpr=1336.45509
[2026-04-08 07:03:26] UPDATED sku=3BC663MX ean=4242006272364 woo_id=43206 stock=0 pvpr=229.39907
[2026-04-08 07:03:26] UPDATED sku=E912X ean=5604409135995 woo_id=46646 stock=0 pvpr=1520.07005
[2026-04-08 07:03:26] UPDATED sku=HSF900 ean=8421152154588 woo_id=47827 stock=0 pvpr=782.51692
[2026-04-08 07:03:26] UPDATED sku=EFX3012H ean=8421152155776 woo_id=36139 stock=3 pvpr=151.50285
[2026-04-08 07:03:26] UPDATED sku=EFX30.12GAIALCI ean=8421152155745 woo_id=48430 stock=1 pvpr=129.33712
[2026-04-08 07:03:26] UPDATED sku=CCI6031BK ean=8422248073691 woo_id=48128 stock=0 pvpr=196.89389
[2026-04-08 07:03:26] UPDATED sku=3BC077EX ean=4242006277543 woo_id=43212 stock=0 pvpr=438.88829
[2026-04-08 07:03:26] UPDATED sku=EWH80DSLIM ean=8421152156841 woo_id=44264 stock=14 pvpr=261.10102
[2026-04-08 07:03:26] UPDATED sku=EWH50DSLIM ean=8421152156834 woo_id=44262 stock=4 pvpr=232.35564
[2026-04-08 07:03:26] UPDATED sku=DLH986T ean=8421152157442 woo_id=45487 stock=0 pvpr=366.63177
[2026-04-08 07:03:26] UPDATED sku=G 910 X NAT ean=5604409143143 woo_id=46731 stock=0 pvpr=1324.28701
[2026-04-08 07:03:26] UPDATED sku=FMI020X ean=8017709229467 woo_id=49277 stock=0 pvpr=397.75266
[2026-04-08 07:03:26] UPDATED sku=SER 60S GH3 ean=8017709105235 woo_id=48386 stock=4 pvpr=350.31082
[2026-04-08 07:03:26] UPDATED sku=CX68M8-1 ean=8017709166625 woo_id=46440 stock=0 pvpr=1174.7666
[2026-04-08 07:03:26] UPDATED sku=GI 6031 X ean=8422248067331 woo_id=48122 stock=0 pvpr=168.88338
[2026-04-08 07:03:26] UPDATED sku=HLF940INOX ean=8421152155042 woo_id=47283 stock=0 pvpr=1025.96397
[2026-04-08 07:03:26] UPDATED sku=ME7108bk ean=8422248077026 woo_id=47291 stock=0 pvpr=411.06577
[2026-04-08 07:03:26] UPDATED sku=MRA7108WH ean=8422248077033 woo_id=47294 stock=0 pvpr=411.03159
[2026-04-08 07:03:26] UPDATED sku=8421152155752 ean=8421152155752 woo_id=48007 stock=0 pvpr=125.66277
[2026-04-08 07:03:26] UPDATED sku=TNCPLUS100H ean=8430709180376 woo_id=42396 stock=30 pvpr=217.31644
[2026-04-08 07:03:26] UPDATED sku=CCI6021BK ean=8422248073707 woo_id=48131 stock=0 pvpr=189.28884
[2026-04-08 07:03:26] UPDATED sku=FMI325X ean=8017709229498 woo_id=48918 stock=0 pvpr=714.46454
[2026-04-08 07:03:26] UPDATED sku=DHL786T ean=8421152157435 woo_id=45484 stock=0 pvpr=337.45914
[2026-04-08 07:03:26] UPDATED sku=NFL345CEINOX ean=8421152160305 woo_id=37790 stock=0 pvpr=556.4504
[2026-04-08 07:03:26] UPDATED sku=KC16AOE ean=8017709211721 woo_id=44893 stock=0 pvpr=1124.12893
[2026-04-08 07:03:26] UPDATED sku=CB5530IB ean=8437015023274 woo_id=46771 stock=1 pvpr=379.03911
[2026-04-08 07:03:26] UPDATED sku=CB5530IN ean=8437015023281 woo_id=46774 stock=0 pvpr=379.03911
[2026-04-08 07:03:26] UPDATED sku=LCIB6021BK ean=8422248078795 woo_id=48172 stock=0 pvpr=183.10226
[2026-04-08 07:03:26] UPDATED sku=401TGNA ean=8437015023243 woo_id=36015 stock=0 pvpr=848.14252
[2026-04-08 07:03:26] UPDATED sku=NFL345CB ean=8421152160299 woo_id=37787 stock=0 pvpr=534.47266
[2026-04-08 07:03:26] UPDATED sku=MMA20WH ean=8422248077187 woo_id=40974 stock=0 pvpr=203.30264
[2026-04-08 07:03:26] UPDATED sku=DSJ650 ean=8421152157282 woo_id=45408 stock=0 pvpr=224.98985
[2026-04-08 07:03:26] UPDATED sku=CB9060IB ean=8437015023021 woo_id=46701 stock=1 pvpr=897.41299
[2026-04-08 07:03:26] UPDATED sku=GCDUALA75WH ean=8422248078313 woo_id=46004 stock=2 pvpr=370.59665
[2026-04-08 07:03:26] UPDATED sku=GCDUALA75XGBKD ean=8422248078320 woo_id=46102 stock=5 pvpr=370.59665
[2026-04-08 07:03:26] UPDATED sku=ISLAGAMMA ean=8422248077736 woo_id=45067 stock=0 pvpr=632.72307
[2026-04-08 07:03:26] UPDATED sku=DLH686TINOX ean=8421152157428 woo_id=45481 stock=1 pvpr=329.13631
[2026-04-08 07:03:26] UPDATED sku=LCI6021BK ean=8422248068376 woo_id=48382 stock=3 pvpr=183.10226
[2026-04-08 07:03:26] UPDATED sku=MF 6609 N ean=5604409142498 woo_id=47277 stock=0 pvpr=511.98222
[2026-04-08 07:03:26] UPDATED sku=MMI 25 BL ean=5604409146267 woo_id=48977 stock=0 pvpr=411.03159
[2026-04-08 07:03:26] UPDATED sku=FENIX1000X ean=8422248077798 woo_id=46002 stock=0 pvpr=746.04686
[2026-04-08 07:03:26] UPDATED sku=ANGOLOBOX ean=8422248077774 woo_id=45113 stock=0 pvpr=853.86767
[2026-04-08 07:03:26] UPDATED sku=ANGOLO ean=8422248077781 woo_id=45119 stock=0 pvpr=916.67342
[2026-04-08 07:03:26] UPDATED sku=LCIB6031BK ean=8422248078788 woo_id=48186 stock=0 pvpr=219.67486
[2026-04-08 07:03:26] UPDATED sku=MMA20X ean=8422248077170 woo_id=48981 stock=16 pvpr=203.30264
[2026-04-08 07:03:26] UPDATED sku=CLASIC2C86REVSF ean=8421152019474 woo_id=37253 stock=0 pvpr=256.60635
[2026-04-08 07:03:26] UPDATED sku=SRV576GH5 ean=8017709112998 woo_id=48391 stock=0 pvpr=420.72162
[2026-04-08 07:03:26] UPDATED sku=SR264XGH2 ean=8017709268367 woo_id=48055 stock=0 pvpr=425.01121
[2026-04-08 07:03:26] UPDATED sku=SRV575GH5 ean=8017709114794 woo_id=48013 stock=0 pvpr=526.78216
[2026-04-08 07:03:26] UPDATED sku=SR60GHS ean=8017709179526 woo_id=48010 stock=0 pvpr=444.18619
[2026-04-08 07:03:26] UPDATED sku=SI5632D ean=8017709262976 woo_id=48830 stock=5 pvpr=457.68729
[2026-04-08 07:03:31] UPDATED sku=IOVENPINOX ean=8434778000146 woo_id=47286 stock=0 pvpr=1180.52593
[2026-04-08 07:03:31] UPDATED sku=MTP984CROMO ean=8434778000627 woo_id=37573 stock=0 pvpr=197.09897
[2026-04-08 07:03:31] UPDATED sku=D9C ean=8421152149454 woo_id=43076 stock=0 pvpr=76.99045
[2026-04-08 07:03:31] UPDATED sku=MTP995CROMO ean=8434778000641 woo_id=37576 stock=0 pvpr=100.42084
[2026-04-08 07:03:31] UPDATED sku=TRC83631TCS ean=8434778008807 woo_id=36150 stock=0 pvpr=426.03661
[2026-04-08 07:03:31] UPDATED sku=GCB63010KBB ean=8434778002959 woo_id=48209 stock=4 pvpr=233.94501
[2026-04-08 07:03:31] UPDATED sku=FLEXLINEARS15 ean=8434778004380 woo_id=37257 stock=0 pvpr=270.34671
[2026-04-08 07:03:31] UPDATED sku=E916X ean=5604409145406 woo_id=46758 stock=0 pvpr=1416.70973
[2026-04-08 07:03:31] UPDATED sku=E911R ean=5604409139245 woo_id=46707 stock=0 pvpr=1336.45509
[2026-04-08 07:03:31] UPDATED sku=MEP291R ean=5604409142566 woo_id=45046 stock=0 pvpr=359.96667
[2026-04-08 07:03:31] UPDATED sku=DGE5661HM ean=7332543793624 woo_id=44735 stock=0 pvpr=401.18775
[2026-04-08 07:03:31] UPDATED sku=BELINEARS157140 ean=8434778004298 woo_id=37264 stock=0 pvpr=398.38499
[2026-04-08 07:03:31] UPDATED sku=SQUARE5040TGNEG ean=8434778007374 woo_id=37291 stock=3 pvpr=305.89391
[2026-04-08 07:03:31] UPDATED sku=GBC63010KBN ean=8434778002966 woo_id=48211 stock=0 pvpr=230.44156
[2026-04-08 07:03:31] UPDATED sku=PURELINEFLEX ean=8434778004373 woo_id=37283 stock=0 pvpr=441.0929
[2026-04-08 07:03:31] UPDATED sku=ML8220BISLSTGRA ean=8434778007695 woo_id=48995 stock=0 pvpr=552.12663
[2026-04-08 07:03:31] UPDATED sku=GZC63310XBN ean=8434778005837 woo_id=48213 stock=9 pvpr=343.44064
[2026-04-08 07:03:31] UPDATED sku=HBE490MEBKNEGRO ean=8434778005387 woo_id=47816 stock=0 pvpr=339.62957
[2026-04-08 07:03:31] UPDATED sku=GBC64003KBN ean=8434778003611 woo_id=48298 stock=2 pvpr=217.36771
[2026-04-08 07:03:31] UPDATED sku=GBC64000XBN ean=8434778003642 woo_id=48292 stock=7 pvpr=230.44156
[2026-04-08 07:03:31] UPDATED sku=GBC64000XBB ean=8434778003635 woo_id=48242 stock=0 pvpr=230.44156
[2026-04-08 07:03:31] UPDATED sku=FLAMEGZC63310XB ean=8434778005820 woo_id=48215 stock=4 pvpr=343.44064
[2026-04-08 07:03:31] UPDATED sku=FAMEGZC64320XBN ean=8434778006292 woo_id=48281 stock=0 pvpr=382.55965
[2026-04-08 07:03:31] UPDATED sku=FAMEGZC64300XBN ean=8434778006193 woo_id=48287 stock=0 pvpr=365.17912
[2026-04-08 07:03:31] UPDATED sku=EW7H5825IB ean=7332543703203 woo_id=43108 stock=0 pvpr=624.48569
[2026-04-08 07:03:31] UPDATED sku=RS15345.40 ean=8434778004410 woo_id=37299 stock=0 pvpr=249.0013
[2026-04-08 07:03:31] UPDATED sku=61001301 ean=8421152714515 woo_id=46825 stock=0 pvpr=12.15099
[2026-04-08 07:03:31] UPDATED sku=HRB6300ATANTRAC ean=8434778008616 woo_id=47322 stock=1 pvpr=547.95667
[2026-04-08 07:03:31] UPDATED sku=HLC8400WH ean=8434778007626 woo_id=47310 stock=1 pvpr=534.72901
[2026-04-08 07:03:31] UPDATED sku=DS75160N ean=8436044533938 woo_id=44783 stock=0 pvpr=439.96496
[2026-04-08 07:03:31] UPDATED sku=EES47310L ean=7332543673032 woo_id=39378 stock=31 pvpr=646.63433
[2026-04-08 07:03:31] UPDATED sku=KITMULTICOOK ean=8421152150184 woo_id=47200 stock=0 pvpr=153.9809
[2026-04-08 07:03:31] UPDATED sku=MTP978DCROMO ean=8413509220251 woo_id=37571 stock=0 pvpr=138.73662
[2026-04-08 07:03:31] UPDATED sku=TR4110BL1  ean=8017709176648 woo_id=46444 stock=0 pvpr=5020.30713
[2026-04-08 07:03:31] UPDATED sku=MIG2042 ean=8435568405684 woo_id=49237 stock=1 pvpr=81.74147
[2026-04-08 07:03:31] UPDATED sku=RS152740 ean=8434778004427 woo_id=37279 stock=0 pvpr=302.35628
[2026-04-08 07:03:31] UPDATED sku=MI218 ean=8435568400801 woo_id=49260 stock=0 pvpr=73.09393
[2026-04-08 07:03:31] UPDATED sku=MI2115 ean=8435568400764 woo_id=49258 stock=0 pvpr=62.10506
[2026-04-08 07:03:31] UPDATED sku=SR764AO ean=8017709140953 woo_id=48099 stock=0 pvpr=842.82753
[2026-04-08 07:03:31] UPDATED sku=CB9060IN ean=8437015023038 woo_id=46699 stock=0 pvpr=897.41299
[2026-04-08 07:03:31] UPDATED sku=IBC63010MSS ean=8434778003802 woo_id=48567 stock=24 pvpr=325.70122
[2026-04-08 07:03:31] UPDATED sku=MI2117 ean=8435568400788 woo_id=49288 stock=45 pvpr=68.5309
[2026-04-08 07:03:31] UPDATED sku=HRB6300VN ean=8434778008630 woo_id=47326 stock=0 pvpr=547.95667
[2026-04-08 07:03:31] UPDATED sku=IZC 63015 ean=8434778012897 woo_id=48569 stock=0 pvpr=332.24669
[2026-04-08 07:03:31] UPDATED sku=INTEGRA96750 ean=8434778014815 woo_id=44712 stock=1 pvpr=408.67317
[2026-04-08 07:03:31] UPDATED sku=112930039 ean=8434778013214 woo_id=45493 stock=0 pvpr=373.96338
[2026-04-08 07:03:31] UPDATED sku=DVT98660TBSWH ean=8434778013269 woo_id=45540 stock=2 pvpr=466.62536
[2026-04-08 07:03:31] UPDATED sku=SES 7004 X ean=8422248347235 woo_id=47555 stock=0 pvpr=238.52513
[2026-04-08 07:03:31] UPDATED sku=MCMI208GDIP ean=8431312216285 woo_id=49294 stock=0 pvpr=221.98201
[2026-04-08 07:03:31] UPDATED sku=IZF65320BKMS ean=8434778011630 woo_id=48596 stock=0 pvpr=509.93142
[2026-04-08 07:03:31] UPDATED sku=EMS2203MMX ean=7332543761173 woo_id=49142 stock=0 pvpr=276.32821
[2026-04-08 07:03:31] UPDATED sku=MIG2138 ean=8435568400818 woo_id=49256 stock=0 pvpr=84.81767
[2026-04-08 07:03:31] UPDATED sku=FLEXLINEARS152C ean=8434778004359 woo_id=37271 stock=0 pvpr=444.64762
[2026-04-08 07:03:31] UPDATED sku=MIG2528 ean=8435568401099 woo_id=48883 stock=0 pvpr=195.56087
[2026-04-08 07:03:31] UPDATED sku=HO455 ean=8435568401273 woo_id=47938 stock=0 pvpr=115.83602
[2026-04-08 07:03:31] UPDATED sku=INTEGRA66750POS ean=8434778014808 woo_id=44723 stock=0 pvpr=373.89502
[2026-04-08 07:03:31] UPDATED sku=DVT98660TBSBK ean=8434778013252 woo_id=45530 stock=4 pvpr=406.96417
[2026-04-08 07:03:31] UPDATED sku=DVT78660TBSWH ean=8434778013245 woo_id=45506 stock=0 pvpr=449.94552
[2026-04-08 07:03:31] UPDATED sku=L7005CI ean=8422248081962 woo_id=48183 stock=0 pvpr=227.27991
[2026-04-08 07:03:31] UPDATED sku=LCI 6031 BK ean=8422248072724 woo_id=48398 stock=15 pvpr=188.24635
[2026-04-08 07:03:31] UPDATED sku=DSJ950 ean=8421152157305 woo_id=45538 stock=0 pvpr=270.82523
[2026-04-08 07:03:31] UPDATED sku=DSJ750 ean=8421152157299 woo_id=45544 stock=3 pvpr=249.97543
[2026-04-08 07:03:31] UPDATED sku=EWH100C ean=8434778012989 woo_id=50597 stock=0 pvpr=207.19916
[2026-04-08 07:03:31] UPDATED sku=EWH30C ean=8434778012958 woo_id=44286 stock=0 pvpr=118.41661
[2026-04-08 07:03:31] UPDATED sku=EWH 50 C ean=8434778012965 woo_id=44271 stock=15 pvpr=144.71812
[2026-04-08 07:03:31] UPDATED sku=FAB30LRD5 ean=8017709297718 woo_id=38432 stock=0 pvpr=1995.05242
[2026-04-08 07:03:31] UPDATED sku=DS74160BL ean=8436044536526 woo_id=44825 stock=0 pvpr=246.42071
[2026-04-08 07:03:31] UPDATED sku=DLH1186T ean=8421152157459 woo_id=45490 stock=0 pvpr=370.80173
[2026-04-08 07:03:31] UPDATED sku=IZF64600BKMSP ean=8434778013108 woo_id=48616 stock=0 pvpr=509.93142
[2026-04-08 07:03:31] UPDATED sku=ML8220BISLBK ean=8434778007688 woo_id=48987 stock=0 pvpr=485.85161
[2026-04-08 07:03:31] UPDATED sku=CCI5003BK ean=8422248094269 woo_id=48174 stock=4 pvpr=174.16419
[2026-04-08 07:03:31] UPDATED sku=EDW4610 X ean=8422248096720 woo_id=39514 stock=9 pvpr=385.12315
[2026-04-08 07:03:31] UPDATED sku=EDW4610 WH ean=8422248096737 woo_id=39520 stock=7 pvpr=351.49003
[2026-04-08 07:03:31] UPDATED sku=EDW6130WH ean=8422248096751 woo_id=39285 stock=0 pvpr=317.85691
[2026-04-08 07:03:31] UPDATED sku=DVN05320W ean=8690842379055 woo_id=39100 stock=54 pvpr=359.35143
[2026-04-08 07:03:31] UPDATED sku=STONE50BTG ean=8434778006063 woo_id=37331 stock=0 pvpr=320.14697
[2026-04-08 07:03:31] UPDATED sku=BENNUSLIM900X ean=8422248110891 woo_id=45100 stock=0 pvpr=925.85075
[2026-04-08 07:03:31] UPDATED sku=EWH80C ean=8434778012972 woo_id=44273 stock=3 pvpr=177.59928
[2026-04-08 07:03:31] UPDATED sku=FORSQUARE5040TG ean=8434778007084 woo_id=37267 stock=0 pvpr=327.25641
[2026-04-08 07:03:31] UPDATED sku=MIG2131 ean=8435568400795 woo_id=49286 stock=2 pvpr=80.27173
[2026-04-08 07:03:31] UPDATED sku=FA120E ean=8017709293185 woo_id=36198 stock=0 pvpr=343.26974
[2026-04-08 07:03:31] UPDATED sku=FS18EV3HX ean=8017709296056 woo_id=36418 stock=0 pvpr=888.95344
[2026-04-08 07:03:31] UPDATED sku=FD70EN4HX ean=8017709295967 woo_id=38531 stock=1 pvpr=1029.77504
[2026-04-08 07:03:31] UPDATED sku=FF18EN3HX ean=8017709296032 woo_id=36508 stock=2 pvpr=976.96694
[2026-04-08 07:03:31] UPDATED sku=EDW6130 X ean=8422248096744 woo_id=39225 stock=0 pvpr=334.67347
[2026-04-08 07:03:31] UPDATED sku=KIT500 ean=8437015023540 woo_id=41120 stock=5 pvpr=14.37269
[2026-04-08 07:03:31] UPDATED sku=SF6300TVX ean=8017709293680 woo_id=46920 stock=6 pvpr=492.89269
[2026-04-08 07:03:31] UPDATED sku=BBIE12100XD ean=8690842429286 woo_id=47942 stock=21 pvpr=242.55837
[2026-04-08 07:03:31] UPDATED sku=UNIVESE80TX2C1E ean=8434778015133 woo_id=37323 stock=0 pvpr=189.66482
[2026-04-08 07:03:31] UPDATED sku=UNIVERSE60TXP ean=8434778015119 woo_id=37373 stock=0 pvpr=159.91113
[2026-04-08 07:03:31] UPDATED sku=UNIVERSE80TXP2C ean=8434778015188 woo_id=37327 stock=0 pvpr=141.31721
[2026-04-08 07:03:31] UPDATED sku=115050002 ean=8434778015621 woo_id=37355 stock=0 pvpr=126.466
[2026-04-08 07:03:31] UPDATED sku=50TXP1C1EMAXI ean=8434778015027 woo_id=37362 stock=0 pvpr=141.31721
[2026-04-08 07:03:31] UPDATED sku=50TXP1C1EPLIUS ean=8434778015065 woo_id=37358 stock=0 pvpr=159.91113
[2026-04-08 07:03:31] UPDATED sku=45 T-XP 1C 1E R ean=8434778014952 woo_id=37319 stock=0 pvpr=133.88306
[2026-04-08 07:03:31] UPDATED sku=45 E-XP 1C 1E R ean=8434778015775 woo_id=37287 stock=0 pvpr=119.01476
[2026-04-08 07:03:31] UPDATED sku=50EXP1C ean=8434778015850 woo_id=37370 stock=0 pvpr=104.12937
[2026-04-08 07:03:31] UPDATED sku=JZC63312ABNB ean=8434778011234 woo_id=48374 stock=1 pvpr=643.38723
[2026-04-08 07:03:31] UPDATED sku=MI2121 ean=8435568402065 woo_id=48943 stock=0 pvpr=74.73457
[2026-04-08 07:03:31] UPDATED sku=LCI6031WH ean=8422248072557 woo_id=48177 stock=2 pvpr=254.52137
[2026-04-08 07:03:36] UPDATED sku=VI59082A ean=8422248098915 woo_id=43172 stock=0 pvpr=780.03887
[2026-04-08 07:03:36] UPDATED sku=DFS26650SSIN ean=8434778013863 woo_id=39287 stock=0 pvpr=352.51543
[2026-04-08 07:03:36] UPDATED sku=DFS26650BLAN ean=8434778013856 woo_id=39282 stock=11 pvpr=322.67629
[2026-04-08 07:03:36] UPDATED sku=DFS24650INOX ean=8434778013993 woo_id=39516 stock=0 pvpr=348.00367
[2026-04-08 07:03:36] UPDATED sku=DFS24650BLANC ean=8434778013986 woo_id=39526 stock=0 pvpr=393.71942
[2026-04-08 07:03:36] UPDATED sku=FRIG.FAB28RBL5 ean=8017709299071 woo_id=36167 stock=0 pvpr=1551.46438
[2026-04-08 07:03:36] UPDATED sku=HLB8510PB ean=8434778017489 woo_id=47305 stock=0 pvpr=659.91326
[2026-04-08 07:03:36] UPDATED sku=RS155040DORADO ean=8434778004700 woo_id=37315 stock=0 pvpr=586.92187
[2026-04-08 07:03:36] UPDATED sku=RS155040TITANIU ean=8434778004717 woo_id=37339 stock=0 pvpr=586.92187
[2026-04-08 07:03:36] UPDATED sku=ICC915DORADO ean=8434778003000 woo_id=37596 stock=0 pvpr=254.67518
[2026-04-08 07:03:36] UPDATED sku=ICC915TITANIUM ean=8434778002980 woo_id=37592 stock=0 pvpr=254.67518
[2026-04-08 07:03:36] UPDATED sku=G914BLNAT ean=5604409145611 woo_id=46766 stock=0 pvpr=1405.75504
[2026-04-08 07:03:36] UPDATED sku=VI54024X ean=8422248101837 woo_id=43198 stock=0 pvpr=571.50669
[2026-04-08 07:03:36] UPDATED sku=VI15107X ean=8422248101790 woo_id=43190 stock=1 pvpr=364.78605
[2026-04-08 07:03:36] UPDATED sku=VI30117X ean=8422248101806 woo_id=43193 stock=0 pvpr=467.36023
[2026-04-08 07:03:36] UPDATED sku=V6000X/A ean=8422248106351 woo_id=45314 stock=0 pvpr=125.50896
[2026-04-08 07:03:36] UPDATED sku=FAB32RPB5       ean=8017709298166 woo_id=38082 stock=0 pvpr=2216.84644
[2026-04-08 07:03:36] UPDATED sku=PGF644 ean=8017709153588 woo_id=48016 stock=0 pvpr=875.77705
[2026-04-08 07:03:36] UPDATED sku=SCI3002BK ean=8422248093743 woo_id=48406 stock=0 pvpr=127.61103
[2026-04-08 07:03:36] UPDATED sku=EDW6120 WH ean=8422248096768 woo_id=39253 stock=30 pvpr=334.67347
[2026-04-08 07:03:36] UPDATED sku=DVN77050TTCWH ean=8434778017601 woo_id=45522 stock=0 pvpr=364.58097
[2026-04-08 07:03:36] UPDATED sku=CD951R ean=8437015023229 woo_id=45058 stock=0 pvpr=290.64963
[2026-04-08 07:03:36] UPDATED sku=IZC32310 ean=8434778012064 woo_id=35956 stock=0 pvpr=267.35596
[2026-04-08 07:03:36] UPDATED sku=FAB32LRD5 ean=8017709298081 woo_id=37675 stock=0 pvpr=2216.84644
[2026-04-08 07:03:36] UPDATED sku=FAB30LPG5 ean=8017709297695 woo_id=38467 stock=0 pvpr=1995.05242
[2026-04-08 07:03:36] UPDATED sku=112510023 ean=8434778012026 woo_id=48612 stock=0 pvpr=319.53173
[2026-04-08 07:03:36] UPDATED sku=TOPFOT995CRNG ean=8434778002102 woo_id=37579 stock=0 pvpr=138.73662
[2026-04-08 07:03:36] UPDATED sku=EN7F4722AN ean=7332543822027 woo_id=38995 stock=0 pvpr=712.92644
[2026-04-08 07:03:36] UPDATED sku=EX7015GAIALDRCI ean=8434778019537 woo_id=48239 stock=2 pvpr=339.09978
[2026-04-08 07:03:36] UPDATED sku=EX6014GAIALCIBT ean=8434778019513 woo_id=48232 stock=0 pvpr=256.5209
[2026-04-08 07:03:36] UPDATED sku=L7WBG851 ean=7332543808434 woo_id=39046 stock=0 pvpr=851.7656
[2026-04-08 07:03:36] UPDATED sku=L6FBI947P ean=7332543803330 woo_id=38774 stock=25 pvpr=498.70329
[2026-04-08 07:03:36] UPDATED sku=R1RTK ean=8434778014587 woo_id=43056 stock=0 pvpr=122.27895
[2026-04-08 07:03:36] UPDATED sku=EOE8411PX ean=8422248100304 woo_id=47944 stock=0 pvpr=340.27899
[2026-04-08 07:03:36] UPDATED sku=IZC53320MSPBK ean=8434778012101 woo_id=48588 stock=4 pvpr=552.12663
[2026-04-08 07:03:36] UPDATED sku=FLT6 ean=8017709176310 woo_id=43675 stock=0 pvpr=58.106
[2026-04-08 07:03:36] UPDATED sku=GBC64003KBABK ean=8434778019483 woo_id=48220 stock=8 pvpr=217.36771
[2026-04-08 07:03:36] UPDATED sku=EFX3012GAIALCIB ean=8434778019575 woo_id=48408 stock=4 pvpr=129.33712
[2026-04-08 07:03:36] UPDATED sku=IZC83620MSTBK ean=8434778017335 woo_id=48604 stock=0 pvpr=695.58009
[2026-04-08 07:03:36] UPDATED sku=IZF32400MSPBK ean=8434778012002 woo_id=35968 stock=3 pvpr=280.42981
[2026-04-08 07:03:36] UPDATED sku=SI964NM ean=8017709275815 woo_id=35982 stock=0 pvpr=1009.18159
[2026-04-08 07:03:36] UPDATED sku=FAB30RRD5 ean=8017709297824 woo_id=38427 stock=0 pvpr=2105.94943
[2026-04-08 07:03:36] UPDATED sku=FSELITE ean=8434778017212 woo_id=40427 stock=0 pvpr=120.84339
[2026-04-08 07:03:36] UPDATED sku=SR775AO ean=8017709140854 woo_id=48061 stock=0 pvpr=894.93494
[2026-04-08 07:03:36] UPDATED sku=FAB32RRD5 ean=8017709298197 woo_id=38155 stock=0 pvpr=2216.84644
[2026-04-08 07:03:36] UPDATED sku=DVN9750TTCBK ean=8434778011715 woo_id=45502 stock=0 pvpr=253.71814
[2026-04-08 07:03:36] UPDATED sku=112610042 ean=8434778019520 woo_id=48246 stock=0 pvpr=286.92401
[2026-04-08 07:03:36] UPDATED sku=IZS34700MST ean=8434778011982 woo_id=35964 stock=0 pvpr=309.75625
[2026-04-08 07:03:36] UPDATED sku=TBC63632TTC B ean=8434778022988 woo_id=48694 stock=0 pvpr=378.21879
[2026-04-08 07:03:36] UPDATED sku=FAB30RWH5 ean=8017709297848 woo_id=38437 stock=0 pvpr=1995.05242
[2026-04-08 07:03:36] UPDATED sku=GZC75330XBA ean=8434778019377 woo_id=48228 stock=0 pvpr=499.95086
[2026-04-08 07:03:36] UPDATED sku=DVN77050TTC ean=8434778011708 woo_id=45534 stock=1 pvpr=236.23507
[2026-04-08 07:03:36] UPDATED sku=HLB8700P ean=8434778017496 woo_id=47384 stock=0 pvpr=821.25995
[2026-04-08 07:03:36] UPDATED sku=ML82G1BISL ean=8434778022445 woo_id=49016 stock=0 pvpr=635.0644
[2026-04-08 07:03:36] UPDATED sku=IZF99770MSTB ean=8434778017649 woo_id=48592 stock=0 pvpr=1163.9999
[2026-04-08 07:03:36] UPDATED sku=IZF88770MSTBK ean=8434778017632 woo_id=48580 stock=0 pvpr=1049.42854
[2026-04-08 07:03:36] UPDATED sku=IBF64G1MSPBK ean=8434778022827 woo_id=48576 stock=0 pvpr=633.62884
[2026-04-08 07:03:36] UPDATED sku=GBC64G1BM ean=8434778022599 woo_id=48270 stock=0 pvpr=557.92014
[2026-04-08 07:03:36] UPDATED sku=DLV99677TOS ean=8434778017656 woo_id=45368 stock=0 pvpr=833.24004
[2026-04-08 07:03:36] UPDATED sku=DVI88G1EOSBM ean=8434778022018 woo_id=45552 stock=0 pvpr=626.92956
[2026-04-08 07:03:36] UPDATED sku=TD6003BKA ean=8422248109499 woo_id=36111 stock=0 pvpr=165.03813
[2026-04-08 07:03:36] UPDATED sku=TN604B ean=8422248109321 woo_id=36030 stock=8 pvpr=175.42885
[2026-04-08 07:03:36] UPDATED sku=WUU28T63ES ean=4242005348947 woo_id=38878 stock=86 pvpr=538.77934
[2026-04-08 07:03:36] UPDATED sku=OMEGAII600BK ean=8422248109833 woo_id=45085 stock=0 pvpr=162.06447
[2026-04-08 07:03:36] UPDATED sku=EFS1823NFEX ean=8422248108720 woo_id=36446 stock=10 pvpr=598.67979
[2026-04-08 07:03:36] UPDATED sku=EXS1812NFEX ean=8422248108713 woo_id=38259 stock=3 pvpr=634.00482
[2026-04-08 07:03:36] UPDATED sku=SI964XM ean=8017709275839 woo_id=48067 stock=0 pvpr=1009.18159
[2026-04-08 07:03:36] UPDATED sku=SFNsfe-5227-20 ean=4016803056133 woo_id=38267 stock=0 pvpr=1799.577
[2026-04-08 07:03:36] UPDATED sku=IZS97630MST ean=8434778012057 woo_id=48620 stock=0 pvpr=794.49701
[2026-04-08 07:03:36] UPDATED sku=CD651R ean=8437015023212 woo_id=45062 stock=0 pvpr=209.07906
[2026-04-08 07:03:36] UPDATED sku=TD3002BKB ean=8422248109444 woo_id=36032 stock=11 pvpr=142.0179
[2026-04-08 07:03:36] UPDATED sku=NP96SLAAES ean=8017709323097 woo_id=38894 stock=3 pvpr=624.91294
[2026-04-08 07:03:36] UPDATED sku=SI2631D ean=8017709315108 woo_id=48435 stock=0 pvpr=473.52972
[2026-04-08 07:03:36] UPDATED sku=SF64M3TB ean=8017709324896 woo_id=47148 stock=0 pvpr=526.33782
[2026-04-08 07:03:36] UPDATED sku=SE263TD1 ean=8017709312046 woo_id=35976 stock=0 pvpr=237.65354
[2026-04-08 07:03:36] UPDATED sku=GZC64320XBA ean=8434778019407 woo_id=48224 stock=1 pvpr=382.55965
[2026-04-08 07:03:36] UPDATED sku=AS750BETECH ean=8422248109406 woo_id=48528 stock=0 pvpr=973.30968
[2026-04-08 07:03:36] UPDATED sku=CORONAX80B ean=8422248110532 woo_id=46073 stock=0 pvpr=426.94238
[2026-04-08 07:03:36] UPDATED sku=GZC32300XBA ean=8434778019452 woo_id=48415 stock=0 pvpr=195.8514
[2026-04-08 07:03:36] UPDATED sku=OMEGAII600X ean=8422248109826 woo_id=45294 stock=7 pvpr=172.50646
[2026-04-08 07:03:36] UPDATED sku=MIG2530 ean=8435568403109 woo_id=48896 stock=0 pvpr=127.26923
[2026-04-08 07:03:36] UPDATED sku=112620032 ean=8434778025729 woo_id=48248 stock=7 pvpr=130.65305
[2026-04-08 07:03:36] UPDATED sku=HLX540BINXO ean=8434778022865 woo_id=48252 stock=3 pvpr=143.48764
[2026-04-08 07:03:36] UPDATED sku=HLX540NAT ean=8434778025637 woo_id=48256 stock=0 pvpr=143.48764
[2026-04-08 07:03:36] UPDATED sku=CORONAX90B ean=8422248110549 woo_id=46069 stock=6 pvpr=426.94238
[2026-04-08 07:03:36] UPDATED sku=S12M7643D ean=8017709257910 woo_id=48499 stock=0 pvpr=778.1077
[2026-04-08 07:03:36] UPDATED sku=MIG2321 ean=8435568403093 woo_id=48899 stock=0 pvpr=120.46741
[2026-04-08 07:03:36] UPDATED sku=TCC64000PLV ean=8434778023640 woo_id=36058 stock=0 pvpr=347.7815
[2026-04-08 07:03:36] UPDATED sku=EIV95550 ean=7332543814763 woo_id=48727 stock=0 pvpr=1188.91712
[2026-04-08 07:03:36] UPDATED sku=IBC32000TTC ean=8434778017274 woo_id=35960 stock=0 pvpr=220.42682
[2026-04-08 07:03:36] UPDATED sku=STONE90BTG2CVAU ean=8434778005233 woo_id=37347 stock=0 pvpr=355.71126
[2026-04-08 07:03:36] UPDATED sku=FQ60BDF ean=8017709293338 woo_id=38271 stock=0 pvpr=2639.99484
[2026-04-08 07:03:36] UPDATED sku=IZF68780MSTBK ean=8434778014709 woo_id=48632 stock=0 pvpr=883.15993
[2026-04-08 07:03:36] UPDATED sku=MIG2320 ean=8435568403086 woo_id=49262 stock=0 pvpr=118.80968
[2026-04-08 07:03:36] UPDATED sku=FAB32RBL5 ean=8017709298128 woo_id=37663 stock=0 pvpr=2216.84644
[2026-04-08 07:03:36] UPDATED sku=CETI10N ean=8430709516755 woo_id=50554 stock=6 pvpr=425.16502
[2026-04-08 07:03:36] UPDATED sku=CETI10b ean=8430709516748 woo_id=50556 stock=6 pvpr=425.16502
[2026-04-08 07:03:36] UPDATED sku=CAMI11LBUT ean=6938771341944 woo_id=50565 stock=0 pvpr=257.11905
[2026-04-08 07:03:36] UPDATED sku=IKC63320MSP ean=8434778026351 woo_id=48680 stock=0 pvpr=617.30789
[2026-04-08 07:03:36] UPDATED sku=TTC64010CRDBK ean=8434778024531 woo_id=36054 stock=1 pvpr=313.00335
[2026-04-08 07:03:41] UPDATED sku=GI3002X/A ean=8422248108829 woo_id=48192 stock=0 pvpr=99.20745
[2026-04-08 07:03:41] UPDATED sku=CORONAX70/B ean=8422248110525 woo_id=45076 stock=4 pvpr=426.94238
[2026-04-08 07:03:41] UPDATED sku=DSH986INOX ean=8434778025699 woo_id=45547 stock=1 pvpr=322.55666
[2026-04-08 07:03:41] UPDATED sku=DSH786INOX ean=8434778025682 woo_id=45704 stock=1 pvpr=312.47356
[2026-04-08 07:03:41] UPDATED sku=DSH686INOX ean=8434778025675 woo_id=45708 stock=0 pvpr=304.15073
[2026-04-08 07:03:41] UPDATED sku=KC19AOE ean=8017709211745 woo_id=44845 stock=0 pvpr=1260.02861
[2026-04-08 07:03:41] UPDATED sku=TT5003/A ean=8422248109512 woo_id=36009 stock=0 pvpr=232.21892
[2026-04-08 07:03:41] UPDATED sku=GZC31330XBA ean=8434778019469 woo_id=48410 stock=0 pvpr=221.72566
[2026-04-08 07:03:41] UPDATED sku=SPLUS6010X ean=8422248093453 woo_id=45699 stock=11 pvpr=240.57593
[2026-04-08 07:03:41] UPDATED sku=CORONA60/B ean=8422248110518 woo_id=46029 stock=8 pvpr=387.58411
[2026-04-08 07:03:41] UPDATED sku=GTPLUS45WH/M ean=8422248190398 woo_id=46174 stock=9 pvpr=152.45989
[2026-04-08 07:03:41] UPDATED sku=SPLUS7010X ean=8422248093446 woo_id=45264 stock=11 pvpr=265.45897
[2026-04-08 07:03:41] UPDATED sku=FFB74907ZM ean=7333394125503 woo_id=39142 stock=38 pvpr=562.27809
[2026-04-08 07:03:41] UPDATED sku=VI302/D ean=8422248109437 woo_id=36137 stock=0 pvpr=215.45363
[2026-04-08 07:03:41] UPDATED sku=113320003 ean=8434778026153 woo_id=36438 stock=0 pvpr=238.35423
[2026-04-08 07:03:41] UPDATED sku=IZC93320MST ean=8434778012071 woo_id=48600 stock=0 pvpr=799.91454
[2026-04-08 07:03:41] UPDATED sku=TT6003 ean=8422248109475 woo_id=36018 stock=0 pvpr=173.75403
[2026-04-08 07:03:41] UPDATED sku=OMEGA900BKM ean=8422248190633 woo_id=44692 stock=0 pvpr=238.11497
[2026-04-08 07:03:41] UPDATED sku=GTPLUS45XM ean=8422248190374 woo_id=46118 stock=11 pvpr=154.97212
[2026-04-08 07:03:41] UPDATED sku= ean=8422248112765 woo_id=48003 stock=0 pvpr=91.70494
[2026-04-08 07:03:41] UPDATED sku=OMEGA 900X/M ean=8422248190596 woo_id=45305 stock=2 pvpr=241.27662
[2026-04-08 07:03:41] UPDATED sku=GL75XD ean=8422248190411 woo_id=46009 stock=6 pvpr=267.66358
[2026-04-08 07:03:41] UPDATED sku=LFA5I82WRE ean=7333394012261 woo_id=38782 stock=10 pvpr=506.05199
[2026-04-08 07:03:41] UPDATED sku=EXTENDER600 ean=8422248110334 woo_id=45767 stock=1 pvpr=139.31768
[2026-04-08 07:03:41] UPDATED sku=EXTENDER700 ean=8422248110327 woo_id=45770 stock=1 pvpr=157.31345
[2026-04-08 07:03:41] UPDATED sku=EXTENDER900 ean=8422248110310 woo_id=45808 stock=15 pvpr=189.64773
[2026-04-08 07:03:41] UPDATED sku=CORONAX120B ean=8422248110556 woo_id=46066 stock=2 pvpr=549.9562
[2026-04-08 07:03:41] UPDATED sku=EWF6000WH ean=8422248344449 woo_id=38888 stock=58 pvpr=297.366
[2026-04-08 07:03:41] UPDATED sku=TFH6830XA ean=8422248112741 woo_id=45782 stock=0 pvpr=284.3776
[2026-04-08 07:03:41] UPDATED sku=02132305 ean=8422248073035 woo_id=45236 stock=0 pvpr=554.84394
[2026-04-08 07:03:41] UPDATED sku=DHT97670 ean=8434778019322 woo_id=44715 stock=0 pvpr=1241.50305
[2026-04-08 07:03:41] UPDATED sku=FFB62427ZW ean=7332543989805 woo_id=39485 stock=0 pvpr=584.54636
[2026-04-08 07:03:41] UPDATED sku=TCC64310TTCBK ean=8434778026368 woo_id=36052 stock=1 pvpr=373.89502
[2026-04-08 07:03:41] UPDATED sku=ESS47400SX ean=7333394008622 woo_id=39153 stock=8 pvpr=594.80036
[2026-04-08 07:03:41] UPDATED sku=MF100T70B/W-ES ean=6945878341036 woo_id=38721 stock=47 pvpr=414.96229
[2026-04-08 07:03:41] UPDATED sku=MF100T60B/W-ES ean=6945878341043 woo_id=38742 stock=38 pvpr=395.88985
[2026-04-08 07:03:41] UPDATED sku=MF100T80B/W-ES ean=6945878341029 woo_id=38739 stock=22 pvpr=446.35662
[2026-04-08 07:03:41] UPDATED sku=E60.340BUT ean=8434778025248 woo_id=48304 stock=1 pvpr=173.90784
[2026-04-08 07:03:41] UPDATED sku=KDI641723K ean=7332543849383 woo_id=35887 stock=0 pvpr=564.72196
[2026-04-08 07:03:41] UPDATED sku=CHORUSBK ean=8422248055529 woo_id=45323 stock=0 pvpr=735.80995
[2026-04-08 07:03:41] UPDATED sku=CNsdd5223 ean=4016803071815 woo_id=38139 stock=0 pvpr=1142.58613
[2026-04-08 07:03:41] UPDATED sku=PIC2000 ean=8435568402331 woo_id=40408 stock=7 pvpr=67.77894
[2026-04-08 07:03:41] UPDATED sku=KGE6633NOK ean=7332543796595 woo_id=48330 stock=0 pvpr=296.46023
[2026-04-08 07:03:41] UPDATED sku=E60340NAT ean=8434778022728 woo_id=48315 stock=8 pvpr=173.90784
[2026-04-08 07:03:41] UPDATED sku=CORONABK60 ean=8422248198257 woo_id=46078 stock=0 pvpr=387.58411
[2026-04-08 07:03:41] UPDATED sku=EOD6P77X ean=7332543842582 woo_id=47621 stock=0 pvpr=644.05374
[2026-04-08 07:03:41] UPDATED sku=EN7W3866OF ean=7333394011844 woo_id=39066 stock=0 pvpr=1040.67846
[2026-04-08 07:03:41] UPDATED sku=MES8007X ean=8422248347716 woo_id=47551 stock=10 pvpr=300.64728
[2026-04-08 07:03:41] UPDATED sku=MDS8007X ean=8422248347686 woo_id=47549 stock=0 pvpr=282.34389
[2026-04-08 07:03:41] UPDATED sku=DS48160BIN ean=8436044534836 woo_id=44764 stock=0 pvpr=184.16184
[2026-04-08 07:03:41] UPDATED sku=ESA47301SW ean=7333394011592 woo_id=39231 stock=0 pvpr=528.02973
[2026-04-08 07:03:41] UPDATED sku=MIG2046 ean=8435568403741 woo_id=49232 stock=0 pvpr=118.02354
[2026-04-08 07:03:41] UPDATED sku=MERF396FGE02 ean=4048164107766 woo_id=38389 stock=0 pvpr=967.00347
[2026-04-08 07:03:41] UPDATED sku=SYGMA7010X ean=8422248110068 woo_id=45689 stock=0 pvpr=317.56638
[2026-04-08 07:03:41] UPDATED sku=B1RMLNE444W ean=8690842603105 woo_id=36455 stock=16 pvpr=560.24438
[2026-04-08 07:03:41] UPDATED sku=604HVIC ean=8422248109505 woo_id=48505 stock=4 pvpr=271.62846
[2026-04-08 07:03:41] UPDATED sku=MI2120 ean=8435568405691 woo_id=49230 stock=0 pvpr=74.56367
[2026-04-08 07:03:41] UPDATED sku=HO975 ean=8435568405585 woo_id=47167 stock=27 pvpr=44.82707
[2026-04-08 07:03:41] UPDATED sku=HO985 ean=8435568405592 woo_id=47861 stock=18 pvpr=44.82707
[2026-04-08 07:03:41] UPDATED sku=MI2122 ean=8435568405677 woo_id=49284 stock=3 pvpr=67.62513
[2026-04-08 07:03:41] UPDATED sku=TFH-6430 GBKB ean=8422248343602 woo_id=45799 stock=0 pvpr=181.23945
[2026-04-08 07:03:41] UPDATED sku=EOH3H00BX ean=7332543819898 woo_id=47645 stock=33 pvpr=281.14759
[2026-04-08 07:03:41] UPDATED sku=KMSE173MMX ean=7333394048413 woo_id=49170 stock=6 pvpr=247.15558
[2026-04-08 07:03:41] UPDATED sku=EEA71210L ean=7332543739240 woo_id=39458 stock=14 pvpr=510.34158
[2026-04-08 07:03:41] UPDATED sku=RC18WDNE ean=8017709343378 woo_id=38044 stock=9 pvpr=660.11834
[2026-04-08 07:03:41] UPDATED sku=RC20WDNE ean=8017709343408 woo_id=38086 stock=1 pvpr=695.32374
[2026-04-08 07:03:41] UPDATED sku=RC18XDNE ean=8017709343224 woo_id=37724 stock=9 pvpr=695.32374
[2026-04-08 07:03:41] UPDATED sku=RC20XNE ean=8017709343255 woo_id=37738 stock=1 pvpr=712.92644
[2026-04-08 07:03:41] UPDATED sku=RC20XDNE ean=8017709343262 woo_id=37726 stock=7 pvpr=730.52914
[2026-04-08 07:03:41] UPDATED sku=RC20KDND ean=8017709344757 woo_id=38127 stock=0 pvpr=862.54939
[2026-04-08 07:03:41] UPDATED sku=RC21KDNMC ean=8017709344740 woo_id=37773 stock=1 pvpr=1038.57639
[2026-04-08 07:03:41] UPDATED sku=FD32E ean=8017709337551 woo_id=37746 stock=0 pvpr=519.29674
[2026-04-08 07:03:41] UPDATED sku=FS08EW ean=8017709337780 woo_id=36200 stock=0 pvpr=264.05759
[2026-04-08 07:03:41] UPDATED sku=FF08EW ean=8017709337773 woo_id=38207 stock=0 pvpr=264.05759
[2026-04-08 07:03:41] UPDATED sku=ENG7TE75S ean=7333394026749 woo_id=38024 stock=0 pvpr=1536.49354
[2026-04-08 07:03:41] UPDATED sku=LNS5LE18S ean=7332543973743 woo_id=37896 stock=0 pvpr=810.64706
[2026-04-08 07:03:41] UPDATED sku=ORC6N361ES ean=7333394033471 woo_id=37919 stock=4 pvpr=903.25777
[2026-04-08 07:03:41] UPDATED sku=ORC6N361EW ean=7333394033457 woo_id=37946 stock=0 pvpr=863.84823
[2026-04-08 07:03:41] UPDATED sku=DS56190B ean=8436044534966 woo_id=44772 stock=0 pvpr=304.23618
[2026-04-08 07:03:41] UPDATED sku=LNT6ME32U2 ean=7332543996377 woo_id=37996 stock=6 pvpr=805.57133
[2026-04-08 07:03:41] UPDATED sku=PX164L ean=8017709247416 woo_id=48049 stock=0 pvpr=620.16192
[2026-04-08 07:03:41] UPDATED sku=MI2030 ean=8435568405844 woo_id=49265 stock=0 pvpr=92.71325
[2026-04-08 07:03:41] UPDATED sku=FMI017X ean=8017709229450 woo_id=48928 stock=0 pvpr=386.84924
[2026-04-08 07:03:41] UPDATED sku=CLC8350MC ean=8434778019704 woo_id=49395 stock=0 pvpr=1027.98059
[2026-04-08 07:03:41] UPDATED sku=MF100W80B/1/W-E ean=6945878346307 woo_id=38958 stock=16 pvpr=351.83183
[2026-04-08 07:03:41] UPDATED sku=FSE76727P ean=7333394026350 woo_id=39408 stock=0 pvpr=812.09971
[2026-04-08 07:03:41] UPDATED sku=LVS345CQSX ean=8017709334123 woo_id=39340 stock=0 pvpr=809.74129
[2026-04-08 07:03:41] UPDATED sku=LVS342CQSX ean=8017709334116 woo_id=39118 stock=3 pvpr=642.51564
[2026-04-08 07:03:41] UPDATED sku=LVS262DSX ean=8017709334109 woo_id=39110 stock=2 pvpr=660.11834
[2026-04-08 07:03:41] UPDATED sku=LVS262EB ean=8017709334093 woo_id=39531 stock=2 pvpr=589.70754
[2026-04-08 07:03:41] UPDATED sku=ESA47301SX ean=7333394011585 woo_id=39221 stock=0 pvpr=522.4413
[2026-04-08 07:03:41] UPDATED sku=HLB84G1BM ean=8434778030143 woo_id=47334 stock=0 pvpr=581.48725
[2026-04-08 07:03:41] UPDATED sku=LSV48400L ean=7332543983681 woo_id=39391 stock=0 pvpr=632.36418
[2026-04-08 07:03:41] UPDATED sku=EN6T4722NF ean=7333394058603 woo_id=38708 stock=98 pvpr=506.05199
[2026-04-08 07:03:41] UPDATED sku=944066919 ean=7332543808786 woo_id=47657 stock=0 pvpr=970.74618
[2026-04-08 07:03:41] UPDATED sku=TR719G2PB ean=7333394061443 woo_id=43129 stock=0 pvpr=800.59814
[2026-04-08 07:03:41] UPDATED sku=TR818A2OB ean=7332543841950 woo_id=43160 stock=19 pvpr=669.91091
[2026-04-08 07:03:41] UPDATED sku=LTA7E7231E ean=7333394058566 woo_id=38726 stock=0 pvpr=693.10204
[2026-04-08 07:03:41] UPDATED sku=MI2580PR ean=8435568406537 woo_id=41090 stock=1 pvpr=191.08329
[2026-04-08 07:03:41] UPDATED sku=DVTPRO78780 ean=8434778022308 woo_id=45389 stock=0 pvpr=520.78357
[2026-04-08 07:03:45] UPDATED sku=THALASSA900GBK ean=8422248356220 woo_id=45187 stock=4 pvpr=396.19747
[2026-04-08 07:03:45] UPDATED sku=ML8220BISL ean=8434778030075 woo_id=49032 stock=0 pvpr=543.23983
[2026-04-08 07:03:45] UPDATED sku=HLB8400FULLBK ean=8434778030020 woo_id=47403 stock=0 pvpr=489.69686
[2026-04-08 07:03:45] UPDATED sku=DS76190N ean=8436044535642 woo_id=44834 stock=0 pvpr=362.63271
[2026-04-08 07:03:45] UPDATED sku=DVN67050TCCNEG ean=8434778011692 woo_id=45526 stock=14 pvpr=222.03328
[2026-04-08 07:03:45] UPDATED sku=FAB32RCR5 ean=8017709298135 woo_id=37654 stock=0 pvpr=2216.84644
[2026-04-08 07:03:45] UPDATED sku=THALASSA600GWHG ean=8422248356275 woo_id=45202 stock=0 pvpr=381.53425
[2026-04-08 07:03:45] UPDATED sku=MIG2047CE ean=8435568405851 woo_id=40977 stock=0 pvpr=113.95612
[2026-04-08 07:03:45] UPDATED sku=AMONIA80X/B ean=8422248356022 woo_id=46086 stock=1 pvpr=280.90833
[2026-04-08 07:03:45] UPDATED sku=TI63IQ10I ean=7333394049748 woo_id=48836 stock=0 pvpr=623.47738
[2026-04-08 07:03:45] UPDATED sku=IKC94628MST ean=8434778025897 woo_id=48675 stock=0 pvpr=1252.0134
[2026-04-08 07:03:45] UPDATED sku=EEA17200L ean=7332543761777 woo_id=39395 stock=0 pvpr=543.34237
[2026-04-08 07:03:45] UPDATED sku=02139407 ean=8422248356282 woo_id=45157 stock=7 pvpr=474.48676
[2026-04-08 07:03:45] UPDATED sku=IBS63032 ean=8422248351836 woo_id=48814 stock=0 pvpr=247.4632
[2026-04-08 07:03:45] UPDATED sku=SYGMA7010BK ean=8422248357272 woo_id=45239 stock=0 pvpr=309.80752
[2026-04-08 07:03:45] UPDATED sku=ARMONIA70BK/B ean=8422248356015 woo_id=46096 stock=0 pvpr=270.8765
[2026-04-08 07:03:45] UPDATED sku=CORONAWH60B ean=8422248355216 woo_id=46080 stock=0 pvpr=387.58411
[2026-04-08 07:03:45] UPDATED sku=MWEFS23 ean=8434778029284 woo_id=49296 stock=0 pvpr=214.32569
[2026-04-08 07:03:45] UPDATED sku=MWEFS25GBL ean=8434778029369 woo_id=49206 stock=0 pvpr=109.56399
[2026-04-08 07:03:45] UPDATED sku=MWEFS20GBL ean=8434778029338 woo_id=49218 stock=15 pvpr=88.26985
[2026-04-08 07:03:45] UPDATED sku=MSFS20GNG ean=8434778029307 woo_id=49224 stock=18 pvpr=82.16872
[2026-04-08 07:03:45] UPDATED sku=MWFS20GBL ean=8434778029314 woo_id=49006 stock=30 pvpr=99.77142
[2026-04-08 07:03:45] UPDATED sku=GFI97350EOSNEGR ean=8434778033175 woo_id=46131 stock=0 pvpr=338.65544
[2026-04-08 07:03:45] UPDATED sku=GFI97350EOSINOX ean=8434778033168 woo_id=45412 stock=0 pvpr=338.65544
[2026-04-08 07:03:45] UPDATED sku=GFI93030KOSINOX ean=8434778033113 woo_id=46136 stock=0 pvpr=242.59255
[2026-04-08 07:03:45] UPDATED sku=GFI67350EOSINOX ean=8434778033151 woo_id=45416 stock=0 pvpr=305.63756
[2026-04-08 07:03:45] UPDATED sku=GFI63030KOSNEGR ean=8434778033120 woo_id=45420 stock=0 pvpr=215.19728
[2026-04-08 07:03:45] UPDATED sku=GFI63030KOSINOX ean=8434778033106 woo_id=46140 stock=0 pvpr=215.19728
[2026-04-08 07:03:45] UPDATED sku=CNL6415PLUSG1 ean=8434778033076 woo_id=46148 stock=0 pvpr=260.14398
[2026-04-08 07:03:45] UPDATED sku=DFI46710 ean=8434778032321 woo_id=39445 stock=0 pvpr=382.62801
[2026-04-08 07:03:45] UPDATED sku=DFI46650 ean=8434778027730 woo_id=39351 stock=0 pvpr=444.61344
[2026-04-08 07:03:45] UPDATED sku=RTF3210 ean=8434778032796 woo_id=38567 stock=0 pvpr=343.509
[2026-04-08 07:03:45] UPDATED sku=RTF2510 ean=8434778032789 woo_id=38537 stock=27 pvpr=278.58409
[2026-04-08 07:03:45] UPDATED sku=VS1520GS ean=8434778008913 woo_id=39935 stock=0 pvpr=493.59338
[2026-04-08 07:03:45] UPDATED sku=111890002 ean=8434778008487 woo_id=47222 stock=0 pvpr=63.4039
[2026-04-08 07:03:45] UPDATED sku=TI63IQ30FZ ean=7333394049304 woo_id=48796 stock=0 pvpr=959.2617
[2026-04-08 07:03:45] UPDATED sku=OEF5H50V ean=7332543663156 woo_id=47611 stock=0 pvpr=435.2823
[2026-04-08 07:03:45] UPDATED sku=LIS62341 ean=7333394049588 woo_id=48762 stock=0 pvpr=447.65546
[2026-04-08 07:03:45] UPDATED sku=LFU226W ean=7332543614417 woo_id=44745 stock=0 pvpr=159.74023
[2026-04-08 07:03:45] UPDATED sku=EOF6P46VX0 ean=7332543830657 woo_id=47708 stock=0 pvpr=457.75565
[2026-04-08 07:03:45] UPDATED sku=LFP226S ean=7332543827985 woo_id=45870 stock=0 pvpr=178.60759
[2026-04-08 07:03:45] UPDATED sku=02078801 ean=8422248355667 woo_id=45216 stock=0 pvpr=314.55854
[2026-04-08 07:03:45] UPDATED sku=EWF7201WH ean=8422248359405 woo_id=38965 stock=21 pvpr=307.75672
[2026-04-08 07:03:45] UPDATED sku=GZC64300XBA ean=8434778019438 woo_id=48235 stock=0 pvpr=365.17912
[2026-04-08 07:03:45] UPDATED sku=RC20XDND ean=8017709343286 woo_id=38120 stock=0 pvpr=760.45373
[2026-04-08 07:03:45] UPDATED sku=RC18XDND ean=8017709343231 woo_id=38075 stock=0 pvpr=792.13859
[2026-04-08 07:03:45] UPDATED sku=IBF63210SSMBK ean=8434778033397 woo_id=48670 stock=21 pvpr=272.73931
[2026-04-08 07:03:45] UPDATED sku=IBC63BF110 ean=8434778033427 woo_id=48867 stock=0 pvpr=326.06011
[2026-04-08 07:03:45] UPDATED sku=ESB2AE82S ean=7333394028378 woo_id=36352 stock=0 pvpr=613.78735
[2026-04-08 07:03:45] UPDATED sku=EOF3H40BX ean=7332543819867 woo_id=47885 stock=0 pvpr=325.66704
[2026-04-08 07:03:45] UPDATED sku=LB2T92ASES ean=8017709349738 woo_id=38897 stock=5 pvpr=457.68729
[2026-04-08 07:03:45] UPDATED sku=LB2T82ASES ean=8017709349721 woo_id=38923 stock=9 pvpr=422.48189
[2026-04-08 07:03:45] UPDATED sku=DT282ES ean=8017709352158 woo_id=42996 stock=3 pvpr=542.48787
[2026-04-08 07:03:45] UPDATED sku=C6IMXT2 ean=8017709329013 woo_id=46354 stock=0 pvpr=1710.94826
[2026-04-08 07:03:45] UPDATED sku=EDI618A5BO ean=7333394055091 woo_id=43443 stock=0 pvpr=602.43959
[2026-04-08 07:03:45] UPDATED sku=IBC63110SSMBK ean=8434778033380 woo_id=48641 stock=20 pvpr=247.805
[2026-04-08 07:03:45] UPDATED sku=EGG62310L ean=7332543738410 woo_id=39471 stock=4 pvpr=562.27809
[2026-04-08 07:03:45] UPDATED sku=COH3H54TX ean=7332543982547 woo_id=47637 stock=0 pvpr=415.44081
[2026-04-08 07:03:45] UPDATED sku=TR4110IX2 ean=8017709312473 woo_id=46383 stock=0 pvpr=5860.93005
[2026-04-08 07:03:45] UPDATED sku=SMS46KI01E ean=4242002993300 woo_id=39200 stock=0 pvpr=662.93819
[2026-04-08 07:03:45] UPDATED sku=SMS46KW02E ean=4242005512249 woo_id=39238 stock=0 pvpr=582.46138
[2026-04-08 07:03:45] UPDATED sku=LFR7314O4C ean=7333394056159 woo_id=38785 stock=0 pvpr=812.09971
[2026-04-08 07:03:45] UPDATED sku=EFI6114O2B ean=7333394041759 woo_id=38823 stock=0 pvpr=624.21225
[2026-04-08 07:03:45] UPDATED sku=EFI6194O1B ean=7333394041773 woo_id=38829 stock=0 pvpr=604.38785
[2026-04-08 07:03:45] UPDATED sku=EWI7216O2B ean=7333394055381 woo_id=39028 stock=0 pvpr=811.27939
[2026-04-08 07:03:45] UPDATED sku=EDI618Y5BO ean=7333394054889 woo_id=43155 stock=0 pvpr=693.10204
[2026-04-08 07:03:45] UPDATED sku=SRV531GH5 ean=8017709111076 woo_id=48400 stock=0 pvpr=390.57486
[2026-04-08 07:03:45] UPDATED sku=IB6303E2BK ean=8422248355919 woo_id=48549 stock=64 pvpr=198.80797
[2026-04-08 07:03:45] UPDATED sku=HOT398 ean=8435568407374 woo_id=47875 stock=0 pvpr=114.77644
[2026-04-08 07:03:45] UPDATED sku=TK6DS181ES ean=7333394034966 woo_id=36369 stock=0 pvpr=1044.81424
[2026-04-08 07:03:45] UPDATED sku=TB7NA181ES ean=7333394034911 woo_id=36502 stock=0 pvpr=1143.93624
[2026-04-08 07:03:45] UPDATED sku=BM3T37230W ean=8690842719035 woo_id=43490 stock=0 pvpr=463.03646
[2026-04-08 07:03:45] UPDATED sku=ICC915CROMO ean=8434778002973 woo_id=37585 stock=1 pvpr=284.56559
[2026-04-08 07:03:45] UPDATED sku=TR64IT00FB ean=7333394064109 woo_id=35904 stock=0 pvpr=1323.91103
[2026-04-08 07:03:45] UPDATED sku=TI63IF0BFB ean=7333394069968 woo_id=35945 stock=2 pvpr=553.28875
[2026-04-08 07:03:45] UPDATED sku=TI63IQ3BFB ean=7333394069951 woo_id=35949 stock=0 pvpr=559.23607
[2026-04-08 07:03:45] UPDATED sku=TI63IQ10IB ean=7333394069784 woo_id=35891 stock=12 pvpr=478.74217
[2026-04-08 07:03:45] UPDATED sku=TP9SB831AB ean=7333394110721 woo_id=47661 stock=0 pvpr=1919.56589
[2026-04-08 07:03:45] UPDATED sku=TR7PB73FSB ean=7333394052793 woo_id=47950 stock=0 pvpr=1066.79198
[2026-04-08 07:03:45] UPDATED sku=OR6PB51WSB ean=7333394107875 woo_id=47745 stock=0 pvpr=715.78047
[2026-04-08 07:03:45] UPDATED sku=TE7PB63ZAB ean=7333394056197 woo_id=47768 stock=0 pvpr=543.15438
[2026-04-08 07:03:45] UPDATED sku=OS6PB511AB ean=7333394111292 woo_id=47910 stock=0 pvpr=593.72369
[2026-04-08 07:03:45] UPDATED sku=OU5PB41WSB ean=7333394108971 woo_id=47778 stock=0 pvpr=534.35303
[2026-04-08 07:03:45] UPDATED sku=OAG7M281EW ean=7333394036045 woo_id=36496 stock=0 pvpr=1002.08924
[2026-04-08 07:03:45] UPDATED sku=INSB6003E2BK ean=8422248355735 woo_id=48523 stock=0 pvpr=315.75484
[2026-04-08 07:03:45] UPDATED sku=HLB84VGOGHP ean=8434778034370 woo_id=47347 stock=0 pvpr=657.53775
[2026-04-08 07:03:45] UPDATED sku=HSB6250PFULLBLA ean=8434778035537 woo_id=47731 stock=0 pvpr=432.61626
[2026-04-08 07:03:45] UPDATED sku=HSB6250PBLANCO ean=8434778035520 woo_id=47595 stock=5 pvpr=467.03552
[2026-04-08 07:03:45] UPDATED sku=HSB6466PINOX ean=8434778034219 woo_id=47902 stock=0 pvpr=471.20548
[2026-04-08 07:03:45] UPDATED sku=HSB6360PINOX ean=8434778034196 woo_id=47583 stock=0 pvpr=449.94552
[2026-04-08 07:03:45] UPDATED sku=HSB6250PINOX ean=8434778034134 woo_id=47590 stock=0 pvpr=435.36775
[2026-04-08 07:03:45] UPDATED sku=HLB84VGOGH ean=8434778034356 woo_id=47353 stock=0 pvpr=545.95714
[2026-04-08 07:03:45] UPDATED sku=HSB6350FULLBLAC ean=8434778034004 woo_id=47867 stock=0 pvpr=344.32932
[2026-04-08 07:03:45] UPDATED sku=HSB6150FULLBLAC ean=8434778033922 woo_id=47427 stock=1 pvpr=330.40097
[2026-04-08 07:03:45] UPDATED sku=HSB6350BLANCO ean=8434778033991 woo_id=47415 stock=4 pvpr=371.72459
[2026-04-08 07:03:45] UPDATED sku=HSB6150BLANCO ean=8434778033915 woo_id=47434 stock=4 pvpr=330.40097
[2026-04-08 07:03:45] UPDATED sku=HSB6648EASYSTEA ean=8434778034127 woo_id=47575 stock=0 pvpr=417.14981
[2026-04-08 07:03:45] UPDATED sku=HSB6466INOX ean=8434778034103 woo_id=47725 stock=0 pvpr=385.78966
[2026-04-08 07:03:45] UPDATED sku=HSB6360INOX ean=8434778034011 woo_id=47855 stock=10 pvpr=328.65779
[2026-04-08 07:03:45] UPDATED sku=HSB6150INOX ean=8434778033885 woo_id=47421 stock=12 pvpr=289.55587
[2026-04-08 07:03:51] UPDATED sku=HBB6050INOX ean=8434778034790 woo_id=47440 stock=15 pvpr=293.24731
[2026-04-08 07:03:51] UPDATED sku=HBB5350INOX ean=8434778034714 woo_id=47240 stock=5 pvpr=288.25703
[2026-04-08 07:03:51] UPDATED sku=HBB5350FULLBLAC ean=8434778034752 woo_id=47244 stock=4 pvpr=288.25703
[2026-04-08 07:03:51] UPDATED sku=HBB5350BLANCO ean=8434778034745 woo_id=47249 stock=2 pvpr=288.25703
[2026-04-08 07:03:51] UPDATED sku=HBB4350BLANCO ean=8434778034691 woo_id=47253 stock=4 pvpr=275.35408
[2026-04-08 07:03:51] UPDATED sku=HSC6440CSINOX ean=8434778034240 woo_id=47509 stock=2 pvpr=875.55488
[2026-04-08 07:03:51] UPDATED sku=HSC6350PINOX ean=8434778034233 woo_id=47493 stock=0 pvpr=550.14419
[2026-04-08 07:03:51] UPDATED sku=HBC6250PINOX ean=8434778035063 woo_id=47515 stock=3 pvpr=542.23152
[2026-04-08 07:03:51] UPDATED sku=HSC6350INOX ean=8434778034226 woo_id=47501 stock=0 pvpr=412.99694
[2026-04-08 07:03:51] UPDATED sku=HBC5350INOX ean=8434778035056 woo_id=47257 stock=1 pvpr=365.65764
[2026-04-08 07:03:51] UPDATED sku=KITVGVSWDWGOGH ean=8434778034431 woo_id=47218 stock=0 pvpr=147.45252
[2026-04-08 07:03:51] UPDATED sku=ML82VGOGHBISL ean=8434778034400 woo_id=49020 stock=0 pvpr=597.75693
[2026-04-08 07:03:51] UPDATED sku=MS6220BISRINOX ean=8434778034455 woo_id=49084 stock=0 pvpr=479.08397
[2026-04-08 07:03:51] UPDATED sku=MS6220BISLINOX ean=8434778034448 woo_id=49090 stock=0 pvpr=479.08397
[2026-04-08 07:03:51] UPDATED sku=MS6220BILINOX ean=8434778034479 woo_id=49097 stock=0 pvpr=404.74247
[2026-04-08 07:03:51] UPDATED sku=ML8210BISCRISTA ean=8434778032130 woo_id=49067 stock=0 pvpr=330.77695
[2026-04-08 07:03:51] UPDATED sku=ML8210BISCRISTB ean=8434778032147 woo_id=49076 stock=0 pvpr=393.99286
[2026-04-08 07:03:51] UPDATED sku=MS6200BISINOX ean=8434778035582 woo_id=49104 stock=0 pvpr=279.64367
[2026-04-08 07:03:51] UPDATED sku=ML820FIBLANCO ean=8434778033298 woo_id=49056 stock=0 pvpr=273.90143
[2026-04-08 07:03:51] UPDATED sku=MS6200BIHINOX ean=8434778035629 woo_id=49112 stock=0 pvpr=279.64367
[2026-04-08 07:03:51] UPDATED sku=MB6200BIINOX ean=8434778035643 woo_id=49124 stock=0 pvpr=253.83777
[2026-04-08 07:03:51] UPDATED sku=MB6200BIBLANCO ean=8434778035667 woo_id=49133 stock=0 pvpr=253.83777
[2026-04-08 07:03:51] UPDATED sku=MWEFS25GINOX ean=8434778029376 woo_id=49200 stock=0 pvpr=109.56399
[2026-04-08 07:03:51] UPDATED sku=MWEFS20GINOX ean=8434778029345 woo_id=49212 stock=0 pvpr=94.37098
[2026-04-08 07:03:51] UPDATED sku=IBF63VGOGH ean=8434778031669 woo_id=48649 stock=0 pvpr=573.84802
[2026-04-08 07:03:51] UPDATED sku=TBC63620TTC ean=8434778030440 woo_id=36063 stock=0 pvpr=300.37384
[2026-04-08 07:03:51] UPDATED sku=CC485NEGRO ean=8434778036527 woo_id=45928 stock=0 pvpr=940.01836
[2026-04-08 07:03:51] UPDATED sku=DVTVG78660VGOGH ean=8434778035117 woo_id=45557 stock=0 pvpr=621.68293
[2026-04-08 07:03:51] UPDATED sku=RBF68670INOX ean=8434778035827 woo_id=37832 stock=0 pvpr=824.09689
[2026-04-08 07:03:51] UPDATED sku=RBF88670VANGOGH ean=8434778035360 woo_id=37810 stock=0 pvpr=1608.49371
[2026-04-08 07:03:51] UPDATED sku=RBF88670CRISTNG ean=8434778035339 woo_id=37841 stock=0 pvpr=1192.33512
[2026-04-08 07:03:51] UPDATED sku=NFL4300INOX ean=8434778036787 woo_id=37804 stock=0 pvpr=598.20127
[2026-04-08 07:03:51] UPDATED sku=RBF84680INOX ean=8434778035346 woo_id=37823 stock=0 pvpr=1051.51352
[2026-04-08 07:03:51] UPDATED sku=RBF64660INOX ean=8434778035254 woo_id=37849 stock=0 pvpr=711.74723
[2026-04-08 07:03:51] UPDATED sku=RBF44630INOX ean=8434778035803 woo_id=37857 stock=0 pvpr=573.84802
[2026-04-08 07:03:51] UPDATED sku=RBF44630NEGRO ean=8434778035216 woo_id=37860 stock=0 pvpr=573.84802
[2026-04-08 07:03:51] UPDATED sku=RBF44630BLANCO ean=8434778035209 woo_id=37869 stock=0 pvpr=555.92061
[2026-04-08 07:03:51] UPDATED sku=BM3WFT31041WB ean=8690842753176 woo_id=38968 stock=0 pvpr=456.71316
[2026-04-08 07:03:51] UPDATED sku=LMS2173EMK ean=7333394048390 woo_id=49158 stock=0 pvpr=302.71517
[2026-04-08 07:03:51] UPDATED sku=TB6GM171DB ean=7333394105826 woo_id=49176 stock=4 pvpr=442.27211
[2026-04-08 07:03:51] UPDATED sku=TN63IP00FB ean=7333394075297 woo_id=35934 stock=5 pvpr=413.97107
[2026-04-08 07:03:51] UPDATED sku=FSE96808P ean=7333394073132 woo_id=39399 stock=0 pvpr=1811.01021
[2026-04-08 07:03:51] UPDATED sku=OU5PB40SM ean=7333394046198 woo_id=47793 stock=9 pvpr=396.07784
[2026-04-08 07:03:51] UPDATED sku=CB4040E ean=8422248369619 woo_id=37410 stock=50 pvpr=72.88885
[2026-04-08 07:03:51] UPDATED sku=BETAPRO7000X ean=8422248371520 woo_id=45270 stock=1 pvpr=299.04082
[2026-04-08 07:03:51] UPDATED sku=FSE73507P ean=7333394013817 woo_id=39464 stock=0 pvpr=683.70254
[2026-04-08 07:03:51] UPDATED sku=VK7000X ean=8422248371193 woo_id=45311 stock=4 pvpr=143.65854
[2026-04-08 07:03:51] UPDATED sku=TC6MS19FES ean=7333394082721 woo_id=37970 stock=0 pvpr=1137.39077
[2026-04-08 07:03:51] UPDATED sku=EOE6060X ean=8422248359665 woo_id=47925 stock=0 pvpr=243.85721
[2026-04-08 07:03:51] UPDATED sku=TO84IU0FFB ean=7333394073002 woo_id=35919 stock=3 pvpr=755.05329
[2026-04-08 07:03:51] UPDATED sku=WMK40940BLACO ean=8434778032635 woo_id=38935 stock=7 pvpr=393.99286
[2026-04-08 07:03:51] UPDATED sku=OAG7M281EX ean=7333394036076 woo_id=36488 stock=0 pvpr=1057.49502
[2026-04-08 07:03:51] UPDATED sku=BETAPRO6000X ean=8422248371537 woo_id=45273 stock=0 pvpr=280.66907
[2026-04-08 07:03:51] UPDATED sku=BETAPRO9000X ean=8422248371513 woo_id=45267 stock=1 pvpr=327.4444
[2026-04-08 07:03:51] UPDATED sku=EEA27400L ean=7333394053615 woo_id=39421 stock=9 pvpr=570.31039
[2026-04-08 07:03:51] UPDATED sku=GB67D91HL ean=7333394060125 woo_id=45664 stock=0 pvpr=517.92954
[2026-04-08 07:03:51] UPDATED sku=TMS5G25IEM ean=7333394120461 woo_id=49191 stock=0 pvpr=354.94221
[2026-04-08 07:03:51] UPDATED sku=EN63RB ean=8437015023311 woo_id=48140 stock=0 pvpr=266.86035
[2026-04-08 07:03:51] UPDATED sku=EFT1612WH ean=8422248373777 woo_id=38592 stock=2 pvpr=317.85691
[2026-04-08 07:03:51] UPDATED sku=TE8PB731AT ean=7333394110653 woo_id=47761 stock=0 pvpr=1151.33621
[2026-04-08 07:03:51] UPDATED sku=OMB6G261TT ean=7333394127026 woo_id=49182 stock=0 pvpr=850.72311
[2026-04-08 07:03:51] UPDATED sku=TI84IB30FB ean=7333394069760 woo_id=48801 stock=0 pvpr=894.93494
[2026-04-08 07:03:51] UPDATED sku=GDE689HM ean=7333394121871 woo_id=46210 stock=0 pvpr=683.61709
[2026-04-08 07:03:51] UPDATED sku=ORC6N361DS ean=7333394033365 woo_id=37914 stock=0 pvpr=987.76782
[2026-04-08 07:03:51] UPDATED sku=TR818A2PB ean=7333394060927 woo_id=43112 stock=0 pvpr=911.25589
[2026-04-08 07:03:51] UPDATED sku=TO74IB00FB ean=7333394069982 woo_id=35922 stock=0 pvpr=612.18089
[2026-04-08 07:03:51] UPDATED sku=ITC63320MPS ean=8434778027082 woo_id=48686 stock=0 pvpr=495.59291
[2026-04-08 07:03:51] UPDATED sku=RCB632E9MW ean=7332543995707 woo_id=37960 stock=0 pvpr=810.68124
[2026-04-08 07:03:51] UPDATED sku=DS62190 ean=8436044535567 woo_id=44816 stock=0 pvpr=215.334
[2026-04-08 07:03:51] UPDATED sku=EIV644 ean=7332543590421 woo_id=48733 stock=0 pvpr=523.72305
[2026-04-08 07:03:51] UPDATED sku=MIG2140 ean=8435568405707 woo_id=49239 stock=0 pvpr=86.66339
[2026-04-08 07:03:51] UPDATED sku=RC20XDNC ean=8017709343309 woo_id=38099 stock=5 pvpr=862.54939
[2026-04-08 07:03:51] UPDATED sku=GK4500WH ean=8422248357142 woo_id=46127 stock=5 pvpr=152.45989
[2026-04-08 07:03:51] UPDATED sku=VK6000X ean=8422248357012 woo_id=45316 stock=12 pvpr=125.50896
[2026-04-08 07:03:51] UPDATED sku=CS1A ean=8422248371131 woo_id=37484 stock=1 pvpr=101.12153
[2026-04-08 07:03:51] UPDATED sku=BM3T38230WB ean=8690842787218 woo_id=43494 stock=0 pvpr=490.8248
[2026-04-08 07:03:51] UPDATED sku=LWR9816O1C ean=7333394116501 woo_id=39012 stock=0 pvpr=1979.05618
[2026-04-08 07:03:51] UPDATED sku=TR959V6PBC ean=7333394115535 woo_id=43144 stock=0 pvpr=1618.95279
[2026-04-08 07:03:51] UPDATED sku=LFSR9514L6U ean=7333394116068 woo_id=38855 stock=0 pvpr=1343.39363
[2026-04-08 07:03:51] UPDATED sku=LWR7304L4B ean=7333394052120 woo_id=39021 stock=0 pvpr=1271.37637
[2026-04-08 07:03:51] UPDATED sku=TR839T4PBC ean=7333394115542 woo_id=43119 stock=0 pvpr=1271.37637
[2026-04-08 07:03:51] UPDATED sku=TR839T4PBCP ean=7333394120454 woo_id=43124 stock=0 pvpr=1271.37637
[2026-04-08 07:03:51] UPDATED sku=LFR8504L6Q ean=7333394035611 woo_id=38835 stock=0 pvpr=1234.83795
[2026-04-08 07:03:51] UPDATED sku=LFSR8514L6O ean=7333394116136 woo_id=38864 stock=0 pvpr=1127.32476
[2026-04-08 07:03:51] UPDATED sku=LFSR7304L2B ean=7333394132259 woo_id=38761 stock=0 pvpr=1031.29605
[2026-04-08 07:03:51] UPDATED sku=TR839T4PB ean=7333394132778 woo_id=43139 stock=0 pvpr=990.58767
[2026-04-08 07:03:51] UPDATED sku=LFR6214O2B ean=7333394116532 woo_id=38800 stock=0 pvpr=863.25008
[2026-04-08 07:03:51] UPDATED sku=LFN7E8436F ean=7333394010588 woo_id=38988 stock=0 pvpr=882.03199
[2026-04-08 07:03:51] UPDATED sku=LFR6284N4B ean=7333394116518 woo_id=38806 stock=0 pvpr=802.70021
[2026-04-08 07:03:51] UPDATED sku=LFSR7304L4B ean=7333394132235 woo_id=38871 stock=28 pvpr=621.71711
[2026-04-08 07:03:51] UPDATED sku=TR718EAOB ean=7333394129204 woo_id=43454 stock=19 pvpr=636.17525
[2026-04-08 07:03:51] UPDATED sku=LFR7394N2B ean=7333394120287 woo_id=38793 stock=0 pvpr=792.25822
[2026-04-08 07:03:51] UPDATED sku=LTA6G7331E ean=7333394058559 woo_id=38693 stock=0 pvpr=673.26055
[2026-04-08 07:03:51] UPDATED sku=LTA6K7230B ean=7333394120713 woo_id=38701 stock=0 pvpr=644.05374
[2026-04-08 07:03:51] UPDATED sku=LFR6194O2B ean=7332543978182 woo_id=38929 stock=0 pvpr=580.27386
[2026-04-08 07:03:51] UPDATED sku=LTA5N6230E ean=7333394120690 woo_id=38907 stock=0 pvpr=574.10437
[2026-04-08 07:03:51] UPDATED sku=EN7W4862OF ean=7333394051260 woo_id=39041 stock=0 pvpr=990.58767
[2026-04-08 07:03:51] UPDATED sku=EW7W4943EB ean=7333394133911 woo_id=39061 stock=29 pvpr=650.63339
[2026-04-08 07:03:51] UPDATED sku=EFI7514L2C ean=7333394102375 woo_id=38813 stock=0 pvpr=772.43382
[2026-04-08 07:03:51] UPDATED sku=EFI6314O1Q ean=7333394064437 woo_id=38755 stock=0 pvpr=732.76793
[2026-04-08 07:03:57] UPDATED sku=IBC64010MSS ean=8434778011807 woo_id=48608 stock=0 pvpr=391.27555
[2026-04-08 07:03:57] UPDATED sku=ESS42220SX ean=7332543989775 woo_id=39503 stock=0 pvpr=593.94586
[2026-04-08 07:03:57] UPDATED sku=BETA1200XE ean=8422248062299 woo_id=45034 stock=0 pvpr=511.19608
[2026-04-08 07:03:57] UPDATED sku=TO63IQ0BIB ean=7333394069937 woo_id=35928 stock=13 pvpr=403.23855
[2026-04-08 07:03:57] UPDATED sku=THALASSAEVO80GB ean=8422248356404 woo_id=45133 stock=0 pvpr=749.27687
[2026-04-08 07:03:57] UPDATED sku=SFP6101TB3 ean=8017709329334 woo_id=46946 stock=0 pvpr=987.52856
[2026-04-08 07:03:57] UPDATED sku=02075421 ean=8422248371568 woo_id=45282 stock=2 pvpr=280.66907
[2026-04-08 07:03:57] UPDATED sku=UM4040 ean=8017709176617 woo_id=37642 stock=0 pvpr=191.88652
[2026-04-08 07:03:57] UPDATED sku=FAB28RRD5 ean=8017709299316 woo_id=36424 stock=0 pvpr=1662.36139
[2026-04-08 07:03:57] UPDATED sku=CORONAXNODRIP80 ean=8422248370769 woo_id=46045 stock=0 pvpr=468.02674
[2026-04-08 07:03:57] UPDATED sku=ARONA60BK ean=8422248372145 woo_id=46063 stock=0 pvpr=407.54523
[2026-04-08 07:03:57] UPDATED sku=CTRS80ESMARTREV ean=8422248363617 woo_id=50575 stock=0 pvpr=322.18068
[2026-04-08 07:03:57] UPDATED sku=CTRS50ESMARTREV ean=8422248363624 woo_id=50577 stock=0 pvpr=253.35925
[2026-04-08 07:03:57] UPDATED sku=CTRS10ESMARTREV ean=8422248363600 woo_id=50572 stock=0 pvpr=364.88859
[2026-04-08 07:03:57] UPDATED sku=02137409 ean=8422248356480 woo_id=45127 stock=0 pvpr=757.49716
[2026-04-08 07:03:57] UPDATED sku=MD5008BK ean=8422248372879 woo_id=47561 stock=0 pvpr=375.89455
[2026-04-08 07:03:57] UPDATED sku=HCB6370PINOX ean=8434778037593 woo_id=47965 stock=0 pvpr=369.53707
[2026-04-08 07:03:57] UPDATED sku=HCB6370INOX ean=8434778037586 woo_id=47858 stock=0 pvpr=302.86898
[2026-04-08 07:03:57] UPDATED sku=HCB6170INOX ean=8434778037579 woo_id=47872 stock=0 pvpr=298.01542
[2026-04-08 07:03:57] UPDATED sku=TR84IT00FB ean=7333394064116 woo_id=35897 stock=0 pvpr=1601.35009
[2026-04-08 07:03:57] UPDATED sku=TK8NK721B ean=7333394069081 woo_id=47689 stock=0 pvpr=891.43149
[2026-04-08 07:03:57] UPDATED sku=OU5AB21CM ean=7333394103433 woo_id=47685 stock=0 pvpr=371.09226
[2026-04-08 07:03:57] UPDATED sku=TN63IP0BIB ean=7333394075310 woo_id=35937 stock=29 pvpr=370.63083
[2026-04-08 07:03:57] UPDATED sku=LR633CK ean=7333394112213 woo_id=36104 stock=18 pvpr=186.36645
[2026-04-08 07:03:57] UPDATED sku=EWF10400WH ean=8422248359368 woo_id=38901 stock=0 pvpr=487.68024
[2026-04-08 07:03:57] UPDATED sku=EWF8403WH ean=8422248359337 woo_id=38885 stock=22 pvpr=403.06765
[2026-04-08 07:03:57] UPDATED sku=TS5GM25EB ean=7333394117348 woo_id=49186 stock=0 pvpr=388.78041
[2026-04-08 07:03:57] UPDATED sku=ORX9V351DU ean=7332543849949 woo_id=38359 stock=0 pvpr=1767.12309
[2026-04-08 07:03:57] UPDATED sku=LFK6001X ean=8422248371308 woo_id=45738 stock=5 pvpr=86.42413
[2026-04-08 07:03:57] UPDATED sku=TDM6003 ean=8422248357357 woo_id=36026 stock=0 pvpr=136.60037
[2026-04-08 07:03:57] UPDATED sku=SX91GM ean=8017709325039 woo_id=46534 stock=0 pvpr=1485.51407
[2026-04-08 07:03:57] UPDATED sku=ARMONIA60BKB ean=8422248355995 woo_id=46099 stock=0 pvpr=251.08628
[2026-04-08 07:03:57] UPDATED sku=MSEG620FIBKSS ean=8434778029413 woo_id=49120 stock=0 pvpr=194.29621
[2026-04-08 07:03:57] UPDATED sku=SI2951D ean=8017709310080 woo_id=48449 stock=0 pvpr=1153.72881
[2026-04-08 07:03:57] UPDATED sku=CBIZ2432B ean=8806091859358 woo_id=48833 stock=2 pvpr=611.54856
[2026-04-08 07:03:57] UPDATED sku=INSB6003E2WH ean=8422248357159 woo_id=48547 stock=0 pvpr=399.27367
[2026-04-08 07:03:57] UPDATED sku=112650002 ean=8434778026382 woo_id=48424 stock=0 pvpr=147.8285
[2026-04-08 07:03:57] UPDATED sku=VK9000X ean=8422248371186 woo_id=45307 stock=0 pvpr=134.37867
[2026-04-08 07:03:57] UPDATED sku=KATE900EX ean=8017709235147 woo_id=44952 stock=0 pvpr=267.66358
[2026-04-08 07:03:57] UPDATED sku=LYP792 ean=8017709251604 woo_id=37644 stock=0 pvpr=121.47572
[2026-04-08 07:03:57] UPDATED sku=KSET91E2 ean=8017709274795 woo_id=45987 stock=0 pvpr=144.35923
[2026-04-08 07:03:57] UPDATED sku=KSET92E ean=8017709235598 woo_id=45989 stock=0 pvpr=149.8793
[2026-04-08 07:03:57] UPDATED sku=KSET62E ean=8017709233044 woo_id=45991 stock=0 pvpr=98.59221
[2026-04-08 07:03:57] UPDATED sku=KTE90E2 ean=8017709333669 woo_id=45993 stock=0 pvpr=133.84888
[2026-04-08 07:03:57] UPDATED sku=KTE60E2 ean=8017709333652 woo_id=45995 stock=0 pvpr=120.70667
[2026-04-08 07:03:57] UPDATED sku=KSEC61XE3 ean=8017709343330 woo_id=45909 stock=0 pvpr=96.57559
[2026-04-08 07:03:57] UPDATED sku=KSEC61NE3 ean=8017709343323 woo_id=45912 stock=0 pvpr=95.96035
[2026-04-08 07:03:57] UPDATED sku=KSEC61BE3 ean=8017709343316 woo_id=45915 stock=0 pvpr=95.96035
[2026-04-08 07:03:57] UPDATED sku=CSS1A ean=8422248369831 woo_id=37478 stock=15 pvpr=78.18675
[2026-04-08 07:03:57] UPDATED sku=GI87D91CB ean=7333394067018 woo_id=45640 stock=0 pvpr=941.55646
[2026-04-08 07:03:57] UPDATED sku=HLC8440CFULLBLA ean=8434778030051 woo_id=47468 stock=0 pvpr=956.42476
[2026-04-08 07:03:57] UPDATED sku=HKB75820NB ean=7332543796588 woo_id=48363 stock=0 pvpr=424.12253
[2026-04-08 07:03:57] UPDATED sku=5391212 ean=8421152093160 woo_id=37515 stock=3 pvpr=71.16276
[2026-04-08 07:03:57] UPDATED sku=8091317 ean=8421152090428 woo_id=37527 stock=1 pvpr=85.55254
[2026-04-08 07:03:57] UPDATED sku=8191462 ean=8421152749197 woo_id=37533 stock=0 pvpr=66.95862
[2026-04-08 07:03:57] UPDATED sku=182000200 ean=8421152084748 woo_id=37539 stock=0 pvpr=174.318
[2026-04-08 07:03:57] UPDATED sku=239151200 ean=8421152084717 woo_id=37493 stock=1 pvpr=96.69522
[2026-04-08 07:03:57] UPDATED sku=559950200 ean=8421152090237 woo_id=37490 stock=0 pvpr=85.55254
[2026-04-08 07:03:57] UPDATED sku=53914C6 ean=8421152093177 woo_id=37522 stock=0 pvpr=81.80983
[2026-04-08 07:03:57] UPDATED sku=469130200 ean=8421152084724 woo_id=37536 stock=0 pvpr=54.56837
[2026-04-08 07:03:57] UPDATED sku=460250200 ean=8421152086971 woo_id=37535 stock=0 pvpr=60.65241
[2026-04-08 07:03:57] UPDATED sku=239371200 ean=8421152102312 woo_id=37495 stock=0 pvpr=288.1374
[2026-04-08 07:03:57] UPDATED sku=EHF6232IOK ean=7332543487370 woo_id=36126 stock=63 pvpr=204.03751
[2026-04-08 07:03:57] UPDATED sku=IB2PLUSBK ean=8422248109420 woo_id=48502 stock=0 pvpr=282.34389
[2026-04-08 07:03:57] UPDATED sku=TL06260IN ean=8436044538513 woo_id=45727 stock=0 pvpr=113.93903
[2026-04-08 07:03:57] UPDATED sku=GIGA750 ean=8422248054485 woo_id=48511 stock=0 pvpr=1400.91857
[2026-04-08 07:03:57] UPDATED sku=MLCROMO ean=8421152747650 woo_id=37530 stock=0 pvpr=41.23817
[2026-04-08 07:03:57] UPDATED sku=MC32DC ean=8422248055253 woo_id=48963 stock=0 pvpr=372.57909
[2026-04-08 07:03:57] UPDATED sku=61001104 ean=8421152714881 woo_id=46819 stock=0 pvpr=28.30104
[2026-04-08 07:03:57] UPDATED sku=40199057 ean=8421152114209 woo_id=46817 stock=0 pvpr=64.68565
[2026-04-08 07:03:57] UPDATED sku=MC25GTCBK ean=8422248055277 woo_id=49009 stock=0 pvpr=311.3798
[2026-04-08 07:03:57] UPDATED sku=40199510 ean=8421152113806 woo_id=46823 stock=0 pvpr=28.30104
[2026-04-08 07:03:57] UPDATED sku=R2AG ean=8422248043151 woo_id=37470 stock=0 pvpr=153.34857
[2026-04-08 07:03:57] UPDATED sku=40197920 ean=8421152113875 woo_id=39939 stock=0 pvpr=92.98669
[2026-04-08 07:03:57] UPDATED sku=GFG2BLACK ean=8421152121238 woo_id=44695 stock=1 pvpr=156.51022
[2026-04-08 07:03:57] UPDATED sku=GCDUALABK45 ean=8422248078306 woo_id=45762 stock=0 pvpr=345.49144
[2026-04-08 07:03:57] UPDATED sku=CS1 ean=8422248055338 woo_id=37482 stock=0 pvpr=101.12153
[2026-04-08 07:03:57] UPDATED sku=MV1312 ean=5604409138057 woo_id=36134 stock=0 pvpr=193.37335
[2026-04-08 07:03:57] UPDATED sku=MF5600X ean=5604409133328 woo_id=47273 stock=0 pvpr=584.93943
[2026-04-08 07:03:57] UPDATED sku=MF4609X ean=5604409139344 woo_id=47271 stock=0 pvpr=490.08993
[2026-04-08 07:03:57] UPDATED sku=VITA915 ean=8421152076460 woo_id=37542 stock=0 pvpr=133.88306
[2026-04-08 07:03:57] UPDATED sku=MIG3420 ean=8436044532146 woo_id=49269 stock=0 pvpr=167.80671
[2026-04-08 07:03:57] UPDATED sku=ELINE1C ean=8421152133774 woo_id=37246 stock=0 pvpr=185.95629
[2026-04-08 07:03:57] UPDATED sku=E911BL ean=5604409141866 woo_id=46743 stock=0 pvpr=1336.45509
[2026-04-08 07:03:57] UPDATED sku=E611X ean=5604409126047 woo_id=46648 stock=0 pvpr=1051.90659
[2026-04-08 07:03:57] UPDATED sku=E612X ean=5604409138323 woo_id=46650 stock=0 pvpr=1304.83859
[2026-04-08 07:03:57] UPDATED sku=ME4006X ean=8422248067867 woo_id=47195 stock=3 pvpr=332.45177
[2026-04-08 07:03:57] UPDATED sku=40212020 ean=8421152144664 woo_id=48206 stock=0 pvpr=256.5209
[2026-04-08 07:03:57] UPDATED sku=DMR975 ean=8421152130797 woo_id=45469 stock=0 pvpr=452.86791
[2026-04-08 07:03:57] UPDATED sku=RU6060N ean=8437015023014 woo_id=46697 stock=0 pvpr=523.51797
[2026-04-08 07:03:57] UPDATED sku=DLH985T ean=8421152145661 woo_id=45476 stock=0 pvpr=468.24891
[2026-04-08 07:03:57] UPDATED sku=DQ2985 ean=8421152145845 woo_id=45474 stock=0 pvpr=982.65791
[2026-04-08 07:03:57] UPDATED sku=DSS985INOX ean=8421152145654 woo_id=45478 stock=0 pvpr=366.63177
[2026-04-08 07:03:57] UPDATED sku=DM675S ean=8421152130735 woo_id=45451 stock=0 pvpr=391.63444
[2026-04-08 07:03:57] UPDATED sku=DM775S ean=8421152130759 woo_id=45457 stock=0 pvpr=408.29719
[2026-04-08 07:03:57] UPDATED sku=DM775W ean=8421152130766 woo_id=45460 stock=0 pvpr=416.63711
[2026-04-08 07:03:57] UPDATED sku=DM975S ean=8421152130773 woo_id=45463 stock=0 pvpr=475.49507
[2026-04-08 07:03:57] UPDATED sku=DM975W ean=8421152130780 woo_id=45466 stock=0 pvpr=412.46715
[2026-04-08 07:03:57] UPDATED sku=CNL9815S ean=8421152146262 woo_id=45841 stock=0 pvpr=343.44064
[2026-04-08 07:03:57] UPDATED sku=CNL9610S ean=8421152146255 woo_id=45838 stock=0 pvpr=269.54348
[2026-04-08 07:04:04] UPDATED sku=CNL6815S ean=8421152146248 woo_id=45835 stock=0 pvpr=269.54348
[2026-04-08 07:04:04] UPDATED sku=CNL6415PLUSS ean=8421152146200 woo_id=45829 stock=5 pvpr=213.02685
[2026-04-08 07:04:04] UPDATED sku=CNL6415PLUSW ean=8421152146217 woo_id=45826 stock=3 pvpr=213.02685
[2026-04-08 07:04:04] UPDATED sku=CNL6415S ean=8421152146170 woo_id=45926 stock=20 pvpr=182.58956
[2026-04-08 07:04:04] UPDATED sku=CNL6415W ean=8421152146187 woo_id=45924 stock=10 pvpr=169.56698
[2026-04-08 07:04:04] UPDATED sku=CNL6415B ean=8421152146194 woo_id=45823 stock=0 pvpr=169.56698
[2026-04-08 07:04:04] UPDATED sku=TL9310S ean=8421152146002 woo_id=45847 stock=6 pvpr=158.50975
[2026-04-08 07:04:04] UPDATED sku=C9420S ean=8421152146125 woo_id=45748 stock=4 pvpr=172.0963
[2026-04-08 07:04:04] UPDATED sku=C6420S ean=8421152146088 woo_id=45888 stock=7 pvpr=158.50975
[2026-04-08 07:04:04] UPDATED sku=C6420W ean=8421152146095 woo_id=45890 stock=9 pvpr=153.9809
[2026-04-08 07:04:04] UPDATED sku=C6420B ean=8421152146101 woo_id=45740 stock=2 pvpr=153.9809
[2026-04-08 07:04:04] UPDATED sku=C6310B ean=8421152146071 woo_id=45745 stock=2 pvpr=126.8078
[2026-04-08 07:04:04] UPDATED sku=GFG2S ean=8421152146040 woo_id=44709 stock=0 pvpr=165.20903
[2026-04-08 07:04:04] UPDATED sku=LEGENDX900 ean=8422248068635 woo_id=45044 stock=0 pvpr=380.47467
[2026-04-08 07:04:04] UPDATED sku=TNCPLUS50 ean=8430709180314 woo_id=44281 stock=0 pvpr=152.23772
[2026-04-08 07:04:04] UPDATED sku=TNCPLUS30S ean=8430709180307 woo_id=44279 stock=6 pvpr=138.44609
[2026-04-08 07:04:04] UPDATED sku=41599011 ean=8421152150177 woo_id=47208 stock=0 pvpr=54.3462
[2026-04-08 07:04:04] UPDATED sku=GI6021X ean=8422248067348 woo_id=48125 stock=0 pvpr=163.48294
[2026-04-08 07:04:04] UPDATED sku=SET1M1 ean=8421152156384 woo_id=43068 stock=0 pvpr=54.3462
[2026-04-08 07:04:04] UPDATED sku=CB2 ean=8422248074681 woo_id=37391 stock=0 pvpr=171.63487
[2026-04-08 07:04:04] UPDATED sku=HN945 ean=8421078033721 woo_id=47918 stock=2 pvpr=143.59018
[2026-04-08 07:04:04] UPDATED sku=3BC676MX ean=4242006272289 woo_id=43209 stock=0 pvpr=313.19134
[2026-04-08 07:04:04] UPDATED sku=RU9060B ean=8437015023069 woo_id=46703 stock=0 pvpr=907.61572
[2026-04-08 07:04:04] UPDATED sku=3HB2010X0 ean=4242006274870 woo_id=43219 stock=54 pvpr=321.06983
[2026-04-08 07:04:04] UPDATED sku=HN928 ean=8421078033691 woo_id=47898 stock=0 pvpr=101.92476
[2026-04-08 07:04:04] UPDATED sku=ISLAFAROX ean=8422248074230 woo_id=45028 stock=0 pvpr=638.90965
[2026-04-08 07:04:04] UPDATED sku=HN966 ean=8421078033738 woo_id=47940 stock=0 pvpr=185.61449
[2026-04-08 07:04:04] UPDATED sku=HN936 ean=8421078033714 woo_id=47900 stock=2 pvpr=123.66324
[2026-04-08 07:04:04] UPDATED sku=MIG2550 ean=8436044538490 woo_id=48877 stock=0 pvpr=109.39309
[2026-04-08 07:04:04] UPDATED sku=MIG2043 ean=8436044539091 woo_id=48881 stock=0 pvpr=124.72282
[2026-04-08 07:04:04] UPDATED sku=PCE6000 ean=8436044539664 woo_id=36132 stock=9 pvpr=113.80231
[2026-04-08 07:04:04] UPDATED sku=FLEXLINEARS1545 ean=8434778004397 woo_id=37343 stock=0 pvpr=263.23727
[2026-04-08 07:04:04] UPDATED sku=HBE490MEWH ean=8434778005394 woo_id=47820 stock=0 pvpr=339.62957
[2026-04-08 07:04:04] UPDATED sku=115890011 ean=8434778004779 woo_id=41124 stock=0 pvpr=36.4017
[2026-04-08 07:04:04] UPDATED sku=115000014 ean=8434778004403 woo_id=37311 stock=4 pvpr=256.11074
[2026-04-08 07:04:04] UPDATED sku=HLB8400PST ean=8434778007619 woo_id=47396 stock=0 pvpr=524.26993
[2026-04-08 07:04:04] UPDATED sku=HBE435ME ean=8434778005370 woo_id=47813 stock=9 pvpr=339.62957
[2026-04-08 07:04:04] UPDATED sku=HBE615MEINOX ean=8434778005400 woo_id=47810 stock=0 pvpr=421.16596
[2026-04-08 07:04:04] UPDATED sku=DS75170N ean=8436044533945 woo_id=44789 stock=0 pvpr=454.64527
[2026-04-08 07:04:04] UPDATED sku=FOT995CROMO/CRO ean=8434778002096 woo_id=37582 stock=0 pvpr=128.07246
[2026-04-08 07:04:04] UPDATED sku=HLB8400PBK ean=8434778007602 woo_id=47299 stock=0 pvpr=524.26993
[2026-04-08 07:04:04] UPDATED sku=HLB8400WHBLANCO ean=8434778007596 woo_id=47301 stock=1 pvpr=595.77449
[2026-04-08 07:04:04] UPDATED sku=ML8220BISLWH ean=8434778007671 woo_id=48985 stock=4 pvpr=552.12663
[2026-04-08 07:04:04] UPDATED sku=KMFD264TEX ean=7332543665686 woo_id=48999 stock=0 pvpr=564.72196
[2026-04-08 07:04:04] UPDATED sku=SET1/T1 ean=8421152156414 woo_id=43070 stock=0 pvpr=54.3462
[2026-04-08 07:04:04] UPDATED sku=NFL342CINOX ean=8434778004007 woo_id=37797 stock=0 pvpr=533.85742
[2026-04-08 07:04:04] UPDATED sku=MIG2130 ean=8435568400771 woo_id=49271 stock=0 pvpr=75.67452
[2026-04-08 07:04:04] UPDATED sku=HLC8400BK ean=8434778007633 woo_id=47314 stock=2 pvpr=470.55606
[2026-04-08 07:04:04] UPDATED sku=NFL430SWH ean=8434778003994 woo_id=38038 stock=0 pvpr=629.62978
[2026-04-08 07:04:04] UPDATED sku=IBC63015 ean=8434778012903 woo_id=48628 stock=4 pvpr=326.82916
[2026-04-08 07:04:04] UPDATED sku=TZC32320 ean=8434778012651 woo_id=36146 stock=0 pvpr=156.52731
[2026-04-08 07:04:04] UPDATED sku=TBC32010 ean=8434778012668 woo_id=36142 stock=4 pvpr=118.69005
[2026-04-08 07:04:04] UPDATED sku=DVT68660TBSWH ean=8434778013221 woo_id=45496 stock=1 pvpr=433.28277
[2026-04-08 07:04:04] UPDATED sku=MIG2044 ean=8436044539084 woo_id=48879 stock=0 pvpr=93.56775
[2026-04-08 07:04:04] UPDATED sku=ANGULAR2CSF ean=8421152032572 woo_id=37255 stock=0 pvpr=323.54788
[2026-04-08 07:04:04] UPDATED sku=DLV98660TOSST ean=8434778011975 woo_id=45514 stock=0 pvpr=666.59545
[2026-04-08 07:04:04] UPDATED sku=FOT995CROMOBLAN ean=8434778002119 woo_id=37587 stock=0 pvpr=138.73662
[2026-04-08 07:04:04] UPDATED sku=CMD9208BK ean=8422248093156 woo_id=47569 stock=0 pvpr=757.66806
[2026-04-08 07:04:04] UPDATED sku=DVT78660TBSBK ean=8434778013238 woo_id=45500 stock=0 pvpr=381.31208
[2026-04-08 07:04:04] UPDATED sku=DVS05024X ean=8690842392214 woo_id=39509 stock=0 pvpr=424.15671
[2026-04-08 07:04:04] UPDATED sku=EFC2032 NF WH/A ean=8422248097031 woo_id=38057 stock=21 pvpr=607.68622
[2026-04-08 07:04:04] UPDATED sku=MEP291W ean=5604409145451 woo_id=45064 stock=0 pvpr=351.45585
[2026-04-08 07:04:04] UPDATED sku=TBC64000XFL ean=8434778014501 woo_id=36068 stock=4 pvpr=339.09978
[2026-04-08 07:04:04] UPDATED sku=DVN05320X ean=8690842379628 woo_id=39102 stock=55 pvpr=408.46809
[2026-04-08 07:04:04] UPDATED sku=WIC3C34PFES ean=8003437608308 woo_id=51792 stock=0 pvpr=564.29471
[2026-04-08 07:04:04] UPDATED sku=STONE60LTG1C1EN ean=8434778006162 woo_id=37335 stock=0 pvpr=337.93766
[2026-04-08 07:04:04] UPDATED sku=JZC94313ABNBK ean=8434778011265 woo_id=35883 stock=0 pvpr=860.77203
[2026-04-08 07:04:04] UPDATED sku=115230025 ean=8434778007428 woo_id=37351 stock=0 pvpr=281.02796
[2026-04-08 07:04:04] UPDATED sku=MWE202FI ean=8421152127193 woo_id=48983 stock=0 pvpr=203.98624
[2026-04-08 07:04:04] UPDATED sku=HOT606 ean=8435568402102 woo_id=47159 stock=0 pvpr=159.85986
[2026-04-08 07:04:04] UPDATED sku=XT262030 ean=8434778019315 woo_id=44727 stock=0 pvpr=143.48764
[2026-04-08 07:04:04] UPDATED sku=LFP616X ean=7332543810222 woo_id=45850 stock=0 pvpr=319.49755
[2026-04-08 07:04:04] UPDATED sku=TR62IP ean=8017709210632 woo_id=46480 stock=0 pvpr=3365.73878
[2026-04-08 07:04:04] UPDATED sku=LF2060WHL ean=8422248105224 woo_id=45895 stock=28 pvpr=60.1568
[2026-04-08 07:04:04] UPDATED sku=LIL60336 ean=7332543794270 woo_id=48769 stock=13 pvpr=412.87731
[2026-04-08 07:04:04] UPDATED sku=PCE4050 ean=8435568401471 woo_id=39739 stock=6 pvpr=37.13657
[2026-04-08 07:04:04] UPDATED sku=HLB8400WH ean=8434778007565 woo_id=47303 stock=0 pvpr=460.81476
[2026-04-08 07:04:04] UPDATED sku=201TGBA ean=8437015023236 woo_id=36012 stock=0 pvpr=848.14252
[2026-04-08 07:04:04] UPDATED sku=HOF220 ean=8435568403451 woo_id=47877 stock=0 pvpr=153.02386
[2026-04-08 07:04:04] UPDATED sku=HLX640KLAIXBUT ean=8434778022841 woo_id=48394 stock=24 pvpr=130.65305
[2026-04-08 07:04:04] UPDATED sku=HLB8416 ean=8434778017427 woo_id=47409 stock=0 pvpr=512.63164
[2026-04-08 07:04:04] UPDATED sku=HLB8400BK ean=8434778007572 woo_id=47297 stock=0 pvpr=405.51152
[2026-04-08 07:04:04] UPDATED sku=OMEGA700X/M ean=8422248190602 woo_id=45291 stock=0 pvpr=212.83886
[2026-04-08 07:04:04] UPDATED sku=TFH6830GWH ean=8422248112758 woo_id=45785 stock=0 pvpr=284.3776
[2026-04-08 07:04:04] UPDATED sku=SPLUS9010X ean=8422248093422 woo_id=45260 stock=11 pvpr=288.1374
[2026-04-08 07:04:04] UPDATED sku=EOF4P56X ean=7332543828715 woo_id=47863 stock=0 pvpr=439.24718
[2026-04-08 07:04:04] UPDATED sku=FAB30RCR5 ean=8017709297763 woo_id=38408 stock=0 pvpr=1995.05242
[2026-04-08 07:04:04] UPDATED sku=LFR7394O4Q ean=7332543975501 woo_id=38839 stock=0 pvpr=1079.30186
[2026-04-08 07:04:04] UPDATED sku=RSF10080WH ean=8434778026177 woo_id=38262 stock=0 pvpr=252.36803
[2026-04-08 07:04:04] UPDATED sku=EA2F6820CF ean=7332543989300 woo_id=38939 stock=37 pvpr=453.03881
[2026-04-08 07:04:04] UPDATED sku=LTN6K6210B ean=7333394010298 woo_id=38712 stock=0 pvpr=563.16677
[2026-04-08 07:04:04] UPDATED sku=LFR7184N2V ean=7333394011776 woo_id=38847 stock=0 pvpr=752.59233
[2026-04-08 07:04:04] UPDATED sku=EN7F4842OF ean=7333394010274 woo_id=39003 stock=0 pvpr=792.25822
[2026-04-08 07:04:04] UPDATED sku=LFR6194O2Q ean=7332543979295 woo_id=38851 stock=0 pvpr=782.85872
[2026-04-08 07:04:04] UPDATED sku=LFN7G8434F ean=7332543989645 woo_id=38999 stock=8 pvpr=771.11789
[2026-04-08 07:04:04] UPDATED sku=LWR7194M2B ean=7332543984831 woo_id=39050 stock=0 pvpr=827.19018
[2026-04-08 07:04:04] UPDATED sku=LWR7316O4B ean=7332543984169 woo_id=39057 stock=0 pvpr=990.58767
[2026-04-08 07:04:04] UPDATED sku=LWR7196U4B ean=7333394011288 woo_id=39078 stock=0 pvpr=1060.51995
[2026-04-08 07:04:04] UPDATED sku=GFL57760EOSIX ean=8434778025644 woo_id=46144 stock=0 pvpr=426.03661
[2026-04-08 07:04:04] UPDATED sku=COP846X1 ean=7332543825783 woo_id=47615 stock=0 pvpr=668.13355
[2026-04-08 07:04:10] UPDATED sku=HLC8510P ean=8434778026542 woo_id=47453 stock=0 pvpr=650.35995
[2026-04-08 07:04:10] UPDATED sku=IZC63320MPS ean=8434778027051 woo_id=48826 stock=3 pvpr=430.39456
[2026-04-08 07:04:10] UPDATED sku=KT100PE ean=8017709244040 woo_id=44995 stock=0 pvpr=1369.5926
[2026-04-08 07:04:10] UPDATED sku=LMS2173EMX ean=7332543673551 woo_id=49164 stock=0 pvpr=302.71517
[2026-04-08 07:04:10] UPDATED sku=THALASSA600GBK ean=8422248356244 woo_id=45193 stock=0 pvpr=374.42481
[2026-04-08 07:04:10] UPDATED sku=BEL554MB0 ean=4242005039067 woo_id=43223 stock=0 pvpr=414.44959
[2026-04-08 07:04:10] UPDATED sku=EIV83446 ean=7332543590445 woo_id=48723 stock=0 pvpr=706.43224
[2026-04-08 07:04:10] UPDATED sku=LIT60336C ean=7332543684120 woo_id=48820 stock=0 pvpr=321.30909
[2026-04-08 07:04:10] UPDATED sku=EHF6241FOK ean=7332543484133 woo_id=36076 stock=0 pvpr=220.59772
[2026-04-08 07:04:10] UPDATED sku=LFI514X ean=7332543611621 woo_id=45577 stock=0 pvpr=612.18089
[2026-04-08 07:04:10] UPDATED sku=LFT419X ean=7332543614622 woo_id=45590 stock=0 pvpr=376.04836
[2026-04-08 07:04:10] UPDATED sku=LFT416X ean=7332543614639 woo_id=45582 stock=0 pvpr=338.33073
[2026-04-08 07:04:10] UPDATED sku=BEK435120W ean=7332543564071 woo_id=47607 stock=0 pvpr=505.21458
[2026-04-08 07:04:10] UPDATED sku=OMEGA 600 WH ean=8422248109819 woo_id=45302 stock=4 pvpr=162.06447
[2026-04-08 07:04:10] UPDATED sku=V 500 ean=8422248371216 woo_id=45356 stock=0 pvpr=128.60225
[2026-04-08 07:04:10] UPDATED sku=Q 900 BK ean=8422248084161 woo_id=45072 stock=0 pvpr=362.4789
[2026-04-08 07:04:10] UPDATED sku=Q4460BK ean=8422248084178 woo_id=45074 stock=0 pvpr=340.89423
[2026-04-08 07:04:10] UPDATED sku=ARMONIA X 90 ean=8422248110587 woo_id=46083 stock=4 pvpr=284.24088
[2026-04-08 07:04:10] UPDATED sku=ARMONIA X 60 ean=8422248110570 woo_id=46091 stock=15 pvpr=251.08628
[2026-04-08 07:04:10] UPDATED sku=G 50 LUX X ean=8422248082716 woo_id=46015 stock=0 pvpr=201.3202
[2026-04-08 07:04:10] UPDATED sku=G 45 X ean=8422248087377 woo_id=46018 stock=0 pvpr=111.87114
[2026-04-08 07:04:10] UPDATED sku=G 45 WH ean=8422248087384 woo_id=46021 stock=0 pvpr=99.99359
[2026-04-08 07:04:10] UPDATED sku=TFH 6630 X ean=8422248082365 woo_id=45892 stock=10 pvpr=195.59505
[2026-04-08 07:04:10] UPDATED sku=TFH 6630 WH ean=8422248082396 woo_id=45764 stock=3 pvpr=195.59505
[2026-04-08 07:04:10] UPDATED sku=TFH 6630 BK ean=8422248082402 woo_id=45791 stock=0 pvpr=195.59505
[2026-04-08 07:04:10] UPDATED sku=TF-5260 X 2 mot ean=8422248082129 woo_id=45899 stock=9 pvpr=108.45314
[2026-04-08 07:04:10] UPDATED sku=TF-5260 WH 2 mo ean=8422248082136 woo_id=45902 stock=5 pvpr=108.45314
[2026-04-08 07:04:10] UPDATED sku=SCI6031BK ean=8422248086929 woo_id=48170 stock=9 pvpr=181.70088
[2026-04-08 07:04:10] UPDATED sku=CIB 6021 BK ean=8422248073677 woo_id=48134 stock=4 pvpr=163.99564
[2026-04-08 07:04:10] UPDATED sku=GIB 6021 X ean=8422248073684 woo_id=48137 stock=0 pvpr=166.67877
[2026-04-08 07:04:10] UPDATED sku=CSS 60-1 ean=8422248074377 woo_id=37472 stock=71 pvpr=74.27314
[2026-04-08 07:04:10] UPDATED sku=CTR 30 M ean=8422248081528 woo_id=50590 stock=0 pvpr=127.1496
[2026-04-08 07:04:10] UPDATED sku=CTR 50 M ean=8422248081535 woo_id=50588 stock=0 pvpr=170.09677
[2026-04-08 07:04:10] UPDATED sku=CTR 80 M ean=8422248081542 woo_id=50586 stock=0 pvpr=219.0938
[2026-04-08 07:04:10] UPDATED sku=CTR 100 M ean=8422248081559 woo_id=50584 stock=0 pvpr=249.73617
[2026-04-08 07:04:10] UPDATED sku=CTRH 50  Rev ean=8422248081573 woo_id=50581 stock=0 pvpr=177.34293
[2026-04-08 07:04:10] UPDATED sku=CTRH 80 M Rev ean=8422248081580 woo_id=50579 stock=0 pvpr=227.67298
[2026-04-08 07:04:10] UPDATED sku=PANEL DECORATIV ean=8422248010092 woo_id=45352 stock=0 pvpr=53.69678
[2026-04-08 07:04:10] UPDATED sku=Filtro DUAL AS ean=8422248078900 woo_id=48001 stock=0 pvpr=82.44216
[2026-04-08 07:04:10] UPDATED sku=Conjunto Recirc ean=8422248080330 woo_id=47998 stock=0 pvpr=227.89515
[2026-04-08 07:04:10] UPDATED sku=EMW-2020-IG X ean=8435436110771 woo_id=49292 stock=7 pvpr=183.32443
[2026-04-08 07:04:10] UPDATED sku=3BD866MX ean=4242006287665 woo_id=43215 stock=0 pvpr=480.79297
[2026-04-08 07:04:10] UPDATED sku=BSE999330M ean=7332543679270 woo_id=51596 stock=0 pvpr=2211.70235
[2026-04-08 07:04:10] UPDATED sku=IAE84881FB ean=7332543643004 woo_id=51598 stock=0 pvpr=1684.51003
[2026-04-08 07:04:10] UPDATED sku=DBB3951M ean=7332543714360 woo_id=45602 stock=0 pvpr=404.81083
[2026-04-08 07:04:10] UPDATED sku=DBB3651M ean=7332543714377 woo_id=45606 stock=0 pvpr=367.11029
[2026-04-08 07:04:10] UPDATED sku=DPE4941M ean=7332543656660 woo_id=45862 stock=0 pvpr=432.58208
[2026-04-08 07:04:10] UPDATED sku=DPE4641M ean=7332543656653 woo_id=45854 stock=0 pvpr=376.04836
[2026-04-08 07:04:10] UPDATED sku=MBB1756SEW ean=7332543631513 woo_id=49002 stock=0 pvpr=465.54869
[2026-04-08 07:04:10] UPDATED sku=FSE63307P ean=7332543742547 woo_id=39370 stock=0 pvpr=1050.07796
[2026-04-08 07:04:10] UPDATED sku=FSE62417P ean=7332543735549 woo_id=39454 stock=0 pvpr=613.78735
[2026-04-08 07:04:10] UPDATED sku=LFI769X ean=7332543675821 woo_id=45586 stock=0 pvpr=753.05376
[2026-04-08 07:04:10] UPDATED sku=LFT769X ean=7332543673971 woo_id=45598 stock=0 pvpr=517.92954
[2026-04-08 07:04:10] UPDATED sku=LFT766X ean=7332543673995 woo_id=45594 stock=0 pvpr=461.36164
[2026-04-08 07:04:10] UPDATED sku=EFP129X ean=7332543668908 woo_id=46182 stock=0 pvpr=329.40975
[2026-04-08 07:04:10] UPDATED sku=EFP126X ean=7332543668915 woo_id=46178 stock=0 pvpr=283.67691
[2026-04-08 07:04:10] UPDATED sku=KSET61E2 ean=8017709274788 woo_id=45907 stock=0 pvpr=114.43464
[2026-04-08 07:04:10] UPDATED sku=SFP6301TVX ean=8017709282189 woo_id=46922 stock=6 pvpr=616.11159
[2026-04-08 07:04:10] UPDATED sku=MOE25X ean=8017709237431 woo_id=48905 stock=0 pvpr=333.9386
[2026-04-08 07:04:10] UPDATED sku=KBT600XE ean=8017709286613 woo_id=44940 stock=0 pvpr=515.41731
[2026-04-08 07:04:10] UPDATED sku=KBT900XE ean=8017709284503 woo_id=44928 stock=0 pvpr=593.67242
[2026-04-08 07:04:10] UPDATED sku=L6FBI147P ean=7332543803323 woo_id=38925 stock=86 pvpr=510.87137
[2026-04-08 07:04:10] UPDATED sku=FSB32610Z ean=7333394014302 woo_id=39366 stock=14 pvpr=514.08429
[2026-04-08 07:04:10] UPDATED sku=EOF3H54X ean=7332543757701 woo_id=47633 stock=0 pvpr=372.78417
[2026-04-08 07:04:10] UPDATED sku=EVE8P21X ean=7332543667864 woo_id=47603 stock=0 pvpr=723.36843
[2026-04-08 07:04:10] UPDATED sku=DVS05024W ean=8690842392269 woo_id=39522 stock=4 pvpr=404.93046
[2026-04-08 07:04:10] UPDATED sku=HII63205MT ean=8690842384172 woo_id=48848 stock=17 pvpr=306.44079
[2026-04-08 07:04:10] UPDATED sku=SFP6401TVX1 ean=8017709285449 woo_id=47005 stock=0 pvpr=908.31641
[2026-04-08 07:04:10] UPDATED sku=P261XGH ean=8017709179656 woo_id=48108 stock=0 pvpr=332.70812
[2026-04-08 07:04:10] UPDATED sku=KBT700XE ean=8017709286620 woo_id=44936 stock=0 pvpr=550.70816
[2026-04-08 07:04:10] UPDATED sku=KATE600EX ean=8017709235130 woo_id=44906 stock=0 pvpr=256.07656
[2026-04-08 07:04:10] UPDATED sku=FQ60XDF ean=8017709293307 woo_id=38275 stock=0 pvpr=2637.90986
[2026-04-08 07:04:10] UPDATED sku=FQ55XDF ean=8017709293277 woo_id=38288 stock=0 pvpr=2335.39977
[2026-04-08 07:04:10] UPDATED sku=LVS254CX ean=8017709307226 woo_id=39208 stock=0 pvpr=1025.77598
[2026-04-08 07:04:10] UPDATED sku=LVS354CX ean=8017709307257 woo_id=39108 stock=0 pvpr=1074.53375
[2026-04-08 07:04:10] UPDATED sku=MG 3650 X ean=5604409140241 woo_id=48164 stock=0 pvpr=238.35423
[2026-04-08 07:04:10] UPDATED sku=MG 3650 X NAT ean=5604409143723 woo_id=48167 stock=0 pvpr=238.35423
[2026-04-08 07:04:10] UPDATED sku=MG 3641 X ean=5604409140210 woo_id=48158 stock=0 pvpr=203.09756
[2026-04-08 07:04:10] UPDATED sku=MG 3641 X NAT ean=5604409143709 woo_id=48161 stock=0 pvpr=203.09756
[2026-04-08 07:04:10] UPDATED sku=MG 3640 X ean=5604409140180 woo_id=48152 stock=0 pvpr=184.86253
[2026-04-08 07:04:10] UPDATED sku=MG 3640 X NAT ean=5604409143624 woo_id=48155 stock=0 pvpr=184.86253
[2026-04-08 07:04:10] UPDATED sku=MF 6606 N ean=5604409143617 woo_id=47275 stock=0 pvpr=386.71252
[2026-04-08 07:04:10] UPDATED sku=MF 7604 X ean=5604409142467 woo_id=47279 stock=0 pvpr=316.18209
[2026-04-08 07:04:10] UPDATED sku=MMI 20 X ean=5604409134967 woo_id=48975 stock=0 pvpr=311.32853
[2026-04-08 07:04:10] UPDATED sku=MM 20L X ean=5604409139023 woo_id=48959 stock=0 pvpr=204.31095
[2026-04-08 07:04:10] UPDATED sku=MEP 291 BL ean=5604409142597 woo_id=45049 stock=0 pvpr=359.96667
[2026-04-08 07:04:10] UPDATED sku=MEP 291 CR ean=5604409142580 woo_id=45052 stock=0 pvpr=359.96667
[2026-04-08 07:04:10] UPDATED sku=MEP 291 PB ean=5604409142603 woo_id=45055 stock=0 pvpr=359.96667
[2026-04-08 07:04:10] UPDATED sku=MET 161 X ean=5604409140333 woo_id=45760 stock=0 pvpr=164.20072
[2026-04-08 07:04:10] UPDATED sku=G 911 X NAT ean=5604409134073 woo_id=46727 stock=0 pvpr=1298.61783
[2026-04-08 07:04:10] UPDATED sku=E 910 X ean=5604409134950 woo_id=46713 stock=0 pvpr=1310.54665
[2026-04-08 07:04:10] UPDATED sku=E 910 X NAT ean=5604409143099 woo_id=46729 stock=0 pvpr=1310.54665
[2026-04-08 07:04:10] UPDATED sku=G 910 BL ean=5604409143365 woo_id=46719 stock=0 pvpr=1324.28701
[2026-04-08 07:04:10] UPDATED sku=G 910 BL NAT ean=5604409143433 woo_id=46723 stock=0 pvpr=1324.28701
[2026-04-08 07:04:10] UPDATED sku=G 910 R NAT ean=5604409143150 woo_id=46721 stock=0 pvpr=1324.28701
[2026-04-08 07:04:10] UPDATED sku=G 910 CR ean=5604409139252 woo_id=46717 stock=0 pvpr=1324.28701
[2026-04-08 07:04:10] UPDATED sku=G 910 CR NAT ean=5604409143167 woo_id=46725 stock=0 pvpr=1324.28701
[2026-04-08 07:04:10] UPDATED sku=G 910 PB ean=5604409143471 woo_id=46749 stock=0 pvpr=1324.28701
[2026-04-08 07:04:10] UPDATED sku=G 910 PB NAT ean=5604409143488 woo_id=46747 stock=0 pvpr=1324.28701
[2026-04-08 07:04:10] UPDATED sku=E 911 BL NAT ean=5604409143310 woo_id=46745 stock=0 pvpr=1336.45509
[2026-04-08 07:04:16] UPDATED sku=E 911 R NAT ean=5604409143198 woo_id=46737 stock=0 pvpr=1336.45509
[2026-04-08 07:04:16] UPDATED sku=E 911 CR NAT ean=5604409143204 woo_id=46735 stock=0 pvpr=1336.45509
[2026-04-08 07:04:16] UPDATED sku=E 911 PB ean=5604409143532 woo_id=46741 stock=0 pvpr=1336.45509
[2026-04-08 07:04:16] UPDATED sku=E 911 PB NAT ean=5604409143549 woo_id=46739 stock=0 pvpr=1336.45509
[2026-04-08 07:04:16] UPDATED sku=G 914 BL ean=5604409142504 woo_id=46756 stock=0 pvpr=1405.75504
[2026-04-08 07:04:16] UPDATED sku=E 916 X NAT ean=5604409145413 woo_id=46760 stock=0 pvpr=1416.70973
[2026-04-08 07:04:16] UPDATED sku=ISLA SIRIN 1000 ean=8422248097437 woo_id=45999 stock=0 pvpr=719.07884
[2026-04-08 07:04:16] UPDATED sku=LEGEND 7000 XGB ean=8422248101509 woo_id=45083 stock=0 pvpr=288.97481
[2026-04-08 07:04:16] UPDATED sku=ST-9000 X ean=8422248108706 woo_id=45080 stock=0 pvpr=165.48247
[2026-04-08 07:04:16] UPDATED sku=ST-6000 X ean=8422248108683 woo_id=45685 stock=7 pvpr=142.68441
[2026-04-08 07:04:16] UPDATED sku=OMEGA 7500 X ean=8422248101615 woo_id=45288 stock=0 pvpr=172.07921
[2026-04-08 07:04:16] UPDATED sku=TENTA 900 XGWH ean=8422248093729 woo_id=46037 stock=0 pvpr=602.90102
[2026-04-08 07:04:16] UPDATED sku=ARMONIA X45 ean=8422248110563 woo_id=46094 stock=0 pvpr=251.08628
[2026-04-08 07:04:16] UPDATED sku=GCX 83 SD ean=8422248103589 woo_id=46105 stock=0 pvpr=315.49849
[2026-04-08 07:04:16] UPDATED sku=GCX 53 SD ean=8422248103572 woo_id=46108 stock=0 pvpr=292.78588
[2026-04-08 07:04:16] UPDATED sku=GCB 73 X ean=8422248108461 woo_id=46122 stock=0 pvpr=115.83602
[2026-04-08 07:04:16] UPDATED sku=GCB 55 X ean=8422248108454 woo_id=46027 stock=7 pvpr=106.14599
[2026-04-08 07:04:16] UPDATED sku=TFB-5160 X ean=8422248101998 woo_id=45811 stock=4 pvpr=83.34793
[2026-04-08 07:04:16] UPDATED sku=TFB-5160 WH ean=8422248102001 woo_id=45813 stock=2 pvpr=83.34793
[2026-04-08 07:04:16] UPDATED sku=PR 6011 XGBK ean=8422248103350 woo_id=47530 stock=0 pvpr=351.95146
[2026-04-08 07:04:16] UPDATED sku=SES7104X/C ean=8422248347297 woo_id=47553 stock=0 pvpr=276.32821
[2026-04-08 07:04:16] UPDATED sku=GIGA 600 SD ean=8422248069014 woo_id=48540 stock=0 pvpr=1003.11464
[2026-04-08 07:04:16] UPDATED sku=INSB 6028 BK ean=8422248108577 woo_id=48545 stock=30 pvpr=270.63724
[2026-04-08 07:04:16] UPDATED sku=LCI 9041 BK ean=8422248081924 woo_id=48179 stock=0 pvpr=280.63489
[2026-04-08 07:04:16] UPDATED sku=LGI 9041 X ean=8422248081948 woo_id=48188 stock=0 pvpr=278.78917
[2026-04-08 07:04:16] UPDATED sku=CB 50-40 R10 ean=8422248108652 woo_id=37379 stock=0 pvpr=171.63487
[2026-04-08 07:04:16] UPDATED sku=CB 45-40 R10 ean=8422248108645 woo_id=37382 stock=0 pvpr=171.63487
[2026-04-08 07:04:16] UPDATED sku=CB 40-40 P R10 ean=8422248108669 woo_id=37385 stock=0 pvpr=171.63487
[2026-04-08 07:04:16] UPDATED sku=CB 40-40 R10 ean=8422248108638 woo_id=37387 stock=0 pvpr=165.39702
[2026-04-08 07:04:16] UPDATED sku=CBP 40-40 ean=8422248369671 woo_id=37414 stock=0 pvpr=82.51052
[2026-04-08 07:04:16] UPDATED sku=CBS-2 40-40 R10 ean=8422248109031 woo_id=37422 stock=0 pvpr=401.25611
[2026-04-08 07:04:16] UPDATED sku=CBS-1 40-40 D R ean=8422248109024 woo_id=37419 stock=0 pvpr=311.65324
[2026-04-08 07:04:16] UPDATED sku=CBS-1 54-40 R10 ean=8422248109048 woo_id=37425 stock=0 pvpr=240.04614
[2026-04-08 07:04:16] UPDATED sku=CDL-1 EI ean=8422248108911 woo_id=37430 stock=0 pvpr=142.8724
[2026-04-08 07:04:16] UPDATED sku=CDL-1 ED ean=8422248108928 woo_id=37435 stock=0 pvpr=142.8724
[2026-04-08 07:04:16] UPDATED sku=CDP-1 EI ean=8422248108942 woo_id=37444 stock=0 pvpr=125.0988
[2026-04-08 07:04:16] UPDATED sku=CDP-1 ED ean=8422248108959 woo_id=37448 stock=0 pvpr=125.0988
[2026-04-08 07:04:16] UPDATED sku=CDS-1 EI ean=8422248108973 woo_id=37456 stock=0 pvpr=87.75715
[2026-04-08 07:04:16] UPDATED sku=CDS-1 ED ean=8422248108980 woo_id=37460 stock=0 pvpr=87.75715
[2026-04-08 07:04:16] UPDATED sku=C-2 AG ean=8422248109055 woo_id=37464 stock=0 pvpr=126.07293
[2026-04-08 07:04:16] UPDATED sku=RS-1 ean=8422248108997 woo_id=37486 stock=0 pvpr=77.48606
[2026-04-08 07:04:16] UPDATED sku=CPB ean=8422248107914 woo_id=37602 stock=0 pvpr=160.09912
[2026-04-08 07:04:16] UPDATED sku=XPB ean=8422248107921 woo_id=37606 stock=0 pvpr=160.09912
[2026-04-08 07:04:16] UPDATED sku=CPA ean=8422248107938 woo_id=37600 stock=0 pvpr=160.08203
[2026-04-08 07:04:16] UPDATED sku=XSE ean=8422248107907 woo_id=37612 stock=0 pvpr=131.69554
[2026-04-08 07:04:16] UPDATED sku=CTRC-30-M ean=8422248096621 woo_id=50592 stock=0 pvpr=143.8978
[2026-04-08 07:04:16] UPDATED sku=CTRC-15-M ean=8422248096638 woo_id=50595 stock=0 pvpr=121.86879
[2026-04-08 07:04:16] UPDATED sku=BDFN36640XA ean=8690842478772 woo_id=39247 stock=0 pvpr=560.70581
[2026-04-08 07:04:16] UPDATED sku=BPS535160W ean=7332543841349 woo_id=47737 stock=0 pvpr=719.19847
[2026-04-08 07:04:16] UPDATED sku=KMK721880W ean=7332543842803 woo_id=47741 stock=0 pvpr=743.19283
[2026-04-08 07:04:16] UPDATED sku=HKB63320NB ean=7332543810567 woo_id=48334 stock=0 pvpr=346.56811
[2026-04-08 07:04:16] UPDATED sku=DGE5861HM ean=7332543791644 woo_id=44731 stock=0 pvpr=429.06154
[2026-04-08 07:04:16] UPDATED sku=DPE5960M ean=7332543805778 woo_id=45858 stock=0 pvpr=385.96056
[2026-04-08 07:04:16] UPDATED sku=DPE5660M ean=7332543805761 woo_id=45866 stock=0 pvpr=329.40975
[2026-04-08 07:04:16] UPDATED sku=DPB3632S ean=7332543827831 woo_id=45610 stock=0 pvpr=187.54566
[2026-04-08 07:04:16] UPDATED sku=FEE63606PM ean=7332543813872 woo_id=39374 stock=0 pvpr=990.58767
[2026-04-08 07:04:16] UPDATED sku=LFA6I8272A ean=7332543989171 woo_id=38771 stock=56 pvpr=481.63038
[2026-04-08 07:04:16] UPDATED sku=FFB83816PM ean=7332543781478 woo_id=39149 stock=0 pvpr=1487.44524
[2026-04-08 07:04:16] UPDATED sku=FSB64907Z ean=7332543975037 woo_id=39382 stock=0 pvpr=782.85872
[2026-04-08 07:04:16] UPDATED sku=DHP 98760 CONEC ean=8434778025705 woo_id=45399 stock=0 pvpr=676.74691
[2026-04-08 07:04:16] UPDATED sku=HLC 8440 CRISTA ean=8434778008432 woo_id=47475 stock=1 pvpr=838.93101
[2026-04-08 07:04:16] UPDATED sku=HLC 8406 CRISTA ean=8434778026535 woo_id=47461 stock=0 pvpr=497.1481
[2026-04-08 07:04:16] UPDATED sku=HLC 8470 SC CRI ean=8434778024579 woo_id=47445 stock=0 pvpr=1231.35159
[2026-04-08 07:04:16] UPDATED sku=HLB 8550 CRISTA ean=8434778024777 woo_id=47359 stock=0 pvpr=1202.23023
[2026-04-08 07:04:16] UPDATED sku=IZC 63632 MPT ean=8434778027068 woo_id=48636 stock=0 pvpr=480.65625
[2026-04-08 07:04:16] UPDATED sku=IZC 63632 MPT B ean=8434778027075 woo_id=48671 stock=0 pvpr=617.88895
[2026-04-08 07:04:16] UPDATED sku=IZS 67620 MST ean=8434778011661 woo_id=48828 stock=0 pvpr=491.45713
[2026-04-08 07:04:16] UPDATED sku=MASTERSENSE AIR ean=8434778020878 woo_id=48663 stock=0 pvpr=1986.04599
[2026-04-08 07:04:16] UPDATED sku=AFF 87601 MST ean=8434778024982 woo_id=48656 stock=0 pvpr=2118.4764
[2026-04-08 07:04:16] UPDATED sku=HLB 8406 P ean=8434778027679 woo_id=47390 stock=0 pvpr=614.14624
[2026-04-08 07:04:16] UPDATED sku=STEAKMASTER-LIT ean=8434778026597 woo_id=47330 stock=0 pvpr=993.80059
[2026-04-08 07:04:16] UPDATED sku=BSS578271M ean=7333394018713 woo_id=47932 stock=2 pvpr=626.53649
[2026-04-08 07:04:16] UPDATED sku=TCH74B01FB ean=7333394012407 woo_id=48781 stock=0 pvpr=2052.76535
[2026-04-08 07:04:16] UPDATED sku=IKB63300FW ean=7333394017532 woo_id=48785 stock=0 pvpr=791.21573
[2026-04-08 07:04:16] UPDATED sku=HK634060XB ean=7332543486106 woo_id=36081 stock=0 pvpr=275.96932
[2026-04-08 07:04:16] UPDATED sku=RTB411E1AW ean=7332543740031 woo_id=36344 stock=0 pvpr=485.39018
[2026-04-08 07:04:16] UPDATED sku=ATB48E1AW ean=7332543741007 woo_id=38252 stock=0 pvpr=485.39018
[2026-04-08 07:04:16] UPDATED sku=OSC7G181ES ean=7332543978571 woo_id=37878 stock=0 pvpr=1150.17409
[2026-04-08 07:04:16] UPDATED sku=OSC5D181ES ean=7332543848119 woo_id=37882 stock=0 pvpr=783.21761
[2026-04-08 07:04:16] UPDATED sku=OSF6I82EF ean=7333394025568 woo_id=36348 stock=0 pvpr=763.03432
[2026-04-08 07:04:16] UPDATED sku=TAB7N12EF ean=7333394026633 woo_id=38256 stock=0 pvpr=1020.85406
[2026-04-08 07:04:16] UPDATED sku=OAB6I82EF ean=7333394126302 woo_id=48716 stock=0 pvpr=712.92644
[2026-04-08 07:04:16] UPDATED sku=LFR7394V4B ean=7333394018867 woo_id=38843 stock=0 pvpr=891.43149
[2026-04-08 07:04:16] UPDATED sku=LFA6I8472A ean=7332543989188 woo_id=38778 stock=0 pvpr=593.94586
[2026-04-08 07:04:16] UPDATED sku=LWR7316O4Q ean=7333394007694 woo_id=39074 stock=0 pvpr=1343.39363
[2026-04-08 07:04:16] UPDATED sku=LWR7316V6O ean=7333394011318 woo_id=39070 stock=0 pvpr=1188.91712
[2026-04-08 07:04:16] UPDATED sku=LWN7E8636F ean=7333394027739 woo_id=39008 stock=1 pvpr=1139.92009
[2026-04-08 07:04:16] UPDATED sku=FFB74907ZW ean=7333394125510 woo_id=39145 stock=41 pvpr=571.50669
[2026-04-08 07:04:16] UPDATED sku=FFB64607ZM ean=7333394009155 woo_id=39155 stock=0 pvpr=610.84787
[2026-04-08 07:04:16] UPDATED sku=FFB64607ZW ean=7333394009162 woo_id=39159 stock=0 pvpr=589.00685
[2026-04-08 07:04:16] UPDATED sku=FFB33607ZM ean=7333394009438 woo_id=39163 stock=0 pvpr=554.75849
[2026-04-08 07:04:16] UPDATED sku=FFB33607ZW ean=7333394009445 woo_id=39290 stock=0 pvpr=536.76272
[2026-04-08 07:04:16] UPDATED sku=FFB73527ZM ean=7332543983582 woo_id=39489 stock=0 pvpr=673.26055
[2026-04-08 07:04:16] UPDATED sku=FFB62427ZM ean=7332543989799 woo_id=39481 stock=2 pvpr=624.21225
[2026-04-08 07:04:16] UPDATED sku=FSB34707Z ean=7333394034669 woo_id=39384 stock=0 pvpr=922.74037
[2026-04-08 07:04:16] UPDATED sku=RENOVA PURE AIR ean=8422248344692 woo_id=45772 stock=0 pvpr=1396.20173
[2026-04-08 07:04:16] UPDATED sku=AS 600 ean=8422248355339 woo_id=45321 stock=0 pvpr=194.55256
[2026-04-08 07:04:16] UPDATED sku=ACTIVO LAVABLE ean=8422248355568 woo_id=45354 stock=0 pvpr=70.17154
[2026-04-08 07:04:16] UPDATED sku=ISLA BENNU SLIM ean=8422248112642 woo_id=45096 stock=0 pvpr=1050.79574
[2026-04-08 07:04:16] UPDATED sku=GALA 900 L /D ean=8422248355575 woo_id=45107 stock=0 pvpr=500.19012
[2026-04-08 07:04:21] UPDATED sku=GALA 900 R /D ean=8422248355582 woo_id=45110 stock=0 pvpr=500.19012
[2026-04-08 07:04:21] UPDATED sku=SYGMA 9010 X ean=8422248110051 woo_id=45672 stock=2 pvpr=337.73258
[2026-04-08 07:04:21] UPDATED sku=SYGMA 6010 X ean=8422248110075 woo_id=45693 stock=3 pvpr=307.9618
[2026-04-08 07:04:21] UPDATED sku=SYGMA 9010 BK ean=8422248110082 woo_id=45571 stock=1 pvpr=316.48971
[2026-04-08 07:04:21] UPDATED sku=CORONA BK 90 /B ean=8422248348782 woo_id=46075 stock=1 pvpr=426.94238
[2026-04-08 07:04:21] UPDATED sku=GPL 75 X ean=8422248198486 woo_id=46111 stock=0 pvpr=318.02781
[2026-04-08 07:04:21] UPDATED sku=GPL 52 X ean=8422248198479 woo_id=46024 stock=0 pvpr=283.13003
[2026-04-08 07:04:21] UPDATED sku=GT-PLUS 45 BK / ean=8422248190404 woo_id=46120 stock=1 pvpr=152.45989
[2026-04-08 07:04:21] UPDATED sku=TFH-6430 X /B ean=8422248343626 woo_id=45795 stock=10 pvpr=181.25654
[2026-04-08 07:04:21] UPDATED sku=TFH-6430 GWH /B ean=8422248343619 woo_id=45801 stock=7 pvpr=181.23945
[2026-04-08 07:04:21] UPDATED sku=TFB-5160 BK /A ean=8422248108096 woo_id=45815 stock=0 pvpr=83.34793
[2026-04-08 07:04:21] UPDATED sku=MDS 8008 X AIR ean=8422248347846 woo_id=47533 stock=0 pvpr=434.20563
[2026-04-08 07:04:21] UPDATED sku=MDS-8008 WH ean=8422248347679 woo_id=47535 stock=0 pvpr=347.14917
[2026-04-08 07:04:21] UPDATED sku=MDS-8008 BK ean=8422248347655 woo_id=47537 stock=0 pvpr=302.54427
[2026-04-08 07:04:21] UPDATED sku=MDS-8007 WH ean=8422248347709 woo_id=47543 stock=0 pvpr=381.75642
[2026-04-08 07:04:21] UPDATED sku=MDS-8007 BK ean=8422248347693 woo_id=47545 stock=0 pvpr=363.8461
[2026-04-08 07:04:21] UPDATED sku=SES 6204 WH ean=8422248347730 woo_id=47206 stock=0 pvpr=284.10416
[2026-04-08 07:04:21] UPDATED sku=SES 6004 WH ean=8422248347754 woo_id=47559 stock=3 pvpr=229.79214
[2026-04-08 07:04:21] UPDATED sku=SES 6004 BK ean=8422248347839 woo_id=47557 stock=0 pvpr=229.79214
[2026-04-08 07:04:21] UPDATED sku=INSB 9012 BK /A ean=8422248109413 woo_id=48519 stock=0 pvpr=617.95731
[2026-04-08 07:04:21] UPDATED sku=IB 5003 BK ean=8422248094191 woo_id=48553 stock=0 pvpr=332.45177
[2026-04-08 07:04:21] UPDATED sku=IB 6304 BK /A ean=8422248109338 woo_id=48817 stock=0 pvpr=275.6617
[2026-04-08 07:04:21] UPDATED sku=IB 853 BK /A ean=8422248109529 woo_id=48559 stock=0 pvpr=499.50652
[2026-04-08 07:04:21] UPDATED sku=LGI 7041 X /A ean=8422248108812 woo_id=48190 stock=0 pvpr=270.48343
[2026-04-08 07:04:21] UPDATED sku=LVI 61014 /A ean=8422248351379 woo_id=39358 stock=0 pvpr=518.57896
[2026-04-08 07:04:21] UPDATED sku=LVI 46010 /A ean=8422248351393 woo_id=39360 stock=0 pvpr=517.80991
[2026-04-08 07:04:21] UPDATED sku=LVI 61013 /A ean=8422248351386 woo_id=39362 stock=0 pvpr=450.27023
[2026-04-08 07:04:21] UPDATED sku=LVI 46009 /A ean=8422248351409 woo_id=39364 stock=0 pvpr=470.4877
[2026-04-08 07:04:21] UPDATED sku=CI-54177 ST /D ean=8422248350945 woo_id=37816 stock=0 pvpr=516.32308
[2026-04-08 07:04:21] UPDATED sku=CI-54177 NF /C ean=8422248350952 woo_id=37818 stock=0 pvpr=764.93131
[2026-04-08 07:04:21] UPDATED sku=VI 59082 BK ean=8422248110785 woo_id=43175 stock=0 pvpr=780.03887
[2026-04-08 07:04:21] UPDATED sku=CDL-1 - REVERSI ean=8422248108904 woo_id=37428 stock=0 pvpr=142.8724
[2026-04-08 07:04:21] UPDATED sku=CDP-1 - REVERSI ean=8422248108935 woo_id=37440 stock=0 pvpr=125.0988
[2026-04-08 07:04:21] UPDATED sku=EFC-1821 NF EX ean=8422248350587 woo_id=38072 stock=13 pvpr=434.49616
[2026-04-08 07:04:21] UPDATED sku=EFC-1821 NF WH ean=8422248350594 woo_id=38117 stock=29 pvpr=404.12723
[2026-04-08 07:04:21] UPDATED sku=EFC-1822 NF WH ean=8422248350600 woo_id=38115 stock=27 pvpr=435.57283
[2026-04-08 07:04:21] UPDATED sku=EFT-1711 WH /B ean=8422248350631 woo_id=38550 stock=30 pvpr=373.51904
[2026-04-08 07:04:21] UPDATED sku=EFT-1411 WH /C ean=8422248350655 woo_id=38590 stock=44 pvpr=260.67377
[2026-04-08 07:04:21] UPDATED sku=EFS-1823 NF WH ean=8422248350778 woo_id=36451 stock=9 pvpr=575.14686
[2026-04-08 07:04:21] UPDATED sku=EFS-0813 WH /A ean=8422248350662 woo_id=36412 stock=11 pvpr=216.95755
[2026-04-08 07:04:21] UPDATED sku=EZS-1823 NF WH ean=8422248350785 woo_id=38269 stock=17 pvpr=590.1177
[2026-04-08 07:04:21] UPDATED sku=EFS-0814 WH /A ean=8422248350686 woo_id=36434 stock=0 pvpr=216.95755
[2026-04-08 07:04:21] UPDATED sku=EFS-0911 WH /A ean=8422248350709 woo_id=36442 stock=6 pvpr=200.14099
[2026-04-08 07:04:21] UPDATED sku=EZS-1412 NF /A ean=8422248350815 woo_id=36526 stock=29 pvpr=344.75657
[2026-04-08 07:04:21] UPDATED sku=HBA572BB3F ean=4242005464630 woo_id=47842 stock=0 pvpr=711.26871
[2026-04-08 07:04:21] UPDATED sku=HC2700ENFIX ean=8445946017200 woo_id=38171 stock=0 pvpr=1032.08219
[2026-04-08 07:04:21] UPDATED sku=THALASSA PRO 12 ean=8422248356329 woo_id=45154 stock=0 pvpr=650.39413
[2026-04-08 07:04:21] UPDATED sku=THALASSA PRO 80 ean=8422248356381 woo_id=45184 stock=0 pvpr=554.51923
[2026-04-08 07:04:21] UPDATED sku=THALASSA PRO 70 ean=8422248356350 woo_id=45175 stock=0 pvpr=550.75943
[2026-04-08 07:04:21] UPDATED sku=THALASSA PRO 60 ean=8422248356367 woo_id=45178 stock=0 pvpr=534.30176
[2026-04-08 07:04:21] UPDATED sku=THALASSA PRO 90 ean=8422248356374 woo_id=45181 stock=0 pvpr=586.16991
[2026-04-08 07:04:21] UPDATED sku=THALASSA 700GBK ean=8422248356237 woo_id=45190 stock=0 pvpr=419.06389
[2026-04-08 07:04:21] UPDATED sku=THALASSA 900GWH ean=8422248356251 woo_id=45196 stock=0 pvpr=430.34329
[2026-04-08 07:04:21] UPDATED sku=THALASSA 700GWH ean=8422248356268 woo_id=45199 stock=0 pvpr=405.93877
[2026-04-08 07:04:21] UPDATED sku=CAMPANA, JUNO+ ean=8422248355650 woo_id=45219 stock=0 pvpr=295.89626
[2026-04-08 07:04:21] UPDATED sku=CAMPANA, JUNO 9 ean=8422248355612 woo_id=45221 stock=0 pvpr=223.86191
[2026-04-08 07:04:21] UPDATED sku=CAMPANA, JUNO 7 ean=8422248355605 woo_id=45224 stock=1 pvpr=208.89107
[2026-04-08 07:04:21] UPDATED sku=CAMPANA, JUNO 6 ean=8422248355599 woo_id=45227 stock=0 pvpr=199.08141
[2026-04-08 07:04:21] UPDATED sku=MICROONDAS ML 8 ean=8434778029383 woo_id=49050 stock=13 pvpr=244.69462
[2026-04-08 07:04:21] UPDATED sku=MICROONDAS MLEG ean=8434778029406 woo_id=49042 stock=2 pvpr=306.83386
[2026-04-08 07:04:21] UPDATED sku=LAVADORA WMK 71 ean=8434778032673 woo_id=38981 stock=0 pvpr=529.46529
[2026-04-08 07:04:21] UPDATED sku=LAVADORA WMK 70 ean=8434778032659 woo_id=38943 stock=0 pvpr=499.01091
[2026-04-08 07:04:21] UPDATED sku=LAVADORA WMK 40 ean=8434778032611 woo_id=38976 stock=0 pvpr=387.29358
[2026-04-08 07:04:21] UPDATED sku=SECADORA SHK 81 ean=8434778031829 woo_id=43451 stock=0 pvpr=728.23908
[2026-04-08 07:04:21] UPDATED sku=SECADORA SHK 70 ean=8434778032703 woo_id=43448 stock=0 pvpr=551.68229
[2026-04-08 07:04:21] UPDATED sku=TERMO ELECTRICO ean=8421152158746 woo_id=44267 stock=0 pvpr=118.17735
[2026-04-08 07:04:21] UPDATED sku=E501C ean=8421152016015 woo_id=37208 stock=0 pvpr=78.1013
[2026-04-08 07:04:21] UPDATED sku=DUETTA2CINOX ean=8421152034255 woo_id=37203 stock=0 pvpr=204.53312
[2026-04-08 07:04:21] UPDATED sku=DR802CINOX ean=8421152037065 woo_id=37201 stock=0 pvpr=122.74038
[2026-04-08 07:04:21] UPDATED sku=STYLO1C ean=8421152028070 woo_id=37212 stock=12 pvpr=65.47179
[2026-04-08 07:04:21] UPDATED sku=CVAL1CINOX ean=8421152040041 woo_id=37189 stock=4 pvpr=89.26107
[2026-04-08 07:04:21] UPDATED sku=DR801C1EINO ean=8421152037058 woo_id=37195 stock=4 pvpr=115.30623
[2026-04-08 07:04:21] UPDATED sku=EXTR 600 PLUS ean=8422248006316 woo_id=44689 stock=0 pvpr=118.9464
[2026-04-08 07:04:21] UPDATED sku=00117000 ean=8422248100816 woo_id=45329 stock=0 pvpr=115.08406
[2026-04-08 07:04:21] UPDATED sku=EXTRPROFES75 ean=8422248100823 woo_id=45333 stock=0 pvpr=111.39262
[2026-04-08 07:04:21] UPDATED sku=00111002 ean=8422248100830 woo_id=45348 stock=3 pvpr=59.08013
[2026-04-08 07:04:21] UPDATED sku=BE039SINTAL ean=8421152024126 woo_id=37242 stock=0 pvpr=74.70039
[2026-04-08 07:04:21] UPDATED sku=BE4040 ean=8421152024119 woo_id=37232 stock=32 pvpr=72.01726
[2026-04-08 07:04:21] UPDATED sku=EXTRPROFES500 ean=8422248010832 woo_id=45337 stock=43 pvpr=57.71293
[2026-04-08 07:04:21] UPDATED sku=EXTR GS-600 ean=8422248100601 woo_id=45343 stock=0 pvpr=88.30403
[2026-04-08 07:04:21] UPDATED sku=BE2840 ean=8421152024096 woo_id=37224 stock=0 pvpr=78.2722
[2026-04-08 07:04:21] UPDATED sku=24TQ510SPZ ean=8806091547798 woo_id=42728 stock=0 pvpr=218.27348
[2026-04-08 07:04:21] UPDATED sku=65UR78006LK ean=8806087095296 woo_id=42801 stock=45 pvpr=593.21099
[2026-04-08 07:04:21] UPDATED sku=50UR78006LK ean=8806087092080 woo_id=42758 stock=36 pvpr=466.53991
[2026-04-08 07:04:21] UPDATED sku=32LQ630B6LA ean=8806091636966 woo_id=42714 stock=587 pvpr=288.70137
[2026-04-08 07:04:21] UPDATED sku=27TQ615S-WZ ean=8806091606167 woo_id=42761 stock=8 pvpr=247.05304
[2026-04-08 07:04:21] UPDATED sku=27TQ615SPZ ean=8806091585899 woo_id=42780 stock=20 pvpr=247.05304
[2026-04-08 07:04:21] UPDATED sku=55QNED80T6AAEU ean=8806091951274 woo_id=42698 stock=0 pvpr=953.89544
[2026-04-08 07:04:21] UPDATED sku=43A6Q ean=6942351415628 woo_id=42732 stock=17 pvpr=340.7746
[2026-04-08 07:04:21] UPDATED sku=24TQ510SWZ ean=8806091548214 woo_id=42705 stock=10 pvpr=218.27348
[2026-04-08 07:04:21] UPDATED sku=CORTCUTMASTER ean=8414234155115 woo_id=41769 stock=1 pvpr=106.59033
[2026-04-08 07:04:21] UPDATED sku=FR326METAL ean=8421078021742 woo_id=41877 stock=29 pvpr=49.44137
[2026-04-08 07:04:21] UPDATED sku=EN10 ean=4210201574620 woo_id=36770 stock=22 pvpr=31.32597
[2026-04-08 07:04:21] UPDATED sku=TT589 ean=8421078305897 woo_id=42159 stock=6 pvpr=33.35968
[2026-04-08 07:04:21] UPDATED sku=RAPIDISSIMOCLE ean=8414234545121 woo_id=50017 stock=1 pvpr=50.63767
[2026-04-08 07:04:21] UPDATED sku=GR555 ean=8421078026532 woo_id=42184 stock=84 pvpr=54.97853
[2026-04-08 07:04:21] UPDATED sku=MP373 ean=8421078022893 woo_id=36760 stock=0 pvpr=18.799
[2026-04-08 07:04:21] UPDATED sku=ZR0039 ean=3221613008406 woo_id=50036 stock=12 pvpr=12.18517
[2026-04-08 07:04:21] UPDATED sku=14722 ean=8436011053674 woo_id=43665 stock=5 pvpr=40.43494
[2026-04-08 07:04:21] UPDATED sku=60MNEW ean=4210201649793 woo_id=36679 stock=0 pvpr=33.42804
[2026-04-08 07:04:26] UPDATED sku=WB305120 ean=3221613011901 woo_id=50033 stock=39 pvpr=8.81844
[2026-04-08 07:04:26] UPDATED sku=14987 ean=8436044521362 woo_id=39812 stock=5 pvpr=29.27517
[2026-04-08 07:04:26] UPDATED sku=13959 ean=8436011056378 woo_id=40858 stock=0 pvpr=40.12732
[2026-04-08 07:04:26] UPDATED sku=15084 ean=8436044522130 woo_id=41776 stock=5 pvpr=10.4249
[2026-04-08 07:04:26] UPDATED sku=15466 ean=8436044524929 woo_id=36742 stock=5 pvpr=28.60866
[2026-04-08 07:04:26] UPDATED sku=15456 ean=8436044524301 woo_id=39963 stock=0 pvpr=21.39668
[2026-04-08 07:04:26] UPDATED sku=15623 ean=8436044525889 woo_id=40061 stock=3 pvpr=14.08216
[2026-04-08 07:04:26] UPDATED sku=15044 ean=8436044521881 woo_id=40970 stock=22 pvpr=24.37034
[2026-04-08 07:04:26] UPDATED sku=15258 ean=8436044523526 woo_id=40752 stock=0 pvpr=144.30796
[2026-04-08 07:04:26] UPDATED sku=15255 ean=8436044523502 woo_id=40754 stock=0 pvpr=77.96458
[2026-04-08 07:04:26] UPDATED sku=GR266 ean=8421078029731 woo_id=42169 stock=0 pvpr=44.31437
[2026-04-08 07:04:26] UPDATED sku=CV200 ean=8421078029472 woo_id=40103 stock=2 pvpr=31.73613
[2026-04-08 07:04:26] UPDATED sku=973945 ean=8414234739452 woo_id=40747 stock=0 pvpr=73.28192
[2026-04-08 07:04:26] UPDATED sku=14852 ean=8436044520464 woo_id=37027 stock=16 pvpr=13.12512
[2026-04-08 07:04:26] UPDATED sku=15636 ean=8436044525926 woo_id=40750 stock=10 pvpr=56.65335
[2026-04-08 07:04:26] UPDATED sku=R28X6 ean=8421078029939 woo_id=40681 stock=0 pvpr=14.97084
[2026-04-08 07:04:26] UPDATED sku=R22X6 ean=8421078029915 woo_id=40684 stock=0 pvpr=11.963
[2026-04-08 07:04:26] UPDATED sku=MO3250 ean=8436044522239 woo_id=49324 stock=0 pvpr=21.03779
[2026-04-08 07:04:26] UPDATED sku=15874 ean=8436044527715 woo_id=42947 stock=0 pvpr=24.6096
[2026-04-08 07:04:26] UPDATED sku=15011 ean=8436044521560 woo_id=42991 stock=22 pvpr=19.34588
[2026-04-08 07:04:26] UPDATED sku=968435 ean=8414234684356 woo_id=40847 stock=0 pvpr=57.31986
[2026-04-08 07:04:26] UPDATED sku=TO4012 ean=8436044526817 woo_id=40876 stock=6 pvpr=25.20775
[2026-04-08 07:04:26] UPDATED sku=B28X40 ean=8421078029977 woo_id=40693 stock=0 pvpr=20.18329
[2026-04-08 07:04:26] UPDATED sku=B22X30 ean=8421078029953 woo_id=40679 stock=0 pvpr=14.30433
[2026-04-08 07:04:26] UPDATED sku=PC1009 ean=8436044528316 woo_id=40559 stock=3 pvpr=16.38931
[2026-04-08 07:04:26] UPDATED sku=15468 ean=8436044524905 woo_id=40636 stock=0 pvpr=9.00643
[2026-04-08 07:04:26] UPDATED sku=PZ8100 ean=8436044525414 woo_id=39840 stock=5 pvpr=43.08389
[2026-04-08 07:04:26] UPDATED sku=A15453 ean=3045385721123 woo_id=43597 stock=0 pvpr=28.45485
[2026-04-08 07:04:26] UPDATED sku=15186 ean=8436044522963 woo_id=43569 stock=8 pvpr=37.30747
[2026-04-08 07:04:26] UPDATED sku=WB484720 ean=3221613011208 woo_id=50031 stock=10 pvpr=14.61195
[2026-04-08 07:04:26] UPDATED sku=SC1013 ean=8421078027744 woo_id=37090 stock=8 pvpr=39.20446
[2026-04-08 07:04:26] UPDATED sku=TT331 ean=8421078029397 woo_id=43275 stock=43 pvpr=23.32785
[2026-04-08 07:04:26] UPDATED sku=TT587 ean=8421078032540 woo_id=42865 stock=7 pvpr=22.09737
[2026-04-08 07:04:26] UPDATED sku=15463 ean=8436044524899 woo_id=36772 stock=0 pvpr=10.49326
[2026-04-08 07:04:26] UPDATED sku=15555 ean=8436044525384 woo_id=40563 stock=0 pvpr=14.45814
[2026-04-08 07:04:26] UPDATED sku=15189 ean=8436044522994 woo_id=43613 stock=5 pvpr=79.40014
[2026-04-08 07:04:26] UPDATED sku=GR2500 ean=8436044529009 woo_id=40794 stock=6 pvpr=24.0969
[2026-04-08 07:04:26] UPDATED sku=LS260800 ean=3045385782117 woo_id=42896 stock=0 pvpr=39.68298
[2026-04-08 07:04:26] UPDATED sku=16054 ean=8436044528798 woo_id=39776 stock=0 pvpr=30.40311
[2026-04-08 07:04:26] UPDATED sku=ECOPAPEL3L ean=8414234991751 woo_id=50029 stock=0 pvpr=7.94685
[2026-04-08 07:04:26] UPDATED sku=GR559 ean=8421078030607 woo_id=42154 stock=0 pvpr=80.75025
[2026-04-08 07:04:26] UPDATED sku=GR205 ean=8421078029854 woo_id=40843 stock=26 pvpr=34.43635
[2026-04-08 07:04:26] UPDATED sku=PM3550 ean=8436044529177 woo_id=39778 stock=7 pvpr=13.72327
[2026-04-08 07:04:26] UPDATED sku=CJ3050 ean=8021098773012 woo_id=40722 stock=0 pvpr=40.6742
[2026-04-08 07:04:26] UPDATED sku=CJ3000 ean=8021098773005 woo_id=41794 stock=0 pvpr=26.26733
[2026-04-08 07:04:26] UPDATED sku=MS4570 ean=8436044530500 woo_id=41767 stock=0 pvpr=104.30027
[2026-04-08 07:04:26] UPDATED sku=PC1208 ean=3045386363483 woo_id=41798 stock=18 pvpr=24.01145
[2026-04-08 07:04:26] UPDATED sku=QP620 ean=8421078030942 woo_id=36530 stock=4 pvpr=19.10662
[2026-04-08 07:04:26] UPDATED sku=DJ3001 ean=3045388190346 woo_id=41100 stock=0 pvpr=32.06084
[2026-04-08 07:04:26] UPDATED sku=TBC3500 ean=8436044530272 woo_id=40852 stock=0 pvpr=60.48151
[2026-04-08 07:04:26] UPDATED sku=DA5525 ean=8436044529382 woo_id=40532 stock=20 pvpr=87.44953
[2026-04-08 07:04:26] UPDATED sku=810 ean=4210201097358 woo_id=36785 stock=0 pvpr=87.63752
[2026-04-08 07:04:26] UPDATED sku=TBC3000 ean=8436044530265 woo_id=40845 stock=0 pvpr=39.76843
[2026-04-08 07:04:26] UPDATED sku=CO4000 ean=8436044528804 woo_id=40193 stock=0 pvpr=26.18188
[2026-04-08 07:04:26] UPDATED sku=EN80CW ean=8004399327931 woo_id=49553 stock=0 pvpr=128.19209
[2026-04-08 07:04:26] UPDATED sku=CU3800 ean=8436044521980 woo_id=40020 stock=0 pvpr=34.3509
[2026-04-08 07:04:26] UPDATED sku=TC350 ean=8414234242440 woo_id=40720 stock=0 pvpr=18.26921
[2026-04-08 07:04:26] UPDATED sku=KT5010 ean=8436044530012 woo_id=39770 stock=0 pvpr=25.4641
[2026-04-08 07:04:26] UPDATED sku=SETRL5500 ean=8436044531408 woo_id=40000 stock=5 pvpr=47.852
[2026-04-08 07:04:26] UPDATED sku=TRL560 ean=8436044531330 woo_id=39790 stock=0 pvpr=8.18611
[2026-04-08 07:04:26] UPDATED sku=TRL10060 ean=8436044531354 woo_id=39786 stock=0 pvpr=11.60411
[2026-04-08 07:04:26] UPDATED sku=AH3150 ean=8436044531538 woo_id=36833 stock=45 pvpr=37.46128
[2026-04-08 07:04:26] UPDATED sku=PL618 ean=8421078032397 woo_id=43581 stock=74 pvpr=29.053
[2026-04-08 07:04:26] UPDATED sku=SW546 ean=8421078032007 woo_id=40769 stock=0 pvpr=40.96473
[2026-04-08 07:04:26] UPDATED sku=CN15B ean=8421078031154 woo_id=36606 stock=0 pvpr=8.7159
[2026-04-08 07:04:26] UPDATED sku=KFE660 ean=8436044532450 woo_id=49813 stock=0 pvpr=51.0991
[2026-04-08 07:04:26] UPDATED sku=TSF01PBEU ean=8017709189099 woo_id=43305 stock=0 pvpr=160.27002
[2026-04-08 07:04:26] UPDATED sku=TSF01PKEU ean=8017709189013 woo_id=43708 stock=0 pvpr=160.27002
[2026-04-08 07:04:26] UPDATED sku=ZR200520 ean=3221613016104 woo_id=50019 stock=0 pvpr=12.80041
[2026-04-08 07:04:26] UPDATED sku=BTP3000 ean=8436044523618 woo_id=42932 stock=2 pvpr=11.1085
[2026-04-08 07:04:26] UPDATED sku=PC123 ean=8421078033394 woo_id=40482 stock=0 pvpr=37.66636
[2026-04-08 07:04:26] UPDATED sku=GR204N ean=8421078030850 woo_id=42161 stock=22 pvpr=49.561
[2026-04-08 07:04:26] UPDATED sku=AHC4050 ean=8436044531545 woo_id=36827 stock=73 pvpr=39.76843
[2026-04-08 07:04:26] UPDATED sku=AHC4150 ean=8436044531552 woo_id=36829 stock=73 pvpr=41.05018
[2026-04-08 07:04:26] UPDATED sku=AHC3050 ean=8436044531521 woo_id=36831 stock=15 pvpr=33.42804
[2026-04-08 07:04:26] UPDATED sku=TRL760 ean=8436044531347 woo_id=39792 stock=0 pvpr=9.60458
[2026-04-08 07:04:26] UPDATED sku=CU7000 ean=8436044532184 woo_id=39780 stock=2 pvpr=28.47194
[2026-04-08 07:04:26] UPDATED sku=ALIZEEVOLUTION2 ean=8414234003812 woo_id=37109 stock=4 pvpr=24.83177
[2026-04-08 07:04:26] UPDATED sku=PT5010 ean=4210201132370 woo_id=36782 stock=9 pvpr=30.94999
[2026-04-08 07:04:26] UPDATED sku=SFB8026 ean=8436044531828 woo_id=40199 stock=4 pvpr=15.02211
[2026-04-08 07:04:26] UPDATED sku=KF1200 ean=8436044522246 woo_id=49915 stock=0 pvpr=15.68862
[2026-04-08 07:04:26] UPDATED sku=KF600 ean=8436044522260 woo_id=49879 stock=1 pvpr=9.21151
[2026-04-08 07:04:26] UPDATED sku=KF300 ean=8436044522277 woo_id=49897 stock=5 pvpr=7.41706
[2026-04-08 07:04:26] UPDATED sku=KFI450 ean=8436044522758 woo_id=49364 stock=0 pvpr=1.5381
[2026-04-08 07:04:26] UPDATED sku=PC300B10 ean=3045386373543 woo_id=41796 stock=20 pvpr=29.70242
[2026-04-08 07:04:26] UPDATED sku=KFI960 ean=8436044534201 woo_id=49931 stock=3 pvpr=17.4318
[2026-04-08 07:04:26] UPDATED sku=KFI1260 ean=8436044534218 woo_id=49883 stock=0 pvpr=24.96849
[2026-04-08 07:04:26] UPDATED sku=CV7810F0 ean=3121040059548 woo_id=37165 stock=0 pvpr=35.58138
[2026-04-08 07:04:26] UPDATED sku=BQ101 ean=8421078022343 woo_id=40839 stock=7 pvpr=49.50973
[2026-04-08 07:04:26] UPDATED sku=SFB8028 ean=8436044531835 woo_id=40218 stock=0 pvpr=17.63688
[2026-04-08 07:04:26] UPDATED sku=SFB8032 ean=8436044531859 woo_id=39899 stock=0 pvpr=21.10615
[2026-04-08 07:04:26] UPDATED sku=SFH 8520 ean=8436044531866 woo_id=39922 stock=0 pvpr=14.47523
[2026-04-08 07:04:26] UPDATED sku=SFH 8524 ean=8436044531873 woo_id=39917 stock=0 pvpr=16.56021
[2026-04-08 07:04:26] UPDATED sku=SFH 8528 ean=8436044531897 woo_id=39920 stock=0 pvpr=21.39668
[2026-04-08 07:04:26] UPDATED sku=KFI460 ean=8436044534188 woo_id=49887 stock=38 pvpr=11.91173
[2026-04-08 07:04:26] UPDATED sku=TES4650 ean=8436044534300 woo_id=36933 stock=0 pvpr=32.26592
[2026-04-08 07:04:26] UPDATED sku=LS330D11 ean=3016661148576 woo_id=42898 stock=27 pvpr=42.93008
[2026-04-08 07:04:26] UPDATED sku=16590 ean=8436044532535 woo_id=49610 stock=0 pvpr=30.40311
[2026-04-08 07:04:26] UPDATED sku=SV2680 ean=8436044534409 woo_id=42949 stock=0 pvpr=32.52227
[2026-04-08 07:04:26] UPDATED sku=VIN145 ean=8421078032878 woo_id=40406 stock=2 pvpr=60.99421
[2026-04-08 07:04:31] UPDATED sku=PB2222 ean=8436044534386 woo_id=37009 stock=12 pvpr=19.43133
[2026-04-08 07:04:31] UPDATED sku=SFB8020 ean=8436044531798 woo_id=39928 stock=0 pvpr=9.63876
[2026-04-08 07:04:31] UPDATED sku=SFB8022 ean=8436044531804 woo_id=39896 stock=12 pvpr=11.31358
[2026-04-08 07:04:31] UPDATED sku=SFB 8024 ean=8436044531811 woo_id=40153 stock=0 pvpr=12.44152
[2026-04-08 07:04:31] UPDATED sku=300sBlackSerie3 ean=4210201163305 woo_id=36670 stock=0 pvpr=70.56461
[2026-04-08 07:04:31] UPDATED sku=RUF1028 ean=8436044534416 woo_id=39902 stock=3 pvpr=20.38837
[2026-04-08 07:04:31] UPDATED sku=DD655D10 ean=3016661149696 woo_id=40616 stock=39 pvpr=57.01224
[2026-04-08 07:04:31] UPDATED sku=BTP4000 ean=8436044523625 woo_id=42928 stock=13 pvpr=11.38194
[2026-04-08 07:04:31] UPDATED sku=BT158 ean=8421078033257 woo_id=40646 stock=68 pvpr=27.87379
[2026-04-08 07:04:31] UPDATED sku=ECAM23120B ean=8004399326187 woo_id=49386 stock=0 pvpr=618.50419
[2026-04-08 07:04:31] UPDATED sku=BTP 6500 ean=8436044533839 woo_id=42937 stock=12 pvpr=17.27799
[2026-04-08 07:04:31] UPDATED sku=LS160111 ean=3045385783749 woo_id=43439 stock=0 pvpr=31.46269
[2026-04-08 07:04:31] UPDATED sku=CJ3000BK ean=8021098773029 woo_id=40724 stock=0 pvpr=26.26733
[2026-04-08 07:04:31] UPDATED sku=HT3100WH ean=8021098760036 woo_id=43508 stock=0 pvpr=55.59377
[2026-04-08 07:04:31] UPDATED sku=EC685.M ean=8004399331198 woo_id=49766 stock=7 pvpr=297.99833
[2026-04-08 07:04:31] UPDATED sku=EC685.R ean=8004399331204 woo_id=49771 stock=3 pvpr=335.59633
[2026-04-08 07:04:31] UPDATED sku=EC685.BK ean=8004399331181 woo_id=49773 stock=0 pvpr=335.59633
[2026-04-08 07:04:31] UPDATED sku=EN 85.L ean=8004399332065 woo_id=49502 stock=0 pvpr=139.9671
[2026-04-08 07:04:31] UPDATED sku=CO4015 ean=8436044535499 woo_id=40114 stock=0 pvpr=44.19474
[2026-04-08 07:04:31] UPDATED sku=SFB8018 ean=8436044531781 woo_id=39893 stock=0 pvpr=8.57918
[2026-04-08 07:04:31] UPDATED sku=EP2210 ean=8436044535833 woo_id=39965 stock=0 pvpr=18.16667
[2026-04-08 07:04:31] UPDATED sku=HPL6070 ean=8436044536175 woo_id=39874 stock=0 pvpr=62.99374
[2026-04-08 07:04:31] UPDATED sku=HPL8070 ean=8436044536182 woo_id=39884 stock=1 pvpr=63.52353
[2026-04-08 07:04:31] UPDATED sku=HPL12070 ean=8436044536205 woo_id=39870 stock=0 pvpr=83.55301
[2026-04-08 07:04:31] UPDATED sku=KFN610 ean=8436044522321 woo_id=49833 stock=3 pvpr=10.0831
[2026-04-08 07:04:31] UPDATED sku=SV2670 ean=8436044535130 woo_id=43669 stock=28 pvpr=28.07887
[2026-04-08 07:04:31] UPDATED sku=SEH1800 ean=8436044535475 woo_id=37130 stock=12 pvpr=38.23033
[2026-04-08 07:04:31] UPDATED sku=MITOASTDUPLO ean=8414234606396 woo_id=40968 stock=0 pvpr=36.94858
[2026-04-08 07:04:31] UPDATED sku=BC3 ean=8436017659856 woo_id=39622 stock=0 pvpr=68.05238
[2026-04-08 07:04:31] UPDATED sku=OSR ean=8436017658255 woo_id=40215 stock=3 pvpr=116.29745
[2026-04-08 07:04:31] UPDATED sku=OSR8 ean=8436017658279 woo_id=39653 stock=0 pvpr=128.48262
[2026-04-08 07:04:31] UPDATED sku=TP520 ean=8436017659252 woo_id=42868 stock=4 pvpr=66.18957
[2026-04-08 07:04:31] UPDATED sku=EP1510 ean=8436044535826 woo_id=40710 stock=8 pvpr=13.12512
[2026-04-08 07:04:31] UPDATED sku=EX611 ean=8421078033660 woo_id=41788 stock=0 pvpr=60.08844
[2026-04-08 07:04:31] UPDATED sku=SE2085 ean=8436044535949 woo_id=37151 stock=11 pvpr=33.80402
[2026-04-08 07:04:31] UPDATED sku=KT6022 ean=8436044537301 woo_id=39782 stock=4 pvpr=29.7366
[2026-04-08 07:04:31] UPDATED sku=CG4060N ean=8436044535031 woo_id=49568 stock=0 pvpr=24.76341
[2026-04-08 07:04:31] UPDATED sku=8436044536199 ean=8436044536199 woo_id=40241 stock=4 pvpr=88.56038
[2026-04-08 07:04:31] UPDATED sku=HU1000 ean=8436044536977 woo_id=44340 stock=7 pvpr=21.84102
[2026-04-08 07:04:31] UPDATED sku=FO3510 ean=8436044537349 woo_id=39737 stock=1 pvpr=127.47431
[2026-04-08 07:04:31] UPDATED sku=TP3500 ean=8436044529108 woo_id=43339 stock=0 pvpr=67.77894
[2026-04-08 07:04:31] UPDATED sku=FASHION3000IONI ean=8414234005601 woo_id=37148 stock=0 pvpr=34.36799
[2026-04-08 07:04:31] UPDATED sku=9870 ean=4210201190448 woo_id=37046 stock=0 pvpr=201.59364
[2026-04-08 07:04:31] UPDATED sku=DW8215 ean=4210101956885 woo_id=43048 stock=152 pvpr=99.01946
[2026-04-08 07:04:31] UPDATED sku=TRL360 ean=8436044531323 woo_id=39788 stock=0 pvpr=6.85309
[2026-04-08 07:04:31] UPDATED sku=LI5060 ean=8436044536311 woo_id=42120 stock=8 pvpr=63.5748
[2026-04-08 07:04:31] UPDATED sku=FO6000 ean=8436044535741 woo_id=40497 stock=1 pvpr=52.55175
[2026-04-08 07:04:31] UPDATED sku=KT6021 ean=8436044537127 woo_id=40811 stock=0 pvpr=30.96708
[2026-04-08 07:04:31] UPDATED sku=ECP3321BK ean=8004399333109 woo_id=49652 stock=8 pvpr=174.02747
[2026-04-08 07:04:31] UPDATED sku=QP301B ean=8437015023380 woo_id=40514 stock=2 pvpr=30.35184
[2026-04-08 07:04:31] UPDATED sku=QP401B ean=8437015023403 woo_id=40518 stock=1 pvpr=48.97994
[2026-04-08 07:04:31] UPDATED sku=QP501B ean=8437015023410 woo_id=40520 stock=2 pvpr=61.79744
[2026-04-08 07:04:31] UPDATED sku=SP100 ean=8437015023427 woo_id=41116 stock=3 pvpr=39.6488
[2026-04-08 07:04:31] UPDATED sku=HP6006 ean=8436044537899 woo_id=40202 stock=10 pvpr=71.38493
[2026-04-08 07:04:31] UPDATED sku=CFB1016 ean=8436044537547 woo_id=39850 stock=5 pvpr=18.01286
[2026-04-08 07:04:31] UPDATED sku=CFB1018 ean=8436044537554 woo_id=39848 stock=4 pvpr=20.28583
[2026-04-08 07:04:31] UPDATED sku=AHC ean=8436044538940 woo_id=36835 stock=16 pvpr=38.70885
[2026-04-08 07:04:31] UPDATED sku=AHL2000 ean=8436044538681 woo_id=51640 stock=4 pvpr=31.68486
[2026-04-08 07:04:31] UPDATED sku=SI3041G ean=8021098270672 woo_id=43441 stock=0 pvpr=80.81861
[2026-04-08 07:04:31] UPDATED sku=LM430110 ean=3016661152566 woo_id=40630 stock=0 pvpr=61.74617
[2026-04-08 07:04:31] UPDATED sku=DD65AD10 ean=3016661152290 woo_id=41732 stock=0 pvpr=40.12732
[2026-04-08 07:04:31] UPDATED sku=CO3031 ean=8436044538636 woo_id=40243 stock=15 pvpr=55.09816
[2026-04-08 07:04:31] UPDATED sku=CO3025 ean=8436044538629 woo_id=39862 stock=0 pvpr=32.45391
[2026-04-08 07:04:31] UPDATED sku=MYTOASTLEGEND ean=8414234606440 woo_id=40972 stock=20 pvpr=45.71575
[2026-04-08 07:04:31] UPDATED sku=TSF01PGEU ean=8017709189051 woo_id=40923 stock=6 pvpr=160.27002
[2026-04-08 07:04:31] UPDATED sku=HP10006 ean=8436044537912 woo_id=39872 stock=0 pvpr=94.88368
[2026-04-08 07:04:31] UPDATED sku=BAPI1200INOX ean=8414234163653 woo_id=40614 stock=0 pvpr=44.57072
[2026-04-08 07:04:31] UPDATED sku=HP4006 ean=8436044537882 woo_id=40059 stock=5 pvpr=63.86533
[2026-04-08 07:04:31] UPDATED sku=EV3400 ean=8436044538926 woo_id=41784 stock=0 pvpr=56.72171
[2026-04-08 07:04:31] UPDATED sku=MO3400 ean=8436044539459 woo_id=49326 stock=0 pvpr=50.9282
[2026-04-08 07:04:31] UPDATED sku=AP7007 ean=8436044539435 woo_id=50061 stock=0 pvpr=65.40343
[2026-04-08 07:04:31] UPDATED sku=CM2360 ean=8436044534270 woo_id=39836 stock=1 pvpr=40.52039
[2026-04-08 07:04:31] UPDATED sku=KT5002 ean=8436044538599 woo_id=39796 stock=2 pvpr=15.46645
[2026-04-08 07:04:31] UPDATED sku=HP8006 ean=8436044537905 woo_id=40209 stock=7 pvpr=83.10867
[2026-04-08 07:04:31] UPDATED sku=17032 ean=8436044536298 woo_id=39878 stock=0 pvpr=5.93023
[2026-04-08 07:04:31] UPDATED sku=MYTOAST ean=8414234606471 woo_id=40966 stock=0 pvpr=32.23174
[2026-04-08 07:04:31] UPDATED sku=SFB9020 ean=8436044539169 woo_id=40182 stock=1 pvpr=14.13343
[2026-04-08 07:04:31] UPDATED sku=AP1500 ean=8436044539411 woo_id=50182 stock=0 pvpr=48.39888
[2026-04-08 07:04:31] UPDATED sku=CDB1032 ean=8436044539343 woo_id=40032 stock=6 pvpr=80.45972
[2026-04-08 07:04:31] UPDATED sku=CTP2500 ean=8436044537837 woo_id=36744 stock=5 pvpr=33.51349
[2026-04-08 07:04:31] UPDATED sku=MC4550 ean=8436044539473 woo_id=40471 stock=2 pvpr=49.2192
[2026-04-08 07:04:31] UPDATED sku=NIXUS ean=8414234022196 woo_id=36758 stock=0 pvpr=30.57401
[2026-04-08 07:04:31] UPDATED sku=SFB9032 ean=8436044539220 woo_id=39931 stock=8 pvpr=27.01929
[2026-04-08 07:04:31] UPDATED sku=EP4200 ean=8436044539015 woo_id=40712 stock=0 pvpr=56.14065
[2026-04-08 07:04:31] UPDATED sku=FO1710 ean=8436044537325 woo_id=41154 stock=0 pvpr=60.70368
[2026-04-08 07:04:31] UPDATED sku=FO2710 ean=8436044537332 woo_id=39735 stock=0 pvpr=114.3321
[2026-04-08 07:04:31] UPDATED sku=RUF3528 ean=8436044536700 woo_id=39888 stock=0 pvpr=22.23409
[2026-04-08 07:04:31] UPDATED sku=KFM1230 ean=8436044526367 woo_id=49819 stock=0 pvpr=15.09047
[2026-04-08 07:04:31] UPDATED sku=KFM930 ean=8436044526350 woo_id=49933 stock=0 pvpr=12.21935
[2026-04-08 07:04:31] UPDATED sku=KFM630 ean=8436044526343 woo_id=49825 stock=5 pvpr=9.24569
[2026-04-08 07:04:31] UPDATED sku=DA-5650 ean=8436044538254 woo_id=40499 stock=5 pvpr=93.96082
[2026-04-08 07:04:31] UPDATED sku=DD4511 ean=3016661154287 woo_id=40652 stock=0 pvpr=32.23174
[2026-04-08 07:04:31] UPDATED sku=DG7623 ean=3121040072639 woo_id=43525 stock=3 pvpr=224.88731
[2026-04-08 07:04:31] UPDATED sku=DX1550 ean=4210101962343 woo_id=43548 stock=73 pvpr=34.33381
[2026-04-08 07:04:31] UPDATED sku=KLF04CREU ean=8017709231378 woo_id=42064 stock=0 pvpr=188.70778
[2026-04-08 07:04:31] UPDATED sku=DCF02CREU ean=8017709280499 woo_id=49586 stock=0 pvpr=188.70778
[2026-04-08 07:04:31] UPDATED sku=TSF02CREU ean=8017709190712 woo_id=43308 stock=0 pvpr=188.70778
[2026-04-08 07:04:31] UPDATED sku=BTP5000 ean=8436044523632 woo_id=42930 stock=10 pvpr=12.56115
[2026-04-08 07:04:31] UPDATED sku=AP8030 ean=8436044539961 woo_id=50093 stock=31 pvpr=81.02369
[2026-04-08 07:04:31] UPDATED sku=TRSL1500 ean=8436044539985 woo_id=39760 stock=0 pvpr=38.74303
