[2026-04-07 07:11:44] START sync
[2026-04-07 07:13:36] UPDATED sku=CESTAVARILLA3 ean=8421152026656 woo_id=30526 stock=0 pvpr=56.60208
[2026-04-07 07:13:36] UPDATED sku=ENCCGC4GAIAL ean=8421152027875 woo_id=31928 stock=1 pvpr=403.05056
[2026-04-07 07:13:36] UPDATED sku=61801238CARBO ean=8421152712351 woo_id=18468 stock=0 pvpr=22.66134
[2026-04-07 07:13:36] UPDATED sku=10119059CLASS ean=8421152030677 woo_id=12500 stock=4 pvpr=159.91113
[2026-04-07 07:13:36] UPDATED sku=10205019SMCGC ean=8421152027868 woo_id=31925 stock=0 pvpr=403.05056
[2026-04-07 07:13:36] UPDATED sku=BE2C780 ean=8421152031278 woo_id=12537 stock=0 pvpr=238.33714
[2026-04-07 07:13:36] UPDATED sku=BE2C785 ean=8421152031261 woo_id=12539 stock=1 pvpr=249.0013
[2026-04-07 07:13:36] UPDATED sku=81472103 ean=8421152708316 woo_id=18489 stock=0 pvpr=81.53639
[2026-04-07 07:13:36] UPDATED sku=2C80O ean=8421152018682 woo_id=12529 stock=0 pvpr=256.60635
[2026-04-07 07:13:36] UPDATED sku=DR801C1EIZQ ean=8421152705865 woo_id=12508 stock=0 pvpr=115.30623
[2026-04-07 07:13:36] UPDATED sku=81476034 ean=8421152708354 woo_id=18483 stock=0 pvpr=72.44451
[2026-04-07 07:13:36] UPDATED sku=CAMPANAGFH73INO ean=8421152036402 woo_id=28405 stock=2 pvpr=156.51022
[2026-04-07 07:13:36] UPDATED sku=CAMPANAGFH55INO ean=8421152036396 woo_id=28403 stock=8 pvpr=143.48764
[2026-04-07 07:13:36] UPDATED sku=10125122 ean=8421152062111 woo_id=12547 stock=1 pvpr=100.18158
[2026-04-07 07:13:36] UPDATED sku=10125123 ean=8421152066454 woo_id=12545 stock=8 pvpr=93.90955
[2026-04-07 07:13:36] UPDATED sku=10205283 ean=8421152066508 woo_id=31934 stock=3 pvpr=439.26427
[2026-04-07 07:13:36] UPDATED sku=41001000 ean=8421152066669 woo_id=12835 stock=1 pvpr=85.55254
[2026-04-07 07:13:36] UPDATED sku=MIG2025 ean=8436044524721 woo_id=32641 stock=0 pvpr=157.96287
[2026-04-07 07:13:36] UPDATED sku=CAMPANADBB60INO ean=8421152069608 woo_id=29388 stock=12 pvpr=147.8285
[2026-04-07 07:13:36] UPDATED sku=CAMPANADBB70INO ean=8421152069639 woo_id=29270 stock=0 pvpr=156.51022
[2026-04-07 07:13:36] UPDATED sku=CAMPANADBB60NEG ean=8421152069622 woo_id=29129 stock=0 pvpr=204.32804
[2026-04-07 07:13:36] UPDATED sku=CAMPANADBB70NEG ean=8421152069653 woo_id=29131 stock=0 pvpr=208.68599
[2026-04-07 07:13:36] UPDATED sku=CAMPANADBB90INO ean=8421152069660 woo_id=29133 stock=1 pvpr=178.2487
[2026-04-07 07:13:36] UPDATED sku=CAMPANADBB90NEG ean=8421152069684 woo_id=29135 stock=0 pvpr=213.02685
[2026-04-07 07:13:36] UPDATED sku=11119200 ean=8421152071526 woo_id=12502 stock=0 pvpr=215.69289
[2026-04-07 07:13:36] UPDATED sku=12127001 ean=8421152069592 woo_id=12531 stock=0 pvpr=371.86131
[2026-04-07 07:13:36] UPDATED sku=10125121 ean=8421152060889 woo_id=12549 stock=0 pvpr=177.85563
[2026-04-07 07:13:36] UPDATED sku=10205083 ean=8421152066492 woo_id=31931 stock=0 pvpr=439.26427
[2026-04-07 07:13:36] UPDATED sku=02625010 ean=8422248369596 woo_id=12716 stock=21 pvpr=92.04674
[2026-04-07 07:13:36] UPDATED sku=61801262 ean=8421152070192 woo_id=18473 stock=0 pvpr=22.66134
[2026-04-07 07:13:36] UPDATED sku=MIG2325ENMARC ean=8436044525933 woo_id=32643 stock=0 pvpr=178.4196
[2026-04-07 07:13:36] UPDATED sku=CM760ASBK ean=8422248059497 woo_id=30982 stock=21 pvpr=379.27837
[2026-04-07 07:13:36] UPDATED sku=07510301 ean=8422248049450 woo_id=32700 stock=0 pvpr=233.72284
[2026-04-07 07:13:36] UPDATED sku=07510300 ean=8422248048453 woo_id=32697 stock=2 pvpr=283.83072
[2026-04-07 07:13:36] UPDATED sku=10210002 ean=8421152086308 woo_id=11342 stock=0 pvpr=569.50716
[2026-04-07 07:13:36] UPDATED sku=ARK939 ean=8421152084793 woo_id=12808 stock=0 pvpr=249.0013
[2026-04-07 07:13:36] UPDATED sku=15638 ean=8436044525940 woo_id=32968 stock=0 pvpr=175.75356
[2026-04-07 07:13:36] UPDATED sku=G3640SPXN ean=5604409126610 woo_id=30464 stock=0 pvpr=927.49139
[2026-04-07 07:13:36] UPDATED sku=5391312 ean=8421152091494 woo_id=12827 stock=0 pvpr=43.68204
[2026-04-07 07:13:36] UPDATED sku=15914 ean=8436044528071 woo_id=33015 stock=0 pvpr=181.97432
[2026-04-07 07:13:36] UPDATED sku=509130200 ean=8421152084809 woo_id=12811 stock=0 pvpr=77.60569
[2026-04-07 07:13:36] UPDATED sku=CB55BBVS ean=8437004003089 woo_id=30388 stock=2 pvpr=341.6291
[2026-04-07 07:13:36] UPDATED sku=CB55BNVS ean=8437004003096 woo_id=30390 stock=2 pvpr=341.6291
[2026-04-07 07:13:36] UPDATED sku=UN55INVS ean=8437004003409 woo_id=30398 stock=0 pvpr=763.17104
[2026-04-07 07:13:36] UPDATED sku=UN55IBVS ean=8437004003393 woo_id=30480 stock=0 pvpr=763.17104
[2026-04-07 07:13:36] UPDATED sku=CB55IBVS ean=8437004003102 woo_id=30392 stock=0 pvpr=387.53284
[2026-04-07 07:13:36] UPDATED sku=61001303 ean=8421152714492 woo_id=30544 stock=0 pvpr=16.18423
[2026-04-07 07:13:36] UPDATED sku=301TGN ean=8437004003010 woo_id=11314 stock=0 pvpr=967.10601
[2026-04-07 07:13:36] UPDATED sku=02625300 ean=8422248048743 woo_id=12706 stock=104 pvpr=112.43511
[2026-04-07 07:13:36] UPDATED sku=3EB720XR ean=4242006224424 woo_id=18642 stock=0 pvpr=273.32037
[2026-04-07 07:13:36] UPDATED sku=GCDUALA45XGWHB ean=8422248078290 woo_id=29714 stock=4 pvpr=345.49144
[2026-04-07 07:13:36] UPDATED sku=61001302 ean=8421152714478 woo_id=30542 stock=3 pvpr=16.18423
[2026-04-07 07:13:36] UPDATED sku=MC25GTCWH ean=8422248055260 woo_id=32710 stock=0 pvpr=437.93125
[2026-04-07 07:13:36] UPDATED sku=PIEDRAPIZZACOMB ean=8421152110591 woo_id=30913 stock=0 pvpr=49.83444
[2026-04-07 07:13:36] UPDATED sku=IC915BLACK ean=8421152091364 woo_id=12798 stock=0 pvpr=337.93766
[2026-04-07 07:13:36] UPDATED sku=BE4040PLUS ean=8421152113240 woo_id=12543 stock=5 pvpr=87.6717
[2026-04-07 07:13:36] UPDATED sku=FO915 ean=8421152112700 woo_id=12819 stock=0 pvpr=224.10117
[2026-04-07 07:13:36] UPDATED sku=BE2C765 ean=8421152112960 woo_id=12535 stock=0 pvpr=238.33714
[2026-04-07 07:13:36] UPDATED sku=AUK983 ean=8421152112731 woo_id=12815 stock=0 pvpr=256.11074
[2026-04-07 07:13:36] UPDATED sku=ELEGANCE275 ean=8414706005573 woo_id=13523 stock=0 pvpr=1602.8711
[2026-04-07 07:13:36] UPDATED sku=CB60BN ean=8437004003539 woo_id=30402 stock=0 pvpr=430.01858
[2026-04-07 07:13:36] UPDATED sku=CB60BB ean=8437004003522 woo_id=30399 stock=0 pvpr=430.01858
[2026-04-07 07:13:36] UPDATED sku=MC20IX ean=8422248058476 woo_id=32703 stock=6 pvpr=208.48091
[2026-04-07 07:13:36] UPDATED sku=RCI631BK ean=8422248055024 woo_id=31850 stock=0 pvpr=238.32005
[2026-04-07 07:13:36] UPDATED sku=HK623021FB ean=7332543486229 woo_id=11381 stock=12 pvpr=225.62218
[2026-04-07 07:13:36] UPDATED sku=CM760ASWH ean=8422248058568 woo_id=30985 stock=5 pvpr=407.35724
[2026-04-07 07:13:36] UPDATED sku=MX96IB ean=8437004003256 woo_id=30394 stock=0 pvpr=1689.44904
[2026-04-07 07:13:36] UPDATED sku=GFG2BL ean=8421152121221 woo_id=28408 stock=7 pvpr=156.51022
[2026-04-07 07:13:36] UPDATED sku=81472105 ean=8421152708330 woo_id=18487 stock=0 pvpr=81.53639
[2026-04-07 07:13:36] UPDATED sku=GIGA600BK ean=8422248059190 woo_id=32595 stock=0 pvpr=804.2554
[2026-04-07 07:13:36] UPDATED sku=EHF6231IOK ean=7332543487523 woo_id=11387 stock=0 pvpr=209.47213
[2026-04-07 07:13:36] UPDATED sku=BETA700 ean=8422248061834 woo_id=28743 stock=0 pvpr=266.41601
[2026-04-07 07:13:36] UPDATED sku=NC785 ean=8421152130520 woo_id=29145 stock=0 pvpr=348.68727
[2026-04-07 07:13:36] UPDATED sku=NC985 ean=8421152130537 woo_id=29147 stock=2 pvpr=371.33152
[2026-04-07 07:13:36] UPDATED sku=DBP60PROINOXEU ean=8421152133705 woo_id=29137 stock=14 pvpr=182.58956
[2026-04-07 07:13:36] UPDATED sku=DBP70PROINOXEU ean=8421152133712 woo_id=29139 stock=0 pvpr=191.30546
[2026-04-07 07:13:36] UPDATED sku=DBP90PROINOXEU ean=8421152133729 woo_id=29142 stock=12 pvpr=213.02685
[2026-04-07 07:13:36] UPDATED sku=EWH80H ean=8421152131961 woo_id=18575 stock=1 pvpr=203.8837
[2026-04-07 07:13:36] UPDATED sku=REDONDO451CCEST ean=8421152131770 woo_id=12559 stock=0 pvpr=78.1013
[2026-04-07 07:13:36] UPDATED sku=ARK938I ean=8421152134191 woo_id=12858 stock=0 pvpr=277.47324
[2026-04-07 07:13:36] UPDATED sku=GAMMA700GXE ean=8422248061780 woo_id=28737 stock=0 pvpr=283.84781
[2026-04-07 07:13:36] UPDATED sku=GAMMA900GXE ean=8422248061797 woo_id=28735 stock=0 pvpr=294.2898
[2026-04-07 07:13:36] UPDATED sku=FO985 ean=8421152131589 woo_id=12855 stock=0 pvpr=256.11074
[2026-04-07 07:13:36] UPDATED sku=LGD631A ean=8422248058735 woo_id=18503 stock=0 pvpr=228.93764
[2026-04-07 07:13:36] UPDATED sku=SF6381X ean=8017709195762 woo_id=30626 stock=5 pvpr=526.33782
[2026-04-07 07:13:36] UPDATED sku=ARK938BL ean=8421152134252 woo_id=12864 stock=23 pvpr=238.33714
[2026-04-07 07:13:36] UPDATED sku=ARK938NG ean=8421152134207 woo_id=12861 stock=0 pvpr=238.33714
[2026-04-07 07:13:36] UPDATED sku=TL1 52 ean=8421152131336 woo_id=29524 stock=1 pvpr=113.23834
[2026-04-07 07:13:36] UPDATED sku=FO915BC ean=8421152134801 woo_id=12867 stock=0 pvpr=284.56559
[2026-04-07 07:13:36] UPDATED sku=ISLALEGEND ean=8422248061681 woo_id=28392 stock=0 pvpr=783.62777
[2026-04-07 07:13:36] UPDATED sku=MG3630X ean=5604409143747 woo_id=31880 stock=0 pvpr=204.31095
[2026-04-07 07:13:36] UPDATED sku=FO915INOX ean=8421152134818 woo_id=18500 stock=0 pvpr=270.34671
[2026-04-07 07:13:36] UPDATED sku=F0915NGCR ean=8421152134832 woo_id=12870 stock=0 pvpr=284.56559
[2026-04-07 07:13:36] UPDATED sku=FO939 ean=8421152131541 woo_id=12873 stock=0 pvpr=249.0013
[2026-04-07 07:13:36] UPDATED sku=OS206 ean=8421152131503 woo_id=12875 stock=0 pvpr=234.74824
[2026-04-07 07:13:36] UPDATED sku=SP995INOX ean=8421152134764 woo_id=12878 stock=0 pvpr=166.49078
[2026-04-07 07:13:36] UPDATED sku=EWH15BLANCO ean=8434778012941 woo_id=27953 stock=0 pvpr=123.32144
[2026-04-07 07:13:36] UPDATED sku=CDP780ASBK ean=8422248059503 woo_id=31294 stock=0 pvpr=472.48723
[2026-04-07 07:13:36] UPDATED sku=ISLAMOON ean=8422248062084 woo_id=28730 stock=0 pvpr=1346.11094
[2026-04-07 07:13:36] UPDATED sku=G610XGNAT ean=5604409135063 woo_id=30466 stock=0 pvpr=927.49139
[2026-04-07 07:13:39] UPDATED sku=CI631AA ean=8422248058681 woo_id=31841 stock=0 pvpr=173.83948
[2026-04-07 07:13:39] UPDATED sku=TF200370DURALUM ean=8422248061971 woo_id=29457 stock=0 pvpr=155.65572
[2026-04-07 07:13:39] UPDATED sku=EGH6333BOX ean=7332543467389 woo_id=32050 stock=0 pvpr=256.79434
[2026-04-07 07:13:39] UPDATED sku=E603X ean=5604409142733 woo_id=30364 stock=0 pvpr=818.42301
[2026-04-07 07:13:39] UPDATED sku=CI6021 ean=8422248067355 woo_id=31844 stock=6 pvpr=163.99564
[2026-04-07 07:13:39] UPDATED sku=3EB765LQ ean=4242006263119 woo_id=11414 stock=0 pvpr=458.61015
[2026-04-07 07:13:39] UPDATED sku=3EB930LQ ean=4242006247973 woo_id=18636 stock=0 pvpr=459.84063
[2026-04-07 07:13:39] UPDATED sku=C6310SINOX ean=8421152146057 woo_id=29527 stock=4 pvpr=135.8655
[2026-04-07 07:13:39] UPDATED sku=CNL6610SINOX ean=8421152146231 woo_id=29539 stock=4 pvpr=204.32804
[2026-04-07 07:13:39] UPDATED sku=TL6310W ean=8421152145982 woo_id=29625 stock=19 pvpr=103.0527
[2026-04-07 07:13:39] UPDATED sku=TL6310SINOX ean=8421152145975 woo_id=29628 stock=21 pvpr=100.01068
[2026-04-07 07:13:39] UPDATED sku=C6310W ean=8421152146064 woo_id=29448 stock=0 pvpr=126.8078
[2026-04-07 07:13:39] UPDATED sku=DM675W ean=8421152130742 woo_id=29159 stock=0 pvpr=374.97169
[2026-04-07 07:13:39] UPDATED sku=TL6310BNEGRA ean=8421152145999 woo_id=29551 stock=0 pvpr=104.16355
[2026-04-07 07:13:39] UPDATED sku=TB6310 ean=8421152148259 woo_id=11348 stock=0 pvpr=200.56824
[2026-04-07 07:13:39] UPDATED sku=PCE5000 ean=8436044534294 woo_id=11417 stock=0 pvpr=56.68753
[2026-04-07 07:13:39] UPDATED sku=EX6014GAIAALCI ean=8421152144718 woo_id=31991 stock=0 pvpr=256.5209
[2026-04-07 07:13:39] UPDATED sku=TB6415 ean=8421152148280 woo_id=11354 stock=10 pvpr=191.71562
[2026-04-07 07:13:39] UPDATED sku=TB6315 ean=8421152148235 woo_id=11345 stock=207 pvpr=182.19649
[2026-04-07 07:13:39] UPDATED sku=TR5300 ean=8421152148303 woo_id=11357 stock=9 pvpr=378.21879
[2026-04-07 07:13:39] UPDATED sku=TZ6315 ean=8421152148211 woo_id=11426 stock=4 pvpr=219.12798
[2026-04-07 07:13:39] UPDATED sku=TZ6415 ean=8421152148266 woo_id=11351 stock=2 pvpr=203.45645
[2026-04-07 07:13:39] UPDATED sku=GIGA600WH ean=8422248059206 woo_id=32238 stock=0 pvpr=893.70446
[2026-04-07 07:13:39] UPDATED sku=EX60.14GAIALDRC ean=8421152144695 woo_id=32043 stock=0 pvpr=286.92401
[2026-04-07 07:13:39] UPDATED sku=CC485INOX ean=8421152145869 woo_id=28411 stock=0 pvpr=891.55112
[2026-04-07 07:13:39] UPDATED sku=DH2ISLA985 ean=8421152145715 woo_id=29151 stock=0 pvpr=866.56554
[2026-04-07 07:13:39] UPDATED sku=DG3ISLA985 ean=8421152145814 woo_id=29149 stock=0 pvpr=666.59545
[2026-04-07 07:13:39] UPDATED sku=DHT1285INOX ean=8421152145890 woo_id=29154 stock=0 pvpr=1166.51213
[2026-04-07 07:13:39] UPDATED sku=MF7606X ean=5604409142474 woo_id=31001 stock=0 pvpr=375.79201
[2026-04-07 07:13:39] UPDATED sku=MIG2033 ean=8436044534508 woo_id=32980 stock=75 pvpr=144.13706
[2026-04-07 07:13:39] UPDATED sku=61801346 ean=8421152149607 woo_id=18475 stock=19 pvpr=27.1731
[2026-04-07 07:13:39] UPDATED sku=CIB6031BK ean=8422248068352 woo_id=31847 stock=0 pvpr=174.86488
[2026-04-07 07:13:39] UPDATED sku=CMD5008X ean=8422248067881 woo_id=30988 stock=5 pvpr=409.3055
[2026-04-07 07:13:39] UPDATED sku=COLADOR INOX 42 ean=8421152144237 woo_id=30546 stock=0 pvpr=72.76922
[2026-04-07 07:13:39] UPDATED sku=SRV596GH5 ean=8017709110505 woo_id=31836 stock=0 pvpr=629.27089
[2026-04-07 07:13:39] UPDATED sku=DW840FI ean=8421152144589 woo_id=14782 stock=0 pvpr=383.39706
[2026-04-07 07:13:39] UPDATED sku=G910X ean=5604409133175 woo_id=30422 stock=0 pvpr=1324.28701
[2026-04-07 07:13:39] UPDATED sku=TNCPLUS100 ean=8430709180369 woo_id=27992 stock=0 pvpr=196.50082
[2026-04-07 07:13:39] UPDATED sku=TNCPLUS80 ean=8430709180338 woo_id=27981 stock=27 pvpr=179.32537
[2026-04-07 07:13:39] UPDATED sku=TNCPLUS80H ean=8430709180352 woo_id=27979 stock=16 pvpr=196.50082
[2026-04-07 07:13:39] UPDATED sku=KCI19AOE ean=8017709212506 woo_id=28715 stock=0 pvpr=1646.84367
[2026-04-07 07:13:39] UPDATED sku=101TGB ean=8437004003003 woo_id=11311 stock=0 pvpr=967.10601
[2026-04-07 07:13:39] UPDATED sku=ISLAMAGRABA ean=8422248069342 woo_id=29463 stock=0 pvpr=988.33179
[2026-04-07 07:13:39] UPDATED sku=G911SBUT ean=5604409132604 woo_id=30427 stock=0 pvpr=1298.61783
[2026-04-07 07:13:39] UPDATED sku=CB5530BB ean=8437015023250 woo_id=30474 stock=2 pvpr=329.75155
[2026-04-07 07:13:39] UPDATED sku=CB5530BN ean=8437015023267 woo_id=30476 stock=9 pvpr=329.75155
[2026-04-07 07:13:39] UPDATED sku=LEGENDX700 ean=8422248068659 woo_id=28747 stock=0 pvpr=355.04475
[2026-04-07 07:13:39] UPDATED sku=E 911 X ean=5604409135919 woo_id=30420 stock=0 pvpr=1336.45509
[2026-04-07 07:13:39] UPDATED sku=E 911 X NAT ean=5604409143181 woo_id=30445 stock=0 pvpr=1336.45509
[2026-04-07 07:13:39] UPDATED sku=3BC663MX ean=4242006272364 woo_id=18615 stock=0 pvpr=229.39907
[2026-04-07 07:13:39] UPDATED sku=E912X ean=5604409135995 woo_id=30358 stock=0 pvpr=1520.07005
[2026-04-07 07:13:39] UPDATED sku=HSF900 ean=8421152154588 woo_id=31549 stock=0 pvpr=782.51692
[2026-04-07 07:13:39] UPDATED sku=EFX3012H ean=8421152155776 woo_id=11447 stock=3 pvpr=151.50285
[2026-04-07 07:13:39] UPDATED sku=EFX30.12GAIALCI ean=8421152155745 woo_id=32161 stock=1 pvpr=129.33712
[2026-04-07 07:13:39] UPDATED sku=CCI6031BK ean=8422248073691 woo_id=31859 stock=0 pvpr=196.89389
[2026-04-07 07:13:39] UPDATED sku=3BC077EX ean=4242006277543 woo_id=18621 stock=0 pvpr=438.88829
[2026-04-07 07:13:39] UPDATED sku=EWH80DSLIM ean=8421152156841 woo_id=27968 stock=14 pvpr=261.10102
[2026-04-07 07:13:39] UPDATED sku=EWH50DSLIM ean=8421152156834 woo_id=27966 stock=4 pvpr=232.35564
[2026-04-07 07:13:39] UPDATED sku=DLH986T ean=8421152157442 woo_id=29192 stock=0 pvpr=366.63177
[2026-04-07 07:13:39] UPDATED sku=G 910 X NAT ean=5604409143143 woo_id=30443 stock=0 pvpr=1324.28701
[2026-04-07 07:13:39] UPDATED sku=FMI020X ean=8017709229467 woo_id=33010 stock=0 pvpr=397.75266
[2026-04-07 07:13:39] UPDATED sku=SER 60S GH3 ean=8017709105235 woo_id=32117 stock=4 pvpr=350.31082
[2026-04-07 07:13:39] UPDATED sku=CX68M8-1 ean=8017709166625 woo_id=30149 stock=0 pvpr=1174.7666
[2026-04-07 07:13:39] UPDATED sku=GI 6031 X ean=8422248067331 woo_id=31853 stock=0 pvpr=168.88338
[2026-04-07 07:13:39] UPDATED sku=HLF940INOX ean=8421152155042 woo_id=31003 stock=0 pvpr=1025.96397
[2026-04-07 07:13:39] UPDATED sku=ME7108bk ean=8422248077026 woo_id=31011 stock=0 pvpr=411.06577
[2026-04-07 07:13:39] UPDATED sku=MRA7108WH ean=8422248077033 woo_id=31014 stock=0 pvpr=411.03159
[2026-04-07 07:13:39] UPDATED sku=8421152155752 ean=8421152155752 woo_id=31729 stock=0 pvpr=125.66277
[2026-04-07 07:13:39] UPDATED sku=TNCPLUS100H ean=8430709180376 woo_id=17759 stock=30 pvpr=217.31644
[2026-04-07 07:13:39] UPDATED sku=CCI6021BK ean=8422248073707 woo_id=31862 stock=0 pvpr=189.28884
[2026-04-07 07:13:39] UPDATED sku=FMI325X ean=8017709229498 woo_id=32649 stock=0 pvpr=714.46454
[2026-04-07 07:13:39] UPDATED sku=DHL786T ean=8421152157435 woo_id=29189 stock=0 pvpr=337.45914
[2026-04-07 07:13:39] UPDATED sku=NFL345CEINOX ean=8421152160305 woo_id=13110 stock=0 pvpr=556.4504
[2026-04-07 07:13:39] UPDATED sku=KC16AOE ean=8017709211721 woo_id=28598 stock=0 pvpr=1124.12893
[2026-04-07 07:13:39] UPDATED sku=CB5530IB ean=8437015023274 woo_id=30485 stock=1 pvpr=379.03911
[2026-04-07 07:13:39] UPDATED sku=CB5530IN ean=8437015023281 woo_id=30488 stock=0 pvpr=379.03911
[2026-04-07 07:13:39] UPDATED sku=LCIB6021BK ean=8422248078795 woo_id=31903 stock=0 pvpr=183.10226
[2026-04-07 07:13:39] UPDATED sku=401TGNA ean=8437015023243 woo_id=11323 stock=0 pvpr=848.14252
[2026-04-07 07:13:39] UPDATED sku=NFL345CB ean=8421152160299 woo_id=13107 stock=0 pvpr=534.47266
[2026-04-07 07:13:39] UPDATED sku=MMA20WH ean=8422248077187 woo_id=16303 stock=0 pvpr=203.30264
[2026-04-07 07:13:39] UPDATED sku=DSJ650 ean=8421152157282 woo_id=29113 stock=0 pvpr=224.98985
[2026-04-07 07:13:39] UPDATED sku=CB9060IB ean=8437015023021 woo_id=30412 stock=1 pvpr=897.41299
[2026-04-07 07:13:39] UPDATED sku=GCDUALA75WH ean=8422248078313 woo_id=29711 stock=2 pvpr=370.59665
[2026-04-07 07:13:39] UPDATED sku=GCDUALA75XGBKD ean=8422248078320 woo_id=29809 stock=5 pvpr=370.59665
[2026-04-07 07:13:39] UPDATED sku=ISLAGAMMA ean=8422248077736 woo_id=28772 stock=0 pvpr=632.72307
[2026-04-07 07:13:39] UPDATED sku=DLH686TINOX ean=8421152157428 woo_id=29186 stock=1 pvpr=329.13631
[2026-04-07 07:13:39] UPDATED sku=LCI6021BK ean=8422248068376 woo_id=32113 stock=3 pvpr=183.10226
[2026-04-07 07:13:39] UPDATED sku=MF 6609 N ean=5604409142498 woo_id=30997 stock=0 pvpr=511.98222
[2026-04-07 07:13:39] UPDATED sku=MMI 25 BL ean=5604409146267 woo_id=32708 stock=0 pvpr=411.03159
[2026-04-07 07:13:39] UPDATED sku=FENIX1000X ean=8422248077798 woo_id=29709 stock=0 pvpr=746.04686
[2026-04-07 07:13:39] UPDATED sku=ANGOLOBOX ean=8422248077774 woo_id=28818 stock=0 pvpr=853.86767
[2026-04-07 07:13:39] UPDATED sku=ANGOLO ean=8422248077781 woo_id=28824 stock=0 pvpr=916.67342
[2026-04-07 07:13:39] UPDATED sku=LCIB6031BK ean=8422248078788 woo_id=31917 stock=0 pvpr=219.67486
[2026-04-07 07:13:39] UPDATED sku=MMA20X ean=8422248077170 woo_id=32712 stock=16 pvpr=203.30264
[2026-04-07 07:13:39] UPDATED sku=CLASIC2C86REVSF ean=8421152019474 woo_id=12563 stock=0 pvpr=256.60635
[2026-04-07 07:13:39] UPDATED sku=SRV576GH5 ean=8017709112998 woo_id=32122 stock=0 pvpr=420.72162
[2026-04-07 07:13:39] UPDATED sku=SR264XGH2 ean=8017709268367 woo_id=31786 stock=0 pvpr=425.01121
[2026-04-07 07:13:39] UPDATED sku=SRV575GH5 ean=8017709114794 woo_id=31744 stock=0 pvpr=526.78216
[2026-04-07 07:13:39] UPDATED sku=SR60GHS ean=8017709179526 woo_id=31741 stock=0 pvpr=444.18619
[2026-04-07 07:13:39] UPDATED sku=SI5632D ean=8017709262976 woo_id=32560 stock=5 pvpr=457.68729
[2026-04-07 07:13:43] UPDATED sku=IOVENPINOX ean=8434778000146 woo_id=31006 stock=0 pvpr=1180.52593
[2026-04-07 07:13:43] UPDATED sku=MTP984CROMO ean=8434778000627 woo_id=12883 stock=0 pvpr=197.09897
[2026-04-07 07:13:43] UPDATED sku=D9C ean=8421152149454 woo_id=18485 stock=0 pvpr=76.99045
[2026-04-07 07:13:43] UPDATED sku=MTP995CROMO ean=8434778000641 woo_id=12886 stock=0 pvpr=100.42084
[2026-04-07 07:13:43] UPDATED sku=TRC83631TCS ean=8434778008807 woo_id=11458 stock=0 pvpr=426.03661
[2026-04-07 07:13:43] UPDATED sku=GCB63010KBB ean=8434778002959 woo_id=31940 stock=4 pvpr=233.94501
[2026-04-07 07:13:43] UPDATED sku=FLEXLINEARS15 ean=8434778004380 woo_id=12567 stock=0 pvpr=270.34671
[2026-04-07 07:13:43] UPDATED sku=E916X ean=5604409145406 woo_id=30470 stock=0 pvpr=1416.70973
[2026-04-07 07:13:43] UPDATED sku=E911R ean=5604409139245 woo_id=30418 stock=0 pvpr=1336.45509
[2026-04-07 07:13:43] UPDATED sku=MEP291R ean=5604409142566 woo_id=28751 stock=0 pvpr=359.96667
[2026-04-07 07:13:43] UPDATED sku=DGE5661HM ean=7332543793624 woo_id=28440 stock=0 pvpr=401.18775
[2026-04-07 07:13:43] UPDATED sku=BELINEARS157140 ean=8434778004298 woo_id=12574 stock=0 pvpr=398.38499
[2026-04-07 07:13:43] UPDATED sku=SQUARE5040TGNEG ean=8434778007374 woo_id=12601 stock=3 pvpr=305.89391
[2026-04-07 07:13:43] UPDATED sku=GBC63010KBN ean=8434778002966 woo_id=31942 stock=0 pvpr=230.44156
[2026-04-07 07:13:43] UPDATED sku=PURELINEFLEX ean=8434778004373 woo_id=12593 stock=0 pvpr=441.0929
[2026-04-07 07:13:43] UPDATED sku=ML8220BISLSTGRA ean=8434778007695 woo_id=32726 stock=0 pvpr=552.12663
[2026-04-07 07:13:43] UPDATED sku=GZC63310XBN ean=8434778005837 woo_id=31944 stock=9 pvpr=343.44064
[2026-04-07 07:13:43] UPDATED sku=HBE490MEBKNEGRO ean=8434778005387 woo_id=31538 stock=0 pvpr=339.62957
[2026-04-07 07:13:43] UPDATED sku=GBC64003KBN ean=8434778003611 woo_id=32029 stock=2 pvpr=217.36771
[2026-04-07 07:13:43] UPDATED sku=GBC64000XBN ean=8434778003642 woo_id=32023 stock=7 pvpr=230.44156
[2026-04-07 07:13:43] UPDATED sku=GBC64000XBB ean=8434778003635 woo_id=31973 stock=0 pvpr=230.44156
[2026-04-07 07:13:43] UPDATED sku=FLAMEGZC63310XB ean=8434778005820 woo_id=31946 stock=4 pvpr=343.44064
[2026-04-07 07:13:43] UPDATED sku=FAMEGZC64320XBN ean=8434778006292 woo_id=32012 stock=0 pvpr=382.55965
[2026-04-07 07:13:43] UPDATED sku=FAMEGZC64300XBN ean=8434778006193 woo_id=32018 stock=0 pvpr=365.17912
[2026-04-07 07:13:43] UPDATED sku=EW7H5825IB ean=7332543703203 woo_id=18517 stock=0 pvpr=624.48569
[2026-04-07 07:13:43] UPDATED sku=RS15345.40 ean=8434778004410 woo_id=12609 stock=0 pvpr=249.0013
[2026-04-07 07:13:43] UPDATED sku=61001301 ean=8421152714515 woo_id=30540 stock=0 pvpr=12.15099
[2026-04-07 07:13:43] UPDATED sku=HRB6300ATANTRAC ean=8434778008616 woo_id=31042 stock=1 pvpr=547.95667
[2026-04-07 07:13:43] UPDATED sku=HLC8400WH ean=8434778007626 woo_id=31030 stock=1 pvpr=534.72901
[2026-04-07 07:13:43] UPDATED sku=DS75160N ean=8436044533938 woo_id=28488 stock=0 pvpr=439.96496
[2026-04-07 07:13:43] UPDATED sku=EES47310L ean=7332543673032 woo_id=14709 stock=31 pvpr=646.63433
[2026-04-07 07:13:43] UPDATED sku=KITMULTICOOK ean=8421152150184 woo_id=30920 stock=0 pvpr=153.9809
[2026-04-07 07:13:43] UPDATED sku=MTP978DCROMO ean=8413509220251 woo_id=12881 stock=0 pvpr=138.73662
[2026-04-07 07:13:43] UPDATED sku=TR4110BL1  ean=8017709176648 woo_id=30153 stock=0 pvpr=5020.30713
[2026-04-07 07:13:43] UPDATED sku=MIG2042 ean=8435568405684 woo_id=32970 stock=1 pvpr=81.74147
[2026-04-07 07:13:43] UPDATED sku=RS152740 ean=8434778004427 woo_id=12589 stock=0 pvpr=302.35628
[2026-04-07 07:13:43] UPDATED sku=MI218 ean=8435568400801 woo_id=32993 stock=0 pvpr=73.09393
[2026-04-07 07:13:43] UPDATED sku=MI2115 ean=8435568400764 woo_id=32991 stock=0 pvpr=62.10506
[2026-04-07 07:13:43] UPDATED sku=SR764AO ean=8017709140953 woo_id=31830 stock=0 pvpr=842.82753
[2026-04-07 07:13:43] UPDATED sku=CB9060IN ean=8437015023038 woo_id=30410 stock=0 pvpr=897.41299
[2026-04-07 07:13:43] UPDATED sku=IBC63010MSS ean=8434778003802 woo_id=32297 stock=24 pvpr=325.70122
[2026-04-07 07:13:43] UPDATED sku=MI2117 ean=8435568400788 woo_id=33021 stock=45 pvpr=68.5309
[2026-04-07 07:13:43] UPDATED sku=HRB6300VN ean=8434778008630 woo_id=31046 stock=0 pvpr=547.95667
[2026-04-07 07:13:43] UPDATED sku=IZC 63015 ean=8434778012897 woo_id=32299 stock=0 pvpr=332.24669
[2026-04-07 07:13:43] UPDATED sku=INTEGRA96750 ean=8434778014815 woo_id=28417 stock=1 pvpr=408.67317
[2026-04-07 07:13:43] UPDATED sku=112930039 ean=8434778013214 woo_id=29198 stock=0 pvpr=373.96338
[2026-04-07 07:13:43] UPDATED sku=DVT98660TBSWH ean=8434778013269 woo_id=29245 stock=2 pvpr=466.62536
[2026-04-07 07:13:43] UPDATED sku=SES 7004 X ean=8422248347235 woo_id=31277 stock=0 pvpr=238.52513
[2026-04-07 07:13:43] UPDATED sku=MCMI208GDIP ean=8431312216285 woo_id=33027 stock=0 pvpr=221.98201
[2026-04-07 07:13:43] UPDATED sku=IZF65320BKMS ean=8434778011630 woo_id=32326 stock=0 pvpr=509.93142
[2026-04-07 07:13:43] UPDATED sku=EMS2203MMX ean=7332543761173 woo_id=32874 stock=0 pvpr=276.32821
[2026-04-07 07:13:43] UPDATED sku=MIG2138 ean=8435568400818 woo_id=32989 stock=0 pvpr=84.81767
[2026-04-07 07:13:43] UPDATED sku=FLEXLINEARS152C ean=8434778004359 woo_id=12581 stock=0 pvpr=444.64762
[2026-04-07 07:13:43] UPDATED sku=MIG2528 ean=8435568401099 woo_id=32614 stock=0 pvpr=195.56087
[2026-04-07 07:13:43] UPDATED sku=HO455 ean=8435568401273 woo_id=31660 stock=0 pvpr=115.83602
[2026-04-07 07:13:43] UPDATED sku=INTEGRA66750POS ean=8434778014808 woo_id=28428 stock=0 pvpr=373.89502
[2026-04-07 07:13:43] UPDATED sku=DVT98660TBSBK ean=8434778013252 woo_id=29235 stock=4 pvpr=406.96417
[2026-04-07 07:13:43] UPDATED sku=DVT78660TBSWH ean=8434778013245 woo_id=29211 stock=0 pvpr=449.94552
[2026-04-07 07:13:43] UPDATED sku=L7005CI ean=8422248081962 woo_id=31914 stock=0 pvpr=227.27991
[2026-04-07 07:13:43] UPDATED sku=LCI 6031 BK ean=8422248072724 woo_id=32129 stock=15 pvpr=188.24635
[2026-04-07 07:13:43] UPDATED sku=DSJ950 ean=8421152157305 woo_id=29243 stock=0 pvpr=270.82523
[2026-04-07 07:13:43] UPDATED sku=DSJ750 ean=8421152157299 woo_id=29249 stock=3 pvpr=249.97543
[2026-04-07 07:13:43] UPDATED sku=EWH100C ean=8434778012989 woo_id=34339 stock=0 pvpr=207.19916
[2026-04-07 07:13:43] UPDATED sku=EWH30C ean=8434778012958 woo_id=27990 stock=0 pvpr=118.41661
[2026-04-07 07:13:43] UPDATED sku=EWH 50 C ean=8434778012965 woo_id=27975 stock=15 pvpr=144.71812
[2026-04-07 07:13:43] UPDATED sku=FAB30LRD5 ean=8017709297718 woo_id=13760 stock=0 pvpr=1995.05242
[2026-04-07 07:13:43] UPDATED sku=DS74160BL ean=8436044536526 woo_id=28530 stock=0 pvpr=246.42071
[2026-04-07 07:13:43] UPDATED sku=DLH1186T ean=8421152157459 woo_id=29195 stock=0 pvpr=370.80173
[2026-04-07 07:13:43] UPDATED sku=IZF64600BKMSP ean=8434778013108 woo_id=32346 stock=0 pvpr=509.93142
[2026-04-07 07:13:43] UPDATED sku=ML8220BISLBK ean=8434778007688 woo_id=32718 stock=0 pvpr=485.85161
[2026-04-07 07:13:43] UPDATED sku=CCI5003BK ean=8422248094269 woo_id=31905 stock=4 pvpr=174.16419
[2026-04-07 07:13:43] UPDATED sku=EDW4610 X ean=8422248096720 woo_id=14845 stock=9 pvpr=385.12315
[2026-04-07 07:13:43] UPDATED sku=EDW4610 WH ean=8422248096737 woo_id=14851 stock=7 pvpr=351.49003
[2026-04-07 07:13:43] UPDATED sku=EDW6130WH ean=8422248096751 woo_id=14616 stock=0 pvpr=317.85691
[2026-04-07 07:13:43] UPDATED sku=DVN05320W ean=8690842379055 woo_id=14431 stock=54 pvpr=359.35143
[2026-04-07 07:13:43] UPDATED sku=STONE50BTG ean=8434778006063 woo_id=12641 stock=0 pvpr=320.14697
[2026-04-07 07:13:43] UPDATED sku=BENNUSLIM900X ean=8422248110891 woo_id=28805 stock=0 pvpr=925.85075
[2026-04-07 07:13:43] UPDATED sku=EWH80C ean=8434778012972 woo_id=27977 stock=3 pvpr=177.59928
[2026-04-07 07:13:43] UPDATED sku=FORSQUARE5040TG ean=8434778007084 woo_id=12577 stock=0 pvpr=327.25641
[2026-04-07 07:13:43] UPDATED sku=MIG2131 ean=8435568400795 woo_id=33019 stock=2 pvpr=80.27173
[2026-04-07 07:13:43] UPDATED sku=FA120E ean=8017709293185 woo_id=11506 stock=0 pvpr=343.26974
[2026-04-07 07:13:43] UPDATED sku=FS18EV3HX ean=8017709296056 woo_id=11726 stock=0 pvpr=888.95344
[2026-04-07 07:13:43] UPDATED sku=FD70EN4HX ean=8017709295967 woo_id=13859 stock=1 pvpr=1029.77504
[2026-04-07 07:13:43] UPDATED sku=FF18EN3HX ean=8017709296032 woo_id=11816 stock=2 pvpr=976.96694
[2026-04-07 07:13:43] UPDATED sku=EDW6130 X ean=8422248096744 woo_id=14556 stock=0 pvpr=334.67347
[2026-04-07 07:13:43] UPDATED sku=KIT500 ean=8437015023540 woo_id=16449 stock=5 pvpr=14.37269
[2026-04-07 07:13:43] UPDATED sku=SF6300TVX ean=8017709293680 woo_id=30637 stock=6 pvpr=492.89269
[2026-04-07 07:13:43] UPDATED sku=BBIE12100XD ean=8690842429286 woo_id=31664 stock=21 pvpr=242.55837
[2026-04-07 07:13:43] UPDATED sku=UNIVESE80TX2C1E ean=8434778015133 woo_id=12633 stock=0 pvpr=189.66482
[2026-04-07 07:13:43] UPDATED sku=UNIVERSE60TXP ean=8434778015119 woo_id=12683 stock=0 pvpr=159.91113
[2026-04-07 07:13:43] UPDATED sku=UNIVERSE80TXP2C ean=8434778015188 woo_id=12637 stock=0 pvpr=141.31721
[2026-04-07 07:13:43] UPDATED sku=115050002 ean=8434778015621 woo_id=12665 stock=0 pvpr=126.466
[2026-04-07 07:13:43] UPDATED sku=50TXP1C1EMAXI ean=8434778015027 woo_id=12672 stock=0 pvpr=141.31721
[2026-04-07 07:13:43] UPDATED sku=50TXP1C1EPLIUS ean=8434778015065 woo_id=12668 stock=0 pvpr=159.91113
[2026-04-07 07:13:43] UPDATED sku=45 T-XP 1C 1E R ean=8434778014952 woo_id=12629 stock=0 pvpr=133.88306
[2026-04-07 07:13:43] UPDATED sku=45 E-XP 1C 1E R ean=8434778015775 woo_id=12597 stock=0 pvpr=119.01476
[2026-04-07 07:13:43] UPDATED sku=50EXP1C ean=8434778015850 woo_id=12680 stock=0 pvpr=104.12937
[2026-04-07 07:13:43] UPDATED sku=JZC63312ABNB ean=8434778011234 woo_id=32105 stock=1 pvpr=643.38723
[2026-04-07 07:13:43] UPDATED sku=MI2121 ean=8435568402065 woo_id=32674 stock=0 pvpr=74.73457
[2026-04-07 07:13:43] UPDATED sku=LCI6031WH ean=8422248072557 woo_id=31908 stock=2 pvpr=254.52137
[2026-04-07 07:13:47] UPDATED sku=VI59082A ean=8422248098915 woo_id=18581 stock=0 pvpr=780.03887
[2026-04-07 07:13:47] UPDATED sku=DFS26650SSIN ean=8434778013863 woo_id=14618 stock=0 pvpr=352.51543
[2026-04-07 07:13:47] UPDATED sku=DFS26650BLAN ean=8434778013856 woo_id=14613 stock=11 pvpr=322.67629
[2026-04-07 07:13:47] UPDATED sku=DFS24650INOX ean=8434778013993 woo_id=14847 stock=0 pvpr=348.00367
[2026-04-07 07:13:47] UPDATED sku=DFS24650BLANC ean=8434778013986 woo_id=14857 stock=0 pvpr=393.71942
[2026-04-07 07:13:47] UPDATED sku=FRIG.FAB28RBL5 ean=8017709299071 woo_id=11475 stock=0 pvpr=1551.46438
[2026-04-07 07:13:47] UPDATED sku=HLB8510PB ean=8434778017489 woo_id=31025 stock=0 pvpr=659.91326
[2026-04-07 07:13:47] UPDATED sku=RS155040DORADO ean=8434778004700 woo_id=12625 stock=0 pvpr=586.92187
[2026-04-07 07:13:47] UPDATED sku=RS155040TITANIU ean=8434778004717 woo_id=12649 stock=0 pvpr=586.92187
[2026-04-07 07:13:47] UPDATED sku=ICC915DORADO ean=8434778003000 woo_id=12906 stock=0 pvpr=254.67518
[2026-04-07 07:13:47] UPDATED sku=ICC915TITANIUM ean=8434778002980 woo_id=12902 stock=0 pvpr=254.67518
[2026-04-07 07:13:47] UPDATED sku=G914BLNAT ean=5604409145611 woo_id=30478 stock=0 pvpr=1405.75504
[2026-04-07 07:13:47] UPDATED sku=VI54024X ean=8422248101837 woo_id=18607 stock=0 pvpr=571.50669
[2026-04-07 07:13:47] UPDATED sku=VI15107X ean=8422248101790 woo_id=18599 stock=1 pvpr=364.78605
[2026-04-07 07:13:47] UPDATED sku=VI30117X ean=8422248101806 woo_id=18602 stock=0 pvpr=467.36023
[2026-04-07 07:13:47] UPDATED sku=V6000X/A ean=8422248106351 woo_id=29019 stock=0 pvpr=125.50896
[2026-04-07 07:13:47] UPDATED sku=FAB32RPB5       ean=8017709298166 woo_id=13408 stock=0 pvpr=2216.84644
[2026-04-07 07:13:47] UPDATED sku=PGF644 ean=8017709153588 woo_id=31747 stock=0 pvpr=875.77705
[2026-04-07 07:13:47] UPDATED sku=SCI3002BK ean=8422248093743 woo_id=32137 stock=0 pvpr=127.61103
[2026-04-07 07:13:47] UPDATED sku=EDW6120 WH ean=8422248096768 woo_id=14584 stock=30 pvpr=334.67347
[2026-04-07 07:13:47] UPDATED sku=DVN77050TTCWH ean=8434778017601 woo_id=29227 stock=0 pvpr=364.58097
[2026-04-07 07:13:47] UPDATED sku=CD951R ean=8437015023229 woo_id=28763 stock=0 pvpr=290.64963
[2026-04-07 07:13:47] UPDATED sku=IZC32310 ean=8434778012064 woo_id=11264 stock=0 pvpr=267.35596
[2026-04-07 07:13:47] UPDATED sku=FAB32LRD5 ean=8017709298081 woo_id=12985 stock=0 pvpr=2216.84644
[2026-04-07 07:13:47] UPDATED sku=FAB30LPG5 ean=8017709297695 woo_id=13795 stock=0 pvpr=1995.05242
[2026-04-07 07:13:47] UPDATED sku=112510023 ean=8434778012026 woo_id=32342 stock=0 pvpr=319.53173
[2026-04-07 07:13:47] UPDATED sku=TOPFOT995CRNG ean=8434778002102 woo_id=12889 stock=0 pvpr=138.73662
[2026-04-07 07:13:47] UPDATED sku=EN7F4722AN ean=7332543822027 woo_id=14325 stock=0 pvpr=712.92644
[2026-04-07 07:13:47] UPDATED sku=EX7015GAIALDRCI ean=8434778019537 woo_id=31970 stock=2 pvpr=339.09978
[2026-04-07 07:13:47] UPDATED sku=EX6014GAIALCIBT ean=8434778019513 woo_id=31963 stock=0 pvpr=256.5209
[2026-04-07 07:13:47] UPDATED sku=L7WBG851 ean=7332543808434 woo_id=14376 stock=0 pvpr=851.7656
[2026-04-07 07:13:47] UPDATED sku=L6FBI947P ean=7332543803330 woo_id=14102 stock=25 pvpr=498.70329
[2026-04-07 07:13:47] UPDATED sku=R1RTK ean=8434778014587 woo_id=18465 stock=0 pvpr=122.27895
[2026-04-07 07:13:47] UPDATED sku=EOE8411PX ean=8422248100304 woo_id=31666 stock=0 pvpr=340.27899
[2026-04-07 07:13:47] UPDATED sku=IZC53320MSPBK ean=8434778012101 woo_id=32318 stock=4 pvpr=552.12663
[2026-04-07 07:13:47] UPDATED sku=FLT6 ean=8017709176310 woo_id=19085 stock=0 pvpr=58.106
[2026-04-07 07:13:47] UPDATED sku=GBC64003KBABK ean=8434778019483 woo_id=31951 stock=8 pvpr=217.36771
[2026-04-07 07:13:47] UPDATED sku=EFX3012GAIALCIB ean=8434778019575 woo_id=32139 stock=4 pvpr=129.33712
[2026-04-07 07:13:47] UPDATED sku=IZC83620MSTBK ean=8434778017335 woo_id=32334 stock=0 pvpr=695.58009
[2026-04-07 07:13:47] UPDATED sku=IZF32400MSPBK ean=8434778012002 woo_id=11276 stock=3 pvpr=280.42981
[2026-04-07 07:13:47] UPDATED sku=SI964NM ean=8017709275815 woo_id=11290 stock=0 pvpr=1009.18159
[2026-04-07 07:13:47] UPDATED sku=FAB30RRD5 ean=8017709297824 woo_id=13755 stock=0 pvpr=2105.94943
[2026-04-07 07:13:47] UPDATED sku=FSELITE ean=8434778017212 woo_id=15758 stock=0 pvpr=120.84339
[2026-04-07 07:13:47] UPDATED sku=SR775AO ean=8017709140854 woo_id=31792 stock=0 pvpr=894.93494
[2026-04-07 07:13:47] UPDATED sku=FAB32RRD5 ean=8017709298197 woo_id=13481 stock=0 pvpr=2216.84644
[2026-04-07 07:13:47] UPDATED sku=DVN9750TTCBK ean=8434778011715 woo_id=29207 stock=0 pvpr=253.71814
[2026-04-07 07:13:47] UPDATED sku=112610042 ean=8434778019520 woo_id=31977 stock=0 pvpr=286.92401
[2026-04-07 07:13:47] UPDATED sku=IZS34700MST ean=8434778011982 woo_id=11272 stock=0 pvpr=309.75625
[2026-04-07 07:13:47] UPDATED sku=TBC63632TTC B ean=8434778022988 woo_id=32424 stock=0 pvpr=378.21879
[2026-04-07 07:13:47] UPDATED sku=FAB30RWH5 ean=8017709297848 woo_id=13765 stock=0 pvpr=1995.05242
[2026-04-07 07:13:47] UPDATED sku=GZC75330XBA ean=8434778019377 woo_id=31959 stock=0 pvpr=499.95086
[2026-04-07 07:13:47] UPDATED sku=DVN77050TTC ean=8434778011708 woo_id=29239 stock=1 pvpr=236.23507
[2026-04-07 07:13:47] UPDATED sku=HLB8700P ean=8434778017496 woo_id=31104 stock=0 pvpr=821.25995
[2026-04-07 07:13:47] UPDATED sku=ML82G1BISL ean=8434778022445 woo_id=32747 stock=0 pvpr=635.0644
[2026-04-07 07:13:47] UPDATED sku=IZF99770MSTB ean=8434778017649 woo_id=32322 stock=0 pvpr=1163.9999
[2026-04-07 07:13:47] UPDATED sku=IZF88770MSTBK ean=8434778017632 woo_id=32310 stock=0 pvpr=1049.42854
[2026-04-07 07:13:47] UPDATED sku=IBF64G1MSPBK ean=8434778022827 woo_id=32306 stock=0 pvpr=633.62884
[2026-04-07 07:13:47] UPDATED sku=GBC64G1BM ean=8434778022599 woo_id=32001 stock=0 pvpr=557.92014
[2026-04-07 07:13:47] UPDATED sku=DLV99677TOS ean=8434778017656 woo_id=29073 stock=0 pvpr=833.24004
[2026-04-07 07:13:47] UPDATED sku=DVI88G1EOSBM ean=8434778022018 woo_id=29257 stock=0 pvpr=626.92956
[2026-04-07 07:13:47] UPDATED sku=TD6003BKA ean=8422248109499 woo_id=11419 stock=0 pvpr=165.03813
[2026-04-07 07:13:47] UPDATED sku=TN604B ean=8422248109321 woo_id=11338 stock=8 pvpr=175.42885
[2026-04-07 07:13:47] UPDATED sku=WUU28T63ES ean=4242005348947 woo_id=14206 stock=86 pvpr=538.77934
[2026-04-07 07:13:47] UPDATED sku=OMEGAII600BK ean=8422248109833 woo_id=28790 stock=0 pvpr=162.06447
[2026-04-07 07:13:47] UPDATED sku=EFS1823NFEX ean=8422248108720 woo_id=11754 stock=10 pvpr=598.67979
[2026-04-07 07:13:47] UPDATED sku=EXS1812NFEX ean=8422248108713 woo_id=13587 stock=3 pvpr=634.00482
[2026-04-07 07:13:47] UPDATED sku=SI964XM ean=8017709275839 woo_id=31798 stock=0 pvpr=1009.18159
[2026-04-07 07:13:47] UPDATED sku=SFNsfe-5227-20 ean=4016803056133 woo_id=13595 stock=0 pvpr=1799.577
[2026-04-07 07:13:47] UPDATED sku=IZS97630MST ean=8434778012057 woo_id=32350 stock=0 pvpr=794.49701
[2026-04-07 07:13:47] UPDATED sku=CD651R ean=8437015023212 woo_id=28767 stock=0 pvpr=209.07906
[2026-04-07 07:13:47] UPDATED sku=TD3002BKB ean=8422248109444 woo_id=11340 stock=11 pvpr=142.0179
[2026-04-07 07:13:47] UPDATED sku=NP96SLAAES ean=8017709323097 woo_id=14222 stock=3 pvpr=624.91294
[2026-04-07 07:13:47] UPDATED sku=SI2631D ean=8017709315108 woo_id=32166 stock=0 pvpr=473.52972
[2026-04-07 07:13:47] UPDATED sku=SF64M3TB ean=8017709324896 woo_id=30868 stock=0 pvpr=526.33782
[2026-04-07 07:13:47] UPDATED sku=SE263TD1 ean=8017709312046 woo_id=11284 stock=0 pvpr=237.65354
[2026-04-07 07:13:47] UPDATED sku=GZC64320XBA ean=8434778019407 woo_id=31955 stock=1 pvpr=382.55965
[2026-04-07 07:13:47] UPDATED sku=AS750BETECH ean=8422248109406 woo_id=32258 stock=0 pvpr=973.30968
[2026-04-07 07:13:47] UPDATED sku=CORONAX80B ean=8422248110532 woo_id=29780 stock=0 pvpr=426.94238
[2026-04-07 07:13:47] UPDATED sku=GZC32300XBA ean=8434778019452 woo_id=32146 stock=0 pvpr=195.8514
[2026-04-07 07:13:47] UPDATED sku=OMEGAII600X ean=8422248109826 woo_id=28999 stock=7 pvpr=172.50646
[2026-04-07 07:13:47] UPDATED sku=MIG2530 ean=8435568403109 woo_id=32627 stock=0 pvpr=127.26923
[2026-04-07 07:13:47] UPDATED sku=112620032 ean=8434778025729 woo_id=31979 stock=7 pvpr=130.65305
[2026-04-07 07:13:47] UPDATED sku=HLX540BINXO ean=8434778022865 woo_id=31983 stock=3 pvpr=143.48764
[2026-04-07 07:13:47] UPDATED sku=HLX540NAT ean=8434778025637 woo_id=31987 stock=0 pvpr=143.48764
[2026-04-07 07:13:47] UPDATED sku=CORONAX90B ean=8422248110549 woo_id=29776 stock=6 pvpr=426.94238
[2026-04-07 07:13:47] UPDATED sku=S12M7643D ean=8017709257910 woo_id=32229 stock=0 pvpr=778.1077
[2026-04-07 07:13:47] UPDATED sku=MIG2321 ean=8435568403093 woo_id=32630 stock=0 pvpr=120.46741
[2026-04-07 07:13:47] UPDATED sku=TCC64000PLV ean=8434778023640 woo_id=11366 stock=0 pvpr=347.7815
[2026-04-07 07:13:47] UPDATED sku=EIV95550 ean=7332543814763 woo_id=32457 stock=0 pvpr=1188.91712
[2026-04-07 07:13:47] UPDATED sku=IBC32000TTC ean=8434778017274 woo_id=11268 stock=0 pvpr=220.42682
[2026-04-07 07:13:47] UPDATED sku=STONE90BTG2CVAU ean=8434778005233 woo_id=12657 stock=0 pvpr=355.71126
[2026-04-07 07:13:47] UPDATED sku=FQ60BDF ean=8017709293338 woo_id=13599 stock=0 pvpr=2639.99484
[2026-04-07 07:13:47] UPDATED sku=IZF68780MSTBK ean=8434778014709 woo_id=32362 stock=0 pvpr=883.15993
[2026-04-07 07:13:47] UPDATED sku=MIG2320 ean=8435568403086 woo_id=32995 stock=0 pvpr=118.80968
[2026-04-07 07:13:47] UPDATED sku=FAB32RBL5 ean=8017709298128 woo_id=12973 stock=0 pvpr=2216.84644
[2026-04-07 07:13:47] UPDATED sku=CETI10N ean=8430709516755 woo_id=34296 stock=6 pvpr=425.16502
[2026-04-07 07:13:47] UPDATED sku=CETI10b ean=8430709516748 woo_id=34298 stock=6 pvpr=425.16502
[2026-04-07 07:13:47] UPDATED sku=CAMI11LBUT ean=6938771341944 woo_id=34307 stock=0 pvpr=257.11905
[2026-04-07 07:13:47] UPDATED sku=IKC63320MSP ean=8434778026351 woo_id=32410 stock=0 pvpr=617.30789
[2026-04-07 07:13:47] UPDATED sku=TTC64010CRDBK ean=8434778024531 woo_id=11362 stock=1 pvpr=313.00335
[2026-04-07 07:13:50] UPDATED sku=GI3002X/A ean=8422248108829 woo_id=31923 stock=0 pvpr=99.20745
[2026-04-07 07:13:50] UPDATED sku=CORONAX70/B ean=8422248110525 woo_id=28781 stock=4 pvpr=426.94238
[2026-04-07 07:13:50] UPDATED sku=DSH986INOX ean=8434778025699 woo_id=29252 stock=1 pvpr=322.55666
[2026-04-07 07:13:50] UPDATED sku=DSH786INOX ean=8434778025682 woo_id=29409 stock=1 pvpr=312.47356
[2026-04-07 07:13:50] UPDATED sku=DSH686INOX ean=8434778025675 woo_id=29413 stock=0 pvpr=304.15073
[2026-04-07 07:13:50] UPDATED sku=KC19AOE ean=8017709211745 woo_id=28550 stock=0 pvpr=1260.02861
[2026-04-07 07:13:50] UPDATED sku=TT5003/A ean=8422248109512 woo_id=11317 stock=0 pvpr=232.21892
[2026-04-07 07:13:50] UPDATED sku=GZC31330XBA ean=8434778019469 woo_id=32141 stock=0 pvpr=221.72566
[2026-04-07 07:13:50] UPDATED sku=SPLUS6010X ean=8422248093453 woo_id=29404 stock=11 pvpr=240.57593
[2026-04-07 07:13:50] UPDATED sku=CORONA60/B ean=8422248110518 woo_id=29736 stock=8 pvpr=387.58411
[2026-04-07 07:13:50] UPDATED sku=GTPLUS45WH/M ean=8422248190398 woo_id=29881 stock=9 pvpr=152.45989
[2026-04-07 07:13:50] UPDATED sku=SPLUS7010X ean=8422248093446 woo_id=28969 stock=11 pvpr=265.45897
[2026-04-07 07:13:50] UPDATED sku=FFB74907ZM ean=7333394125503 woo_id=14473 stock=38 pvpr=562.27809
[2026-04-07 07:13:50] UPDATED sku=VI302/D ean=8422248109437 woo_id=11445 stock=0 pvpr=215.45363
[2026-04-07 07:13:50] UPDATED sku=113320003 ean=8434778026153 woo_id=11746 stock=0 pvpr=238.35423
[2026-04-07 07:13:50] UPDATED sku=IZC93320MST ean=8434778012071 woo_id=32330 stock=0 pvpr=799.91454
[2026-04-07 07:13:50] UPDATED sku=TT6003 ean=8422248109475 woo_id=11326 stock=0 pvpr=173.75403
[2026-04-07 07:13:50] UPDATED sku=OMEGA900BKM ean=8422248190633 woo_id=28397 stock=0 pvpr=238.11497
[2026-04-07 07:13:50] UPDATED sku=GTPLUS45XM ean=8422248190374 woo_id=29825 stock=11 pvpr=154.97212
[2026-04-07 07:13:50] UPDATED sku= ean=8422248112765 woo_id=31725 stock=0 pvpr=91.70494
[2026-04-07 07:13:50] UPDATED sku=OMEGA 900X/M ean=8422248190596 woo_id=29010 stock=2 pvpr=241.27662
[2026-04-07 07:13:50] UPDATED sku=GL75XD ean=8422248190411 woo_id=29716 stock=6 pvpr=267.66358
[2026-04-07 07:13:50] UPDATED sku=LFA5I82WRE ean=7333394012261 woo_id=14110 stock=10 pvpr=506.05199
[2026-04-07 07:13:50] UPDATED sku=EXTENDER600 ean=8422248110334 woo_id=29473 stock=1 pvpr=139.31768
[2026-04-07 07:13:50] UPDATED sku=EXTENDER700 ean=8422248110327 woo_id=29476 stock=1 pvpr=157.31345
[2026-04-07 07:13:50] UPDATED sku=EXTENDER900 ean=8422248110310 woo_id=29515 stock=15 pvpr=189.64773
[2026-04-07 07:13:50] UPDATED sku=CORONAX120B ean=8422248110556 woo_id=29773 stock=2 pvpr=549.9562
[2026-04-07 07:13:50] UPDATED sku=EWF6000WH ean=8422248344449 woo_id=14216 stock=58 pvpr=297.366
[2026-04-07 07:13:50] UPDATED sku=TFH6830XA ean=8422248112741 woo_id=29489 stock=0 pvpr=284.3776
[2026-04-07 07:13:50] UPDATED sku=02132305 ean=8422248073035 woo_id=28941 stock=0 pvpr=554.84394
[2026-04-07 07:13:50] UPDATED sku=DHT97670 ean=8434778019322 woo_id=28420 stock=0 pvpr=1241.50305
[2026-04-07 07:13:50] UPDATED sku=FFB62427ZW ean=7332543989805 woo_id=14816 stock=0 pvpr=584.54636
[2026-04-07 07:13:50] UPDATED sku=TCC64310TTCBK ean=8434778026368 woo_id=11360 stock=1 pvpr=373.89502
[2026-04-07 07:13:50] UPDATED sku=ESS47400SX ean=7333394008622 woo_id=14484 stock=8 pvpr=594.80036
[2026-04-07 07:13:50] UPDATED sku=MF100T70B/W-ES ean=6945878341036 woo_id=14049 stock=47 pvpr=414.96229
[2026-04-07 07:13:50] UPDATED sku=MF100T60B/W-ES ean=6945878341043 woo_id=14070 stock=38 pvpr=395.88985
[2026-04-07 07:13:50] UPDATED sku=MF100T80B/W-ES ean=6945878341029 woo_id=14067 stock=22 pvpr=446.35662
[2026-04-07 07:13:50] UPDATED sku=E60.340BUT ean=8434778025248 woo_id=32035 stock=1 pvpr=173.90784
[2026-04-07 07:13:50] UPDATED sku=KDI641723K ean=7332543849383 woo_id=11195 stock=0 pvpr=564.72196
[2026-04-07 07:13:50] UPDATED sku=CHORUSBK ean=8422248055529 woo_id=29028 stock=0 pvpr=735.80995
[2026-04-07 07:13:50] UPDATED sku=CNsdd5223 ean=4016803071815 woo_id=13465 stock=0 pvpr=1142.58613
[2026-04-07 07:13:50] UPDATED sku=PIC2000 ean=8435568402331 woo_id=15739 stock=7 pvpr=67.77894
[2026-04-07 07:13:50] UPDATED sku=KGE6633NOK ean=7332543796595 woo_id=32061 stock=0 pvpr=296.46023
[2026-04-07 07:13:50] UPDATED sku=E60340NAT ean=8434778022728 woo_id=32046 stock=8 pvpr=173.90784
[2026-04-07 07:13:50] UPDATED sku=CORONABK60 ean=8422248198257 woo_id=29785 stock=0 pvpr=387.58411
[2026-04-07 07:13:50] UPDATED sku=EOD6P77X ean=7332543842582 woo_id=31343 stock=0 pvpr=644.05374
[2026-04-07 07:13:50] UPDATED sku=EN7W3866OF ean=7333394011844 woo_id=14394 stock=0 pvpr=1040.67846
[2026-04-07 07:13:50] UPDATED sku=MES8007X ean=8422248347716 woo_id=31273 stock=10 pvpr=300.64728
[2026-04-07 07:13:50] UPDATED sku=MDS8007X ean=8422248347686 woo_id=31271 stock=0 pvpr=282.34389
[2026-04-07 07:13:50] UPDATED sku=DS48160BIN ean=8436044534836 woo_id=28469 stock=0 pvpr=184.16184
[2026-04-07 07:13:50] UPDATED sku=ESA47301SW ean=7333394011592 woo_id=14562 stock=0 pvpr=528.02973
[2026-04-07 07:13:50] UPDATED sku=MIG2046 ean=8435568403741 woo_id=32965 stock=0 pvpr=118.02354
[2026-04-07 07:13:50] UPDATED sku=MERF396FGE02 ean=4048164107766 woo_id=13717 stock=0 pvpr=967.00347
[2026-04-07 07:13:50] UPDATED sku=SYGMA7010X ean=8422248110068 woo_id=29394 stock=0 pvpr=317.56638
[2026-04-07 07:13:50] UPDATED sku=B1RMLNE444W ean=8690842603105 woo_id=11763 stock=16 pvpr=560.24438
[2026-04-07 07:13:50] UPDATED sku=604HVIC ean=8422248109505 woo_id=32235 stock=4 pvpr=271.62846
[2026-04-07 07:13:50] UPDATED sku=MI2120 ean=8435568405691 woo_id=32963 stock=0 pvpr=74.56367
[2026-04-07 07:13:50] UPDATED sku=HO975 ean=8435568405585 woo_id=30887 stock=27 pvpr=44.82707
[2026-04-07 07:13:50] UPDATED sku=HO985 ean=8435568405592 woo_id=31583 stock=18 pvpr=44.82707
[2026-04-07 07:13:50] UPDATED sku=MI2122 ean=8435568405677 woo_id=33017 stock=3 pvpr=67.62513
[2026-04-07 07:13:50] UPDATED sku=TFH-6430 GBKB ean=8422248343602 woo_id=29506 stock=0 pvpr=181.23945
[2026-04-07 07:13:50] UPDATED sku=EOH3H00BX ean=7332543819898 woo_id=31367 stock=33 pvpr=281.14759
[2026-04-07 07:13:50] UPDATED sku=KMSE173MMX ean=7333394048413 woo_id=32902 stock=6 pvpr=247.15558
[2026-04-07 07:13:50] UPDATED sku=EEA71210L ean=7332543739240 woo_id=14789 stock=14 pvpr=510.34158
[2026-04-07 07:13:50] UPDATED sku=RC18WDNE ean=8017709343378 woo_id=13370 stock=9 pvpr=660.11834
[2026-04-07 07:13:50] UPDATED sku=RC20WDNE ean=8017709343408 woo_id=13412 stock=1 pvpr=695.32374
[2026-04-07 07:13:50] UPDATED sku=RC18XDNE ean=8017709343224 woo_id=13034 stock=9 pvpr=695.32374
[2026-04-07 07:13:50] UPDATED sku=RC20XNE ean=8017709343255 woo_id=13058 stock=1 pvpr=712.92644
[2026-04-07 07:13:50] UPDATED sku=RC20XDNE ean=8017709343262 woo_id=13046 stock=7 pvpr=730.52914
[2026-04-07 07:13:50] UPDATED sku=RC20KDND ean=8017709344757 woo_id=13453 stock=0 pvpr=862.54939
[2026-04-07 07:13:50] UPDATED sku=RC21KDNMC ean=8017709344740 woo_id=13093 stock=1 pvpr=1038.57639
[2026-04-07 07:13:50] UPDATED sku=FD32E ean=8017709337551 woo_id=13066 stock=0 pvpr=519.29674
[2026-04-07 07:13:50] UPDATED sku=FS08EW ean=8017709337780 woo_id=11508 stock=0 pvpr=264.05759
[2026-04-07 07:13:50] UPDATED sku=FF08EW ean=8017709337773 woo_id=13535 stock=0 pvpr=264.05759
[2026-04-07 07:13:50] UPDATED sku=ENG7TE75S ean=7333394026749 woo_id=13350 stock=0 pvpr=1536.49354
[2026-04-07 07:13:50] UPDATED sku=LNS5LE18S ean=7332543973743 woo_id=13222 stock=0 pvpr=810.64706
[2026-04-07 07:13:50] UPDATED sku=ORC6N361ES ean=7333394033471 woo_id=13245 stock=4 pvpr=903.25777
[2026-04-07 07:13:50] UPDATED sku=ORC6N361EW ean=7333394033457 woo_id=13272 stock=0 pvpr=863.84823
[2026-04-07 07:13:50] UPDATED sku=DS56190B ean=8436044534966 woo_id=28477 stock=0 pvpr=304.23618
[2026-04-07 07:13:50] UPDATED sku=LNT6ME32U2 ean=7332543996377 woo_id=13322 stock=6 pvpr=805.57133
[2026-04-07 07:13:50] UPDATED sku=PX164L ean=8017709247416 woo_id=31780 stock=0 pvpr=620.16192
[2026-04-07 07:13:50] UPDATED sku=MI2030 ean=8435568405844 woo_id=32998 stock=0 pvpr=92.71325
[2026-04-07 07:13:50] UPDATED sku=FMI017X ean=8017709229450 woo_id=32659 stock=0 pvpr=386.84924
[2026-04-07 07:13:50] UPDATED sku=CLC8350MC ean=8434778019704 woo_id=33128 stock=0 pvpr=1027.98059
[2026-04-07 07:13:50] UPDATED sku=MF100W80B/1/W-E ean=6945878346307 woo_id=14288 stock=16 pvpr=351.83183
[2026-04-07 07:13:50] UPDATED sku=FSE76727P ean=7333394026350 woo_id=14739 stock=0 pvpr=812.09971
[2026-04-07 07:13:50] UPDATED sku=LVS345CQSX ean=8017709334123 woo_id=14671 stock=0 pvpr=809.74129
[2026-04-07 07:13:50] UPDATED sku=LVS342CQSX ean=8017709334116 woo_id=14449 stock=3 pvpr=642.51564
[2026-04-07 07:13:50] UPDATED sku=LVS262DSX ean=8017709334109 woo_id=14441 stock=2 pvpr=660.11834
[2026-04-07 07:13:50] UPDATED sku=LVS262EB ean=8017709334093 woo_id=14862 stock=2 pvpr=589.70754
[2026-04-07 07:13:50] UPDATED sku=ESA47301SX ean=7333394011585 woo_id=14552 stock=0 pvpr=522.4413
[2026-04-07 07:13:50] UPDATED sku=HLB84G1BM ean=8434778030143 woo_id=31054 stock=0 pvpr=581.48725
[2026-04-07 07:13:50] UPDATED sku=LSV48400L ean=7332543983681 woo_id=14722 stock=0 pvpr=632.36418
[2026-04-07 07:13:50] UPDATED sku=EN6T4722NF ean=7333394058603 woo_id=14036 stock=98 pvpr=506.05199
[2026-04-07 07:13:50] UPDATED sku=944066919 ean=7332543808786 woo_id=31379 stock=0 pvpr=970.74618
[2026-04-07 07:13:50] UPDATED sku=TR719G2PB ean=7333394061443 woo_id=18538 stock=0 pvpr=800.59814
[2026-04-07 07:13:50] UPDATED sku=TR818A2OB ean=7332543841950 woo_id=18569 stock=19 pvpr=669.91091
[2026-04-07 07:13:50] UPDATED sku=LTA7E7231E ean=7333394058566 woo_id=14054 stock=0 pvpr=693.10204
[2026-04-07 07:13:50] UPDATED sku=MI2580PR ean=8435568406537 woo_id=16419 stock=1 pvpr=191.08329
[2026-04-07 07:13:50] UPDATED sku=DVTPRO78780 ean=8434778022308 woo_id=29094 stock=0 pvpr=520.78357
[2026-04-07 07:13:54] UPDATED sku=THALASSA900GBK ean=8422248356220 woo_id=28892 stock=4 pvpr=396.19747
[2026-04-07 07:13:54] UPDATED sku=ML8220BISL ean=8434778030075 woo_id=32763 stock=0 pvpr=543.23983
[2026-04-07 07:13:54] UPDATED sku=HLB8400FULLBK ean=8434778030020 woo_id=31123 stock=0 pvpr=489.69686
[2026-04-07 07:13:54] UPDATED sku=DS76190N ean=8436044535642 woo_id=28539 stock=0 pvpr=362.63271
[2026-04-07 07:13:54] UPDATED sku=DVN67050TCCNEG ean=8434778011692 woo_id=29231 stock=14 pvpr=222.03328
[2026-04-07 07:13:54] UPDATED sku=FAB32RCR5 ean=8017709298135 woo_id=12964 stock=0 pvpr=2216.84644
[2026-04-07 07:13:54] UPDATED sku=THALASSA600GWHG ean=8422248356275 woo_id=28907 stock=0 pvpr=381.53425
[2026-04-07 07:13:54] UPDATED sku=MIG2047CE ean=8435568405851 woo_id=16306 stock=0 pvpr=113.95612
[2026-04-07 07:13:54] UPDATED sku=AMONIA80X/B ean=8422248356022 woo_id=29793 stock=1 pvpr=280.90833
[2026-04-07 07:13:54] UPDATED sku=TI63IQ10I ean=7333394049748 woo_id=32566 stock=0 pvpr=623.47738
[2026-04-07 07:13:54] UPDATED sku=IKC94628MST ean=8434778025897 woo_id=32405 stock=0 pvpr=1252.0134
[2026-04-07 07:13:54] UPDATED sku=EEA17200L ean=7332543761777 woo_id=14726 stock=0 pvpr=543.34237
[2026-04-07 07:13:54] UPDATED sku=02139407 ean=8422248356282 woo_id=28862 stock=7 pvpr=474.48676
[2026-04-07 07:13:54] UPDATED sku=IBS63032 ean=8422248351836 woo_id=32544 stock=0 pvpr=247.4632
[2026-04-07 07:13:54] UPDATED sku=SYGMA7010BK ean=8422248357272 woo_id=28944 stock=0 pvpr=309.80752
[2026-04-07 07:13:54] UPDATED sku=ARMONIA70BK/B ean=8422248356015 woo_id=29803 stock=0 pvpr=270.8765
[2026-04-07 07:13:54] UPDATED sku=CORONAWH60B ean=8422248355216 woo_id=29787 stock=0 pvpr=387.58411
[2026-04-07 07:13:54] UPDATED sku=MWEFS23 ean=8434778029284 woo_id=33029 stock=0 pvpr=214.32569
[2026-04-07 07:13:54] UPDATED sku=MWEFS25GBL ean=8434778029369 woo_id=32939 stock=0 pvpr=109.56399
[2026-04-07 07:13:54] UPDATED sku=MWEFS20GBL ean=8434778029338 woo_id=32951 stock=15 pvpr=88.26985
[2026-04-07 07:13:54] UPDATED sku=MSFS20GNG ean=8434778029307 woo_id=32957 stock=18 pvpr=82.16872
[2026-04-07 07:13:54] UPDATED sku=MWFS20GBL ean=8434778029314 woo_id=32737 stock=30 pvpr=99.77142
[2026-04-07 07:13:54] UPDATED sku=GFI97350EOSNEGR ean=8434778033175 woo_id=29838 stock=0 pvpr=338.65544
[2026-04-07 07:13:54] UPDATED sku=GFI97350EOSINOX ean=8434778033168 woo_id=29117 stock=0 pvpr=338.65544
[2026-04-07 07:13:54] UPDATED sku=GFI93030KOSINOX ean=8434778033113 woo_id=29843 stock=0 pvpr=242.59255
[2026-04-07 07:13:54] UPDATED sku=GFI67350EOSINOX ean=8434778033151 woo_id=29121 stock=0 pvpr=305.63756
[2026-04-07 07:13:54] UPDATED sku=GFI63030KOSNEGR ean=8434778033120 woo_id=29125 stock=0 pvpr=215.19728
[2026-04-07 07:13:54] UPDATED sku=GFI63030KOSINOX ean=8434778033106 woo_id=29847 stock=0 pvpr=215.19728
[2026-04-07 07:13:54] UPDATED sku=CNL6415PLUSG1 ean=8434778033076 woo_id=29855 stock=0 pvpr=260.14398
[2026-04-07 07:13:54] UPDATED sku=DFI46710 ean=8434778032321 woo_id=14776 stock=0 pvpr=382.62801
[2026-04-07 07:13:54] UPDATED sku=DFI46650 ean=8434778027730 woo_id=14682 stock=0 pvpr=444.61344
[2026-04-07 07:13:54] UPDATED sku=RTF3210 ean=8434778032796 woo_id=13895 stock=0 pvpr=343.509
[2026-04-07 07:13:54] UPDATED sku=RTF2510 ean=8434778032789 woo_id=13865 stock=27 pvpr=278.58409
[2026-04-07 07:13:54] UPDATED sku=VS1520GS ean=8434778008913 woo_id=15266 stock=0 pvpr=493.59338
[2026-04-07 07:13:54] UPDATED sku=111890002 ean=8434778008487 woo_id=30942 stock=0 pvpr=63.4039
[2026-04-07 07:13:54] UPDATED sku=TI63IQ30FZ ean=7333394049304 woo_id=32526 stock=0 pvpr=959.2617
[2026-04-07 07:13:54] UPDATED sku=OEF5H50V ean=7332543663156 woo_id=31333 stock=0 pvpr=435.2823
[2026-04-07 07:13:54] UPDATED sku=LIS62341 ean=7333394049588 woo_id=32492 stock=0 pvpr=447.65546
[2026-04-07 07:13:54] UPDATED sku=LFU226W ean=7332543614417 woo_id=28450 stock=0 pvpr=159.74023
[2026-04-07 07:13:54] UPDATED sku=EOF6P46VX0 ean=7332543830657 woo_id=31430 stock=0 pvpr=457.75565
[2026-04-07 07:13:54] UPDATED sku=LFP226S ean=7332543827985 woo_id=29577 stock=0 pvpr=178.60759
[2026-04-07 07:13:54] UPDATED sku=02078801 ean=8422248355667 woo_id=28921 stock=0 pvpr=314.55854
[2026-04-07 07:13:54] UPDATED sku=EWF7201WH ean=8422248359405 woo_id=14295 stock=21 pvpr=307.75672
[2026-04-07 07:13:54] UPDATED sku=GZC64300XBA ean=8434778019438 woo_id=31966 stock=0 pvpr=365.17912
[2026-04-07 07:13:54] UPDATED sku=RC20XDND ean=8017709343286 woo_id=13446 stock=0 pvpr=760.45373
[2026-04-07 07:13:54] UPDATED sku=RC18XDND ean=8017709343231 woo_id=13401 stock=0 pvpr=792.13859
[2026-04-07 07:13:54] UPDATED sku=IBF63210SSMBK ean=8434778033397 woo_id=32400 stock=21 pvpr=272.73931
[2026-04-07 07:13:54] UPDATED sku=IBC63BF110 ean=8434778033427 woo_id=32598 stock=0 pvpr=326.06011
[2026-04-07 07:13:54] UPDATED sku=ESB2AE82S ean=7333394028378 woo_id=11660 stock=0 pvpr=613.78735
[2026-04-07 07:13:54] UPDATED sku=EOF3H40BX ean=7332543819867 woo_id=31607 stock=0 pvpr=325.66704
[2026-04-07 07:13:54] UPDATED sku=LB2T92ASES ean=8017709349738 woo_id=14225 stock=5 pvpr=457.68729
[2026-04-07 07:13:54] UPDATED sku=LB2T82ASES ean=8017709349721 woo_id=14253 stock=9 pvpr=422.48189
[2026-04-07 07:13:54] UPDATED sku=DT282ES ean=8017709352158 woo_id=18405 stock=3 pvpr=542.48787
[2026-04-07 07:13:54] UPDATED sku=C6IMXT2 ean=8017709329013 woo_id=30062 stock=0 pvpr=1710.94826
[2026-04-07 07:13:54] UPDATED sku=EDI618A5BO ean=7333394055091 woo_id=18851 stock=0 pvpr=602.43959
[2026-04-07 07:13:54] UPDATED sku=IBC63110SSMBK ean=8434778033380 woo_id=32371 stock=20 pvpr=247.805
[2026-04-07 07:13:54] UPDATED sku=EGG62310L ean=7332543738410 woo_id=14802 stock=4 pvpr=562.27809
[2026-04-07 07:13:54] UPDATED sku=COH3H54TX ean=7332543982547 woo_id=31359 stock=0 pvpr=415.44081
[2026-04-07 07:13:54] UPDATED sku=TR4110IX2 ean=8017709312473 woo_id=30091 stock=0 pvpr=5860.93005
[2026-04-07 07:13:54] UPDATED sku=SMS46KI01E ean=4242002993300 woo_id=14531 stock=0 pvpr=662.93819
[2026-04-07 07:13:54] UPDATED sku=SMS46KW02E ean=4242005512249 woo_id=14569 stock=0 pvpr=582.46138
[2026-04-07 07:13:54] UPDATED sku=LFR7314O4C ean=7333394056159 woo_id=14113 stock=0 pvpr=812.09971
[2026-04-07 07:13:54] UPDATED sku=EFI6114O2B ean=7333394041759 woo_id=14151 stock=0 pvpr=624.21225
[2026-04-07 07:13:54] UPDATED sku=EFI6194O1B ean=7333394041773 woo_id=14157 stock=0 pvpr=604.38785
[2026-04-07 07:13:54] UPDATED sku=EWI7216O2B ean=7333394055381 woo_id=14358 stock=0 pvpr=811.27939
[2026-04-07 07:13:54] UPDATED sku=EDI618Y5BO ean=7333394054889 woo_id=18564 stock=0 pvpr=693.10204
[2026-04-07 07:13:54] UPDATED sku=SRV531GH5 ean=8017709111076 woo_id=32131 stock=0 pvpr=390.57486
[2026-04-07 07:13:54] UPDATED sku=IB6303E2BK ean=8422248355919 woo_id=32279 stock=64 pvpr=198.80797
[2026-04-07 07:13:54] UPDATED sku=HOT398 ean=8435568407374 woo_id=31597 stock=0 pvpr=114.77644
[2026-04-07 07:13:54] UPDATED sku=TK6DS181ES ean=7333394034966 woo_id=11677 stock=0 pvpr=1044.81424
[2026-04-07 07:13:54] UPDATED sku=TB7NA181ES ean=7333394034911 woo_id=11810 stock=0 pvpr=1143.93624
[2026-04-07 07:13:54] UPDATED sku=BM3T37230W ean=8690842719035 woo_id=18900 stock=0 pvpr=463.03646
[2026-04-07 07:13:54] UPDATED sku=ICC915CROMO ean=8434778002973 woo_id=12895 stock=1 pvpr=284.56559
[2026-04-07 07:13:54] UPDATED sku=TR64IT00FB ean=7333394064109 woo_id=11212 stock=0 pvpr=1323.91103
[2026-04-07 07:13:54] UPDATED sku=TI63IF0BFB ean=7333394069968 woo_id=11253 stock=2 pvpr=553.28875
[2026-04-07 07:13:54] UPDATED sku=TI63IQ3BFB ean=7333394069951 woo_id=11257 stock=0 pvpr=559.23607
[2026-04-07 07:13:54] UPDATED sku=TI63IQ10IB ean=7333394069784 woo_id=11199 stock=12 pvpr=478.74217
[2026-04-07 07:13:54] UPDATED sku=TP9SB831AB ean=7333394110721 woo_id=31383 stock=0 pvpr=1919.56589
[2026-04-07 07:13:54] UPDATED sku=TR7PB73FSB ean=7333394052793 woo_id=31672 stock=0 pvpr=1066.79198
[2026-04-07 07:13:54] UPDATED sku=OR6PB51WSB ean=7333394107875 woo_id=31467 stock=0 pvpr=715.78047
[2026-04-07 07:13:54] UPDATED sku=TE7PB63ZAB ean=7333394056197 woo_id=31490 stock=0 pvpr=543.15438
[2026-04-07 07:13:54] UPDATED sku=OS6PB511AB ean=7333394111292 woo_id=31632 stock=0 pvpr=593.72369
[2026-04-07 07:13:54] UPDATED sku=OU5PB41WSB ean=7333394108971 woo_id=31500 stock=0 pvpr=534.35303
[2026-04-07 07:13:54] UPDATED sku=OAG7M281EW ean=7333394036045 woo_id=11804 stock=0 pvpr=1002.08924
[2026-04-07 07:13:54] UPDATED sku=INSB6003E2BK ean=8422248355735 woo_id=32253 stock=0 pvpr=315.75484
[2026-04-07 07:13:54] UPDATED sku=HLB84VGOGHP ean=8434778034370 woo_id=31067 stock=0 pvpr=657.53775
[2026-04-07 07:13:54] UPDATED sku=HSB6250PFULLBLA ean=8434778035537 woo_id=31453 stock=0 pvpr=432.61626
[2026-04-07 07:13:54] UPDATED sku=HSB6250PBLANCO ean=8434778035520 woo_id=31317 stock=5 pvpr=467.03552
[2026-04-07 07:13:54] UPDATED sku=HSB6466PINOX ean=8434778034219 woo_id=31624 stock=0 pvpr=471.20548
[2026-04-07 07:13:54] UPDATED sku=HSB6360PINOX ean=8434778034196 woo_id=31305 stock=0 pvpr=449.94552
[2026-04-07 07:13:54] UPDATED sku=HSB6250PINOX ean=8434778034134 woo_id=31312 stock=0 pvpr=435.36775
[2026-04-07 07:13:54] UPDATED sku=HLB84VGOGH ean=8434778034356 woo_id=31073 stock=0 pvpr=545.95714
[2026-04-07 07:13:54] UPDATED sku=HSB6350FULLBLAC ean=8434778034004 woo_id=31589 stock=0 pvpr=344.32932
[2026-04-07 07:13:54] UPDATED sku=HSB6150FULLBLAC ean=8434778033922 woo_id=31147 stock=1 pvpr=330.40097
[2026-04-07 07:13:54] UPDATED sku=HSB6350BLANCO ean=8434778033991 woo_id=31135 stock=4 pvpr=371.72459
[2026-04-07 07:13:54] UPDATED sku=HSB6150BLANCO ean=8434778033915 woo_id=31154 stock=4 pvpr=330.40097
[2026-04-07 07:13:54] UPDATED sku=HSB6648EASYSTEA ean=8434778034127 woo_id=31297 stock=0 pvpr=417.14981
[2026-04-07 07:13:54] UPDATED sku=HSB6466INOX ean=8434778034103 woo_id=31447 stock=0 pvpr=385.78966
[2026-04-07 07:13:54] UPDATED sku=HSB6360INOX ean=8434778034011 woo_id=31577 stock=10 pvpr=328.65779
[2026-04-07 07:13:54] UPDATED sku=HSB6150INOX ean=8434778033885 woo_id=31141 stock=12 pvpr=289.55587
[2026-04-07 07:13:57] UPDATED sku=HBB6050INOX ean=8434778034790 woo_id=31160 stock=15 pvpr=293.24731
[2026-04-07 07:13:57] UPDATED sku=HBB5350INOX ean=8434778034714 woo_id=30960 stock=5 pvpr=288.25703
[2026-04-07 07:13:57] UPDATED sku=HBB5350FULLBLAC ean=8434778034752 woo_id=30964 stock=4 pvpr=288.25703
[2026-04-07 07:13:57] UPDATED sku=HBB5350BLANCO ean=8434778034745 woo_id=30969 stock=2 pvpr=288.25703
[2026-04-07 07:13:57] UPDATED sku=HBB4350BLANCO ean=8434778034691 woo_id=30973 stock=4 pvpr=275.35408
[2026-04-07 07:13:57] UPDATED sku=HSC6440CSINOX ean=8434778034240 woo_id=31230 stock=2 pvpr=875.55488
[2026-04-07 07:13:57] UPDATED sku=HSC6350PINOX ean=8434778034233 woo_id=31214 stock=0 pvpr=550.14419
[2026-04-07 07:13:57] UPDATED sku=HBC6250PINOX ean=8434778035063 woo_id=31236 stock=3 pvpr=542.23152
[2026-04-07 07:13:57] UPDATED sku=HSC6350INOX ean=8434778034226 woo_id=31222 stock=0 pvpr=412.99694
[2026-04-07 07:13:57] UPDATED sku=HBC5350INOX ean=8434778035056 woo_id=30977 stock=1 pvpr=365.65764
[2026-04-07 07:13:57] UPDATED sku=KITVGVSWDWGOGH ean=8434778034431 woo_id=30938 stock=0 pvpr=147.45252
[2026-04-07 07:13:57] UPDATED sku=ML82VGOGHBISL ean=8434778034400 woo_id=32751 stock=0 pvpr=597.75693
[2026-04-07 07:13:57] UPDATED sku=MS6220BISRINOX ean=8434778034455 woo_id=32816 stock=0 pvpr=479.08397
[2026-04-07 07:13:57] UPDATED sku=MS6220BISLINOX ean=8434778034448 woo_id=32822 stock=0 pvpr=479.08397
[2026-04-07 07:13:57] UPDATED sku=MS6220BILINOX ean=8434778034479 woo_id=32829 stock=0 pvpr=404.74247
[2026-04-07 07:13:57] UPDATED sku=ML8210BISCRISTA ean=8434778032130 woo_id=32799 stock=0 pvpr=330.77695
[2026-04-07 07:13:57] UPDATED sku=ML8210BISCRISTB ean=8434778032147 woo_id=32808 stock=0 pvpr=393.99286
[2026-04-07 07:13:57] UPDATED sku=MS6200BISINOX ean=8434778035582 woo_id=32836 stock=0 pvpr=279.64367
[2026-04-07 07:13:57] UPDATED sku=ML820FIBLANCO ean=8434778033298 woo_id=32787 stock=0 pvpr=273.90143
[2026-04-07 07:13:57] UPDATED sku=MS6200BIHINOX ean=8434778035629 woo_id=32844 stock=0 pvpr=279.64367
[2026-04-07 07:13:57] UPDATED sku=MB6200BIINOX ean=8434778035643 woo_id=32856 stock=0 pvpr=253.83777
[2026-04-07 07:13:57] UPDATED sku=MB6200BIBLANCO ean=8434778035667 woo_id=32865 stock=0 pvpr=253.83777
[2026-04-07 07:13:57] UPDATED sku=MWEFS25GINOX ean=8434778029376 woo_id=32933 stock=0 pvpr=109.56399
[2026-04-07 07:13:57] UPDATED sku=MWEFS20GINOX ean=8434778029345 woo_id=32945 stock=0 pvpr=94.37098
[2026-04-07 07:13:57] UPDATED sku=IBF63VGOGH ean=8434778031669 woo_id=32379 stock=0 pvpr=573.84802
[2026-04-07 07:13:57] UPDATED sku=TBC63620TTC ean=8434778030440 woo_id=11371 stock=0 pvpr=300.37384
[2026-04-07 07:13:57] UPDATED sku=CC485NEGRO ean=8434778036527 woo_id=29635 stock=0 pvpr=940.01836
[2026-04-07 07:13:57] UPDATED sku=DVTVG78660VGOGH ean=8434778035117 woo_id=29262 stock=0 pvpr=621.68293
[2026-04-07 07:13:57] UPDATED sku=RBF68670INOX ean=8434778035827 woo_id=13152 stock=0 pvpr=824.09689
[2026-04-07 07:13:57] UPDATED sku=RBF88670VANGOGH ean=8434778035360 woo_id=13130 stock=0 pvpr=1608.49371
[2026-04-07 07:13:57] UPDATED sku=RBF88670CRISTNG ean=8434778035339 woo_id=13161 stock=0 pvpr=1192.33512
[2026-04-07 07:13:57] UPDATED sku=NFL4300INOX ean=8434778036787 woo_id=13124 stock=0 pvpr=598.20127
[2026-04-07 07:13:57] UPDATED sku=RBF84680INOX ean=8434778035346 woo_id=13143 stock=0 pvpr=1051.51352
[2026-04-07 07:13:57] UPDATED sku=RBF64660INOX ean=8434778035254 woo_id=13169 stock=0 pvpr=711.74723
[2026-04-07 07:13:57] UPDATED sku=RBF44630INOX ean=8434778035803 woo_id=13177 stock=0 pvpr=573.84802
[2026-04-07 07:13:57] UPDATED sku=RBF44630NEGRO ean=8434778035216 woo_id=13186 stock=0 pvpr=573.84802
[2026-04-07 07:13:57] UPDATED sku=RBF44630BLANCO ean=8434778035209 woo_id=13195 stock=0 pvpr=555.92061
[2026-04-07 07:13:57] UPDATED sku=BM3WFT31041WB ean=8690842753176 woo_id=14298 stock=0 pvpr=456.71316
[2026-04-07 07:13:57] UPDATED sku=LMS2173EMK ean=7333394048390 woo_id=32890 stock=0 pvpr=302.71517
[2026-04-07 07:13:57] UPDATED sku=TB6GM171DB ean=7333394105826 woo_id=32909 stock=4 pvpr=442.27211
[2026-04-07 07:13:57] UPDATED sku=TN63IP00FB ean=7333394075297 woo_id=11242 stock=5 pvpr=413.97107
[2026-04-07 07:13:57] UPDATED sku=FSE96808P ean=7333394073132 woo_id=14730 stock=0 pvpr=1811.01021
[2026-04-07 07:13:57] UPDATED sku=OU5PB40SM ean=7333394046198 woo_id=31515 stock=9 pvpr=396.07784
[2026-04-07 07:13:57] UPDATED sku=CB4040E ean=8422248369619 woo_id=12720 stock=50 pvpr=72.88885
[2026-04-07 07:13:57] UPDATED sku=BETAPRO7000X ean=8422248371520 woo_id=28975 stock=1 pvpr=299.04082
[2026-04-07 07:13:57] UPDATED sku=FSE73507P ean=7333394013817 woo_id=14795 stock=0 pvpr=683.70254
[2026-04-07 07:13:57] UPDATED sku=VK7000X ean=8422248371193 woo_id=29016 stock=4 pvpr=143.65854
[2026-04-07 07:13:57] UPDATED sku=TC6MS19FES ean=7333394082721 woo_id=13296 stock=0 pvpr=1137.39077
[2026-04-07 07:13:57] UPDATED sku=EOE6060X ean=8422248359665 woo_id=31647 stock=0 pvpr=243.85721
[2026-04-07 07:13:57] UPDATED sku=TO84IU0FFB ean=7333394073002 woo_id=11227 stock=3 pvpr=755.05329
[2026-04-07 07:13:57] UPDATED sku=WMK40940BLACO ean=8434778032635 woo_id=14265 stock=7 pvpr=393.99286
[2026-04-07 07:13:57] UPDATED sku=OAG7M281EX ean=7333394036076 woo_id=11796 stock=0 pvpr=1057.49502
[2026-04-07 07:13:57] UPDATED sku=BETAPRO6000X ean=8422248371537 woo_id=28978 stock=0 pvpr=280.66907
[2026-04-07 07:13:57] UPDATED sku=BETAPRO9000X ean=8422248371513 woo_id=28972 stock=1 pvpr=327.4444
[2026-04-07 07:13:57] UPDATED sku=EEA27400L ean=7333394053615 woo_id=14752 stock=9 pvpr=570.31039
[2026-04-07 07:13:57] UPDATED sku=GB67D91HL ean=7333394060125 woo_id=29369 stock=0 pvpr=517.92954
[2026-04-07 07:13:57] UPDATED sku=TMS5G25IEM ean=7333394120461 woo_id=32924 stock=0 pvpr=354.94221
[2026-04-07 07:13:57] UPDATED sku=EN63RB ean=8437015023311 woo_id=31871 stock=0 pvpr=266.86035
[2026-04-07 07:13:57] UPDATED sku=EFT1612WH ean=8422248373777 woo_id=13920 stock=2 pvpr=317.85691
[2026-04-07 07:13:57] UPDATED sku=TE8PB731AT ean=7333394110653 woo_id=31483 stock=0 pvpr=1151.33621
[2026-04-07 07:13:57] UPDATED sku=OMB6G261TT ean=7333394127026 woo_id=32915 stock=0 pvpr=850.72311
[2026-04-07 07:13:57] UPDATED sku=TI84IB30FB ean=7333394069760 woo_id=32531 stock=0 pvpr=894.93494
[2026-04-07 07:13:57] UPDATED sku=GDE689HM ean=7333394121871 woo_id=29917 stock=0 pvpr=683.61709
[2026-04-07 07:13:57] UPDATED sku=ORC6N361DS ean=7333394033365 woo_id=13240 stock=0 pvpr=987.76782
[2026-04-07 07:13:57] UPDATED sku=TR818A2PB ean=7333394060927 woo_id=18521 stock=0 pvpr=911.25589
[2026-04-07 07:13:57] UPDATED sku=TO74IB00FB ean=7333394069982 woo_id=11230 stock=0 pvpr=612.18089
[2026-04-07 07:13:57] UPDATED sku=ITC63320MPS ean=8434778027082 woo_id=32416 stock=0 pvpr=495.59291
[2026-04-07 07:13:57] UPDATED sku=RCB632E9MW ean=7332543995707 woo_id=13286 stock=0 pvpr=810.68124
[2026-04-07 07:13:57] UPDATED sku=DS62190 ean=8436044535567 woo_id=28521 stock=0 pvpr=215.334
[2026-04-07 07:13:57] UPDATED sku=EIV644 ean=7332543590421 woo_id=32463 stock=0 pvpr=523.72305
[2026-04-07 07:13:57] UPDATED sku=MIG2140 ean=8435568405707 woo_id=32972 stock=0 pvpr=86.66339
[2026-04-07 07:13:57] UPDATED sku=RC20XDNC ean=8017709343309 woo_id=13425 stock=5 pvpr=862.54939
[2026-04-07 07:13:57] UPDATED sku=GK4500WH ean=8422248357142 woo_id=29834 stock=5 pvpr=152.45989
[2026-04-07 07:13:57] UPDATED sku=VK6000X ean=8422248357012 woo_id=29021 stock=12 pvpr=125.50896
[2026-04-07 07:13:57] UPDATED sku=CS1A ean=8422248371131 woo_id=12794 stock=1 pvpr=101.12153
[2026-04-07 07:13:57] UPDATED sku=BM3T38230WB ean=8690842787218 woo_id=18904 stock=0 pvpr=490.8248
[2026-04-07 07:13:57] UPDATED sku=LWR9816O1C ean=7333394116501 woo_id=14342 stock=0 pvpr=1979.05618
[2026-04-07 07:13:57] UPDATED sku=TR959V6PBC ean=7333394115535 woo_id=18553 stock=0 pvpr=1618.95279
[2026-04-07 07:13:57] UPDATED sku=LFSR9514L6U ean=7333394116068 woo_id=14183 stock=0 pvpr=1343.39363
[2026-04-07 07:13:57] UPDATED sku=LWR7304L4B ean=7333394052120 woo_id=14351 stock=0 pvpr=1271.37637
[2026-04-07 07:13:57] UPDATED sku=TR839T4PBC ean=7333394115542 woo_id=18528 stock=0 pvpr=1271.37637
[2026-04-07 07:13:57] UPDATED sku=TR839T4PBCP ean=7333394120454 woo_id=18533 stock=0 pvpr=1271.37637
[2026-04-07 07:13:57] UPDATED sku=LFR8504L6Q ean=7333394035611 woo_id=14163 stock=0 pvpr=1234.83795
[2026-04-07 07:13:57] UPDATED sku=LFSR8514L6O ean=7333394116136 woo_id=14192 stock=0 pvpr=1127.32476
[2026-04-07 07:13:57] UPDATED sku=LFSR7304L2B ean=7333394132259 woo_id=14089 stock=0 pvpr=1031.29605
[2026-04-07 07:13:57] UPDATED sku=TR839T4PB ean=7333394132778 woo_id=18548 stock=0 pvpr=990.58767
[2026-04-07 07:13:57] UPDATED sku=LFR6214O2B ean=7333394116532 woo_id=14128 stock=0 pvpr=863.25008
[2026-04-07 07:13:57] UPDATED sku=LFN7E8436F ean=7333394010588 woo_id=14318 stock=0 pvpr=882.03199
[2026-04-07 07:13:57] UPDATED sku=LFR6284N4B ean=7333394116518 woo_id=14134 stock=0 pvpr=802.70021
[2026-04-07 07:13:57] UPDATED sku=LFSR7304L4B ean=7333394132235 woo_id=14199 stock=28 pvpr=621.71711
[2026-04-07 07:13:57] UPDATED sku=TR718EAOB ean=7333394129204 woo_id=18862 stock=19 pvpr=636.17525
[2026-04-07 07:13:57] UPDATED sku=LFR7394N2B ean=7333394120287 woo_id=14121 stock=0 pvpr=792.25822
[2026-04-07 07:13:57] UPDATED sku=LTA6G7331E ean=7333394058559 woo_id=14021 stock=0 pvpr=673.26055
[2026-04-07 07:13:57] UPDATED sku=LTA6K7230B ean=7333394120713 woo_id=14029 stock=0 pvpr=644.05374
[2026-04-07 07:13:57] UPDATED sku=LFR6194O2B ean=7332543978182 woo_id=14259 stock=0 pvpr=580.27386
[2026-04-07 07:13:57] UPDATED sku=LTA5N6230E ean=7333394120690 woo_id=14235 stock=0 pvpr=574.10437
[2026-04-07 07:13:57] UPDATED sku=EN7W4862OF ean=7333394051260 woo_id=14371 stock=0 pvpr=990.58767
[2026-04-07 07:13:57] UPDATED sku=EW7W4943EB ean=7333394133911 woo_id=14389 stock=29 pvpr=650.63339
[2026-04-07 07:13:57] UPDATED sku=EFI7514L2C ean=7333394102375 woo_id=14141 stock=0 pvpr=772.43382
[2026-04-07 07:13:57] UPDATED sku=EFI6314O1Q ean=7333394064437 woo_id=14083 stock=0 pvpr=732.76793
[2026-04-07 07:13:59] UPDATED sku=IBC64010MSS ean=8434778011807 woo_id=32338 stock=0 pvpr=391.27555
[2026-04-07 07:13:59] UPDATED sku=ESS42220SX ean=7332543989775 woo_id=14834 stock=0 pvpr=593.94586
[2026-04-07 07:13:59] UPDATED sku=BETA1200XE ean=8422248062299 woo_id=28739 stock=0 pvpr=511.19608
[2026-04-07 07:13:59] UPDATED sku=TO63IQ0BIB ean=7333394069937 woo_id=11236 stock=13 pvpr=403.23855
[2026-04-07 07:13:59] UPDATED sku=THALASSAEVO80GB ean=8422248356404 woo_id=28838 stock=0 pvpr=749.27687
[2026-04-07 07:13:59] UPDATED sku=SFP6101TB3 ean=8017709329334 woo_id=30663 stock=0 pvpr=987.52856
[2026-04-07 07:13:59] UPDATED sku=02075421 ean=8422248371568 woo_id=28987 stock=2 pvpr=280.66907
[2026-04-07 07:13:59] UPDATED sku=UM4040 ean=8017709176617 woo_id=12952 stock=0 pvpr=191.88652
[2026-04-07 07:13:59] UPDATED sku=FAB28RRD5 ean=8017709299316 woo_id=11732 stock=0 pvpr=1662.36139
[2026-04-07 07:13:59] UPDATED sku=CORONAXNODRIP80 ean=8422248370769 woo_id=29752 stock=0 pvpr=468.02674
[2026-04-07 07:13:59] UPDATED sku=ARONA60BK ean=8422248372145 woo_id=29770 stock=0 pvpr=407.54523
[2026-04-07 07:13:59] UPDATED sku=CTRS80ESMARTREV ean=8422248363617 woo_id=34317 stock=0 pvpr=322.18068
[2026-04-07 07:13:59] UPDATED sku=CTRS50ESMARTREV ean=8422248363624 woo_id=34319 stock=0 pvpr=253.35925
[2026-04-07 07:13:59] UPDATED sku=CTRS10ESMARTREV ean=8422248363600 woo_id=34314 stock=0 pvpr=364.88859
[2026-04-07 07:13:59] UPDATED sku=02137409 ean=8422248356480 woo_id=28832 stock=0 pvpr=757.49716
[2026-04-07 07:13:59] UPDATED sku=MD5008BK ean=8422248372879 woo_id=31283 stock=0 pvpr=375.89455
[2026-04-07 07:13:59] UPDATED sku=HCB6370PINOX ean=8434778037593 woo_id=31687 stock=0 pvpr=369.53707
[2026-04-07 07:13:59] UPDATED sku=HCB6370INOX ean=8434778037586 woo_id=31580 stock=0 pvpr=302.86898
[2026-04-07 07:13:59] UPDATED sku=HCB6170INOX ean=8434778037579 woo_id=31594 stock=0 pvpr=298.01542
[2026-04-07 07:13:59] UPDATED sku=TR84IT00FB ean=7333394064116 woo_id=11205 stock=0 pvpr=1601.35009
[2026-04-07 07:13:59] UPDATED sku=TK8NK721B ean=7333394069081 woo_id=31411 stock=0 pvpr=891.43149
[2026-04-07 07:13:59] UPDATED sku=OU5AB21CM ean=7333394103433 woo_id=31407 stock=0 pvpr=371.09226
[2026-04-07 07:13:59] UPDATED sku=TN63IP0BIB ean=7333394075310 woo_id=11245 stock=29 pvpr=370.63083
[2026-04-07 07:13:59] UPDATED sku=LR633CK ean=7333394112213 woo_id=11412 stock=18 pvpr=186.36645
[2026-04-07 07:13:59] UPDATED sku=EWF10400WH ean=8422248359368 woo_id=14229 stock=0 pvpr=487.68024
[2026-04-07 07:13:59] UPDATED sku=EWF8403WH ean=8422248359337 woo_id=14213 stock=22 pvpr=403.06765
[2026-04-07 07:13:59] UPDATED sku=TS5GM25EB ean=7333394117348 woo_id=32919 stock=0 pvpr=388.78041
[2026-04-07 07:13:59] UPDATED sku=ORX9V351DU ean=7332543849949 woo_id=13687 stock=0 pvpr=1767.12309
[2026-04-07 07:13:59] UPDATED sku=LFK6001X ean=8422248371308 woo_id=29444 stock=5 pvpr=86.42413
[2026-04-07 07:13:59] UPDATED sku=TDM6003 ean=8422248357357 woo_id=11334 stock=0 pvpr=136.60037
[2026-04-07 07:13:59] UPDATED sku=SX91GM ean=8017709325039 woo_id=30243 stock=0 pvpr=1485.51407
[2026-04-07 07:13:59] UPDATED sku=ARMONIA60BKB ean=8422248355995 woo_id=29806 stock=0 pvpr=251.08628
[2026-04-07 07:13:59] UPDATED sku=MSEG620FIBKSS ean=8434778029413 woo_id=32852 stock=0 pvpr=194.29621
[2026-04-07 07:13:59] UPDATED sku=SI2951D ean=8017709310080 woo_id=32180 stock=0 pvpr=1153.72881
[2026-04-07 07:13:59] UPDATED sku=CBIZ2432B ean=8806091859358 woo_id=32563 stock=2 pvpr=611.54856
[2026-04-07 07:13:59] UPDATED sku=INSB6003E2WH ean=8422248357159 woo_id=32277 stock=0 pvpr=399.27367
[2026-04-07 07:13:59] UPDATED sku=112650002 ean=8434778026382 woo_id=32155 stock=0 pvpr=147.8285
[2026-04-07 07:13:59] UPDATED sku=VK9000X ean=8422248371186 woo_id=29012 stock=0 pvpr=134.37867
[2026-04-07 07:13:59] UPDATED sku=KATE900EX ean=8017709235147 woo_id=28657 stock=0 pvpr=267.66358
[2026-04-07 07:13:59] UPDATED sku=LYP792 ean=8017709251604 woo_id=12954 stock=0 pvpr=121.47572
[2026-04-07 07:13:59] UPDATED sku=KSET91E2 ean=8017709274795 woo_id=29694 stock=0 pvpr=144.35923
[2026-04-07 07:13:59] UPDATED sku=KSET92E ean=8017709235598 woo_id=29696 stock=0 pvpr=149.8793
[2026-04-07 07:13:59] UPDATED sku=KSET62E ean=8017709233044 woo_id=29698 stock=0 pvpr=98.59221
[2026-04-07 07:13:59] UPDATED sku=KTE90E2 ean=8017709333669 woo_id=29700 stock=0 pvpr=133.84888
[2026-04-07 07:13:59] UPDATED sku=KTE60E2 ean=8017709333652 woo_id=29702 stock=0 pvpr=120.70667
[2026-04-07 07:13:59] UPDATED sku=KSEC61XE3 ean=8017709343330 woo_id=29616 stock=0 pvpr=96.57559
[2026-04-07 07:13:59] UPDATED sku=KSEC61NE3 ean=8017709343323 woo_id=29619 stock=0 pvpr=95.96035
[2026-04-07 07:13:59] UPDATED sku=KSEC61BE3 ean=8017709343316 woo_id=29622 stock=0 pvpr=95.96035
[2026-04-07 07:13:59] UPDATED sku=CSS1A ean=8422248369831 woo_id=12788 stock=15 pvpr=78.18675
[2026-04-07 07:13:59] UPDATED sku=GI87D91CB ean=7333394067018 woo_id=29345 stock=0 pvpr=941.55646
[2026-04-07 07:13:59] UPDATED sku=HLC8440CFULLBLA ean=8434778030051 woo_id=31189 stock=0 pvpr=956.42476
[2026-04-07 07:13:59] UPDATED sku=HKB75820NB ean=7332543796588 woo_id=32094 stock=0 pvpr=424.12253
[2026-04-07 07:13:59] UPDATED sku=5391212 ean=8421152093160 woo_id=12825 stock=3 pvpr=71.16276
[2026-04-07 07:13:59] UPDATED sku=8091317 ean=8421152090428 woo_id=12837 stock=1 pvpr=85.55254
[2026-04-07 07:13:59] UPDATED sku=8191462 ean=8421152749197 woo_id=12843 stock=0 pvpr=66.95862
[2026-04-07 07:13:59] UPDATED sku=182000200 ean=8421152084748 woo_id=12849 stock=0 pvpr=174.318
[2026-04-07 07:13:59] UPDATED sku=239151200 ean=8421152084717 woo_id=12803 stock=1 pvpr=96.69522
[2026-04-07 07:13:59] UPDATED sku=559950200 ean=8421152090237 woo_id=12800 stock=0 pvpr=85.55254
[2026-04-07 07:13:59] UPDATED sku=53914C6 ean=8421152093177 woo_id=12832 stock=0 pvpr=81.80983
[2026-04-07 07:13:59] UPDATED sku=469130200 ean=8421152084724 woo_id=12846 stock=0 pvpr=54.56837
[2026-04-07 07:13:59] UPDATED sku=460250200 ean=8421152086971 woo_id=12845 stock=0 pvpr=60.65241
[2026-04-07 07:13:59] UPDATED sku=239371200 ean=8421152102312 woo_id=12805 stock=0 pvpr=288.1374
[2026-04-07 07:13:59] UPDATED sku=EHF6232IOK ean=7332543487370 woo_id=11434 stock=63 pvpr=204.03751
[2026-04-07 07:13:59] UPDATED sku=IB2PLUSBK ean=8422248109420 woo_id=32232 stock=0 pvpr=282.34389
[2026-04-07 07:13:59] UPDATED sku=TL06260IN ean=8436044538513 woo_id=29433 stock=0 pvpr=113.93903
[2026-04-07 07:13:59] UPDATED sku=GIGA750 ean=8422248054485 woo_id=32241 stock=0 pvpr=1400.91857
[2026-04-07 07:13:59] UPDATED sku=MLCROMO ean=8421152747650 woo_id=12840 stock=0 pvpr=41.23817
[2026-04-07 07:13:59] UPDATED sku=MC32DC ean=8422248055253 woo_id=32694 stock=0 pvpr=372.57909
[2026-04-07 07:13:59] UPDATED sku=61001104 ean=8421152714881 woo_id=30534 stock=0 pvpr=28.30104
[2026-04-07 07:13:59] UPDATED sku=40199057 ean=8421152114209 woo_id=30532 stock=0 pvpr=64.68565
[2026-04-07 07:13:59] UPDATED sku=MC25GTCBK ean=8422248055277 woo_id=32740 stock=0 pvpr=311.3798
[2026-04-07 07:13:59] UPDATED sku=40199510 ean=8421152113806 woo_id=30538 stock=0 pvpr=28.30104
[2026-04-07 07:13:59] UPDATED sku=R2AG ean=8422248043151 woo_id=12780 stock=0 pvpr=153.34857
[2026-04-07 07:13:59] UPDATED sku=40197920 ean=8421152113875 woo_id=15270 stock=0 pvpr=92.98669
[2026-04-07 07:13:59] UPDATED sku=GFG2BLACK ean=8421152121238 woo_id=28400 stock=1 pvpr=156.51022
[2026-04-07 07:13:59] UPDATED sku=GCDUALABK45 ean=8422248078306 woo_id=29468 stock=0 pvpr=345.49144
[2026-04-07 07:13:59] UPDATED sku=CS1 ean=8422248055338 woo_id=12792 stock=0 pvpr=101.12153
[2026-04-07 07:13:59] UPDATED sku=MV1312 ean=5604409138057 woo_id=11442 stock=0 pvpr=193.37335
[2026-04-07 07:13:59] UPDATED sku=MF5600X ean=5604409133328 woo_id=30993 stock=0 pvpr=584.93943
[2026-04-07 07:13:59] UPDATED sku=MF4609X ean=5604409139344 woo_id=30991 stock=0 pvpr=490.08993
[2026-04-07 07:13:59] UPDATED sku=VITA915 ean=8421152076460 woo_id=12852 stock=0 pvpr=133.88306
[2026-04-07 07:13:59] UPDATED sku=MIG3420 ean=8436044532146 woo_id=33002 stock=0 pvpr=167.80671
[2026-04-07 07:13:59] UPDATED sku=ELINE1C ean=8421152133774 woo_id=12556 stock=0 pvpr=185.95629
[2026-04-07 07:13:59] UPDATED sku=E911BL ean=5604409141866 woo_id=30455 stock=0 pvpr=1336.45509
[2026-04-07 07:13:59] UPDATED sku=E611X ean=5604409126047 woo_id=30360 stock=0 pvpr=1051.90659
[2026-04-07 07:13:59] UPDATED sku=E612X ean=5604409138323 woo_id=30362 stock=0 pvpr=1304.83859
[2026-04-07 07:13:59] UPDATED sku=ME4006X ean=8422248067867 woo_id=30915 stock=3 pvpr=332.45177
[2026-04-07 07:13:59] UPDATED sku=40212020 ean=8421152144664 woo_id=31937 stock=0 pvpr=256.5209
[2026-04-07 07:13:59] UPDATED sku=DMR975 ean=8421152130797 woo_id=29174 stock=0 pvpr=452.86791
[2026-04-07 07:13:59] UPDATED sku=RU6060N ean=8437015023014 woo_id=30408 stock=0 pvpr=523.51797
[2026-04-07 07:13:59] UPDATED sku=DLH985T ean=8421152145661 woo_id=29181 stock=0 pvpr=468.24891
[2026-04-07 07:13:59] UPDATED sku=DQ2985 ean=8421152145845 woo_id=29179 stock=0 pvpr=982.65791
[2026-04-07 07:13:59] UPDATED sku=DSS985INOX ean=8421152145654 woo_id=29183 stock=0 pvpr=366.63177
[2026-04-07 07:13:59] UPDATED sku=DM675S ean=8421152130735 woo_id=29156 stock=0 pvpr=391.63444
[2026-04-07 07:13:59] UPDATED sku=DM775S ean=8421152130759 woo_id=29162 stock=0 pvpr=408.29719
[2026-04-07 07:13:59] UPDATED sku=DM775W ean=8421152130766 woo_id=29165 stock=0 pvpr=416.63711
[2026-04-07 07:13:59] UPDATED sku=DM975S ean=8421152130773 woo_id=29168 stock=0 pvpr=475.49507
[2026-04-07 07:13:59] UPDATED sku=DM975W ean=8421152130780 woo_id=29171 stock=0 pvpr=412.46715
[2026-04-07 07:13:59] UPDATED sku=CNL9815S ean=8421152146262 woo_id=29548 stock=0 pvpr=343.44064
[2026-04-07 07:13:59] UPDATED sku=CNL9610S ean=8421152146255 woo_id=29545 stock=0 pvpr=269.54348
[2026-04-07 07:14:02] UPDATED sku=CNL6815S ean=8421152146248 woo_id=29542 stock=0 pvpr=269.54348
[2026-04-07 07:14:02] UPDATED sku=CNL6415PLUSS ean=8421152146200 woo_id=29536 stock=5 pvpr=213.02685
[2026-04-07 07:14:02] UPDATED sku=CNL6415PLUSW ean=8421152146217 woo_id=29533 stock=3 pvpr=213.02685
[2026-04-07 07:14:02] UPDATED sku=CNL6415S ean=8421152146170 woo_id=29633 stock=20 pvpr=182.58956
[2026-04-07 07:14:02] UPDATED sku=CNL6415W ean=8421152146187 woo_id=29631 stock=10 pvpr=169.56698
[2026-04-07 07:14:02] UPDATED sku=CNL6415B ean=8421152146194 woo_id=29530 stock=0 pvpr=169.56698
[2026-04-07 07:14:02] UPDATED sku=TL9310S ean=8421152146002 woo_id=29554 stock=6 pvpr=158.50975
[2026-04-07 07:14:02] UPDATED sku=C9420S ean=8421152146125 woo_id=29454 stock=4 pvpr=172.0963
[2026-04-07 07:14:02] UPDATED sku=C6420S ean=8421152146088 woo_id=29595 stock=7 pvpr=158.50975
[2026-04-07 07:14:02] UPDATED sku=C6420W ean=8421152146095 woo_id=29597 stock=9 pvpr=153.9809
[2026-04-07 07:14:02] UPDATED sku=C6420B ean=8421152146101 woo_id=29446 stock=2 pvpr=153.9809
[2026-04-07 07:14:02] UPDATED sku=C6310B ean=8421152146071 woo_id=29451 stock=2 pvpr=126.8078
[2026-04-07 07:14:02] UPDATED sku=GFG2S ean=8421152146040 woo_id=28414 stock=0 pvpr=165.20903
[2026-04-07 07:14:02] UPDATED sku=LEGENDX900 ean=8422248068635 woo_id=28749 stock=0 pvpr=380.47467
[2026-04-07 07:14:02] UPDATED sku=TNCPLUS50 ean=8430709180314 woo_id=27985 stock=0 pvpr=152.23772
[2026-04-07 07:14:02] UPDATED sku=TNCPLUS30S ean=8430709180307 woo_id=27983 stock=6 pvpr=138.44609
[2026-04-07 07:14:02] UPDATED sku=41599011 ean=8421152150177 woo_id=30928 stock=0 pvpr=54.3462
[2026-04-07 07:14:02] UPDATED sku=GI6021X ean=8422248067348 woo_id=31856 stock=0 pvpr=163.48294
[2026-04-07 07:14:02] UPDATED sku=SET1M1 ean=8421152156384 woo_id=18477 stock=0 pvpr=54.3462
[2026-04-07 07:14:02] UPDATED sku=CB2 ean=8422248074681 woo_id=12701 stock=0 pvpr=171.63487
[2026-04-07 07:14:02] UPDATED sku=HN945 ean=8421078033721 woo_id=31640 stock=2 pvpr=143.59018
[2026-04-07 07:14:02] UPDATED sku=3BC676MX ean=4242006272289 woo_id=18618 stock=0 pvpr=313.19134
[2026-04-07 07:14:02] UPDATED sku=RU9060B ean=8437015023069 woo_id=30414 stock=0 pvpr=907.61572
[2026-04-07 07:14:02] UPDATED sku=3HB2010X0 ean=4242006274870 woo_id=18628 stock=54 pvpr=321.06983
[2026-04-07 07:14:02] UPDATED sku=HN928 ean=8421078033691 woo_id=31620 stock=0 pvpr=101.92476
[2026-04-07 07:14:02] UPDATED sku=ISLAFAROX ean=8422248074230 woo_id=28733 stock=0 pvpr=638.90965
[2026-04-07 07:14:02] UPDATED sku=HN966 ean=8421078033738 woo_id=31662 stock=0 pvpr=185.61449
[2026-04-07 07:14:02] UPDATED sku=HN936 ean=8421078033714 woo_id=31622 stock=2 pvpr=123.66324
[2026-04-07 07:14:02] UPDATED sku=MIG2550 ean=8436044538490 woo_id=32608 stock=0 pvpr=109.39309
[2026-04-07 07:14:02] UPDATED sku=MIG2043 ean=8436044539091 woo_id=32612 stock=0 pvpr=124.72282
[2026-04-07 07:14:02] UPDATED sku=PCE6000 ean=8436044539664 woo_id=11440 stock=9 pvpr=113.80231
[2026-04-07 07:14:02] UPDATED sku=FLEXLINEARS1545 ean=8434778004397 woo_id=12653 stock=0 pvpr=263.23727
[2026-04-07 07:14:02] UPDATED sku=HBE490MEWH ean=8434778005394 woo_id=31542 stock=0 pvpr=339.62957
[2026-04-07 07:14:02] UPDATED sku=115890011 ean=8434778004779 woo_id=16453 stock=0 pvpr=36.4017
[2026-04-07 07:14:02] UPDATED sku=115000014 ean=8434778004403 woo_id=12621 stock=4 pvpr=256.11074
[2026-04-07 07:14:02] UPDATED sku=HLB8400PST ean=8434778007619 woo_id=31116 stock=0 pvpr=524.26993
[2026-04-07 07:14:02] UPDATED sku=HBE435ME ean=8434778005370 woo_id=31535 stock=9 pvpr=339.62957
[2026-04-07 07:14:02] UPDATED sku=HBE615MEINOX ean=8434778005400 woo_id=31532 stock=0 pvpr=421.16596
[2026-04-07 07:14:02] UPDATED sku=DS75170N ean=8436044533945 woo_id=28494 stock=0 pvpr=454.64527
[2026-04-07 07:14:02] UPDATED sku=FOT995CROMO/CRO ean=8434778002096 woo_id=12892 stock=0 pvpr=128.07246
[2026-04-07 07:14:02] UPDATED sku=HLB8400PBK ean=8434778007602 woo_id=31019 stock=0 pvpr=524.26993
[2026-04-07 07:14:02] UPDATED sku=HLB8400WHBLANCO ean=8434778007596 woo_id=31021 stock=1 pvpr=595.77449
[2026-04-07 07:14:02] UPDATED sku=ML8220BISLWH ean=8434778007671 woo_id=32716 stock=4 pvpr=552.12663
[2026-04-07 07:14:02] UPDATED sku=KMFD264TEX ean=7332543665686 woo_id=32730 stock=0 pvpr=564.72196
[2026-04-07 07:14:02] UPDATED sku=SET1/T1 ean=8421152156414 woo_id=18479 stock=0 pvpr=54.3462
[2026-04-07 07:14:02] UPDATED sku=NFL342CINOX ean=8434778004007 woo_id=13117 stock=0 pvpr=533.85742
[2026-04-07 07:14:02] UPDATED sku=MIG2130 ean=8435568400771 woo_id=33004 stock=0 pvpr=75.67452
[2026-04-07 07:14:02] UPDATED sku=HLC8400BK ean=8434778007633 woo_id=31034 stock=2 pvpr=470.55606
[2026-04-07 07:14:02] UPDATED sku=NFL430SWH ean=8434778003994 woo_id=13364 stock=0 pvpr=629.62978
[2026-04-07 07:14:02] UPDATED sku=IBC63015 ean=8434778012903 woo_id=32358 stock=4 pvpr=326.82916
[2026-04-07 07:14:02] UPDATED sku=TZC32320 ean=8434778012651 woo_id=11454 stock=0 pvpr=156.52731
[2026-04-07 07:14:02] UPDATED sku=TBC32010 ean=8434778012668 woo_id=11450 stock=4 pvpr=118.69005
[2026-04-07 07:14:02] UPDATED sku=DVT68660TBSWH ean=8434778013221 woo_id=29201 stock=1 pvpr=433.28277
[2026-04-07 07:14:02] UPDATED sku=MIG2044 ean=8436044539084 woo_id=32610 stock=0 pvpr=93.56775
[2026-04-07 07:14:02] UPDATED sku=ANGULAR2CSF ean=8421152032572 woo_id=12565 stock=0 pvpr=323.54788
[2026-04-07 07:14:02] UPDATED sku=DLV98660TOSST ean=8434778011975 woo_id=29219 stock=0 pvpr=666.59545
[2026-04-07 07:14:02] UPDATED sku=FOT995CROMOBLAN ean=8434778002119 woo_id=12897 stock=0 pvpr=138.73662
[2026-04-07 07:14:02] UPDATED sku=CMD9208BK ean=8422248093156 woo_id=31291 stock=0 pvpr=757.66806
[2026-04-07 07:14:02] UPDATED sku=DVT78660TBSBK ean=8434778013238 woo_id=29205 stock=0 pvpr=381.31208
[2026-04-07 07:14:02] UPDATED sku=DVS05024X ean=8690842392214 woo_id=14840 stock=0 pvpr=424.15671
[2026-04-07 07:14:02] UPDATED sku=EFC2032 NF WH/A ean=8422248097031 woo_id=13383 stock=21 pvpr=607.68622
[2026-04-07 07:14:02] UPDATED sku=MEP291W ean=5604409145451 woo_id=28769 stock=0 pvpr=351.45585
[2026-04-07 07:14:02] UPDATED sku=TBC64000XFL ean=8434778014501 woo_id=11376 stock=4 pvpr=339.09978
[2026-04-07 07:14:02] UPDATED sku=DVN05320X ean=8690842379628 woo_id=14433 stock=55 pvpr=408.46809
[2026-04-07 07:14:02] UPDATED sku=WIC3C34PFES ean=8003437608308 woo_id=36049 stock=0 pvpr=564.29471
[2026-04-07 07:14:02] UPDATED sku=STONE60LTG1C1EN ean=8434778006162 woo_id=12645 stock=0 pvpr=337.93766
[2026-04-07 07:14:02] UPDATED sku=JZC94313ABNBK ean=8434778011265 woo_id=11191 stock=0 pvpr=860.77203
[2026-04-07 07:14:02] UPDATED sku=115230025 ean=8434778007428 woo_id=12661 stock=0 pvpr=281.02796
[2026-04-07 07:14:02] UPDATED sku=MWE202FI ean=8421152127193 woo_id=32714 stock=0 pvpr=203.98624
[2026-04-07 07:14:02] UPDATED sku=HOT606 ean=8435568402102 woo_id=30879 stock=0 pvpr=159.85986
[2026-04-07 07:14:02] UPDATED sku=XT262030 ean=8434778019315 woo_id=28432 stock=0 pvpr=143.48764
[2026-04-07 07:14:02] UPDATED sku=LFP616X ean=7332543810222 woo_id=29557 stock=0 pvpr=319.49755
[2026-04-07 07:14:02] UPDATED sku=TR62IP ean=8017709210632 woo_id=30189 stock=0 pvpr=3365.73878
[2026-04-07 07:14:02] UPDATED sku=LF2060WHL ean=8422248105224 woo_id=29602 stock=28 pvpr=60.1568
[2026-04-07 07:14:02] UPDATED sku=LIL60336 ean=7332543794270 woo_id=32499 stock=13 pvpr=412.87731
[2026-04-07 07:14:02] UPDATED sku=PCE4050 ean=8435568401471 woo_id=15070 stock=6 pvpr=37.13657
[2026-04-07 07:14:02] UPDATED sku=HLB8400WH ean=8434778007565 woo_id=31023 stock=0 pvpr=460.81476
[2026-04-07 07:14:02] UPDATED sku=201TGBA ean=8437015023236 woo_id=11320 stock=0 pvpr=848.14252
[2026-04-07 07:14:02] UPDATED sku=HOF220 ean=8435568403451 woo_id=31599 stock=0 pvpr=153.02386
[2026-04-07 07:14:02] UPDATED sku=HLX640KLAIXBUT ean=8434778022841 woo_id=32125 stock=24 pvpr=130.65305
[2026-04-07 07:14:02] UPDATED sku=HLB8416 ean=8434778017427 woo_id=31129 stock=0 pvpr=512.63164
[2026-04-07 07:14:02] UPDATED sku=HLB8400BK ean=8434778007572 woo_id=31017 stock=0 pvpr=405.51152
[2026-04-07 07:14:02] UPDATED sku=OMEGA700X/M ean=8422248190602 woo_id=28996 stock=0 pvpr=212.83886
[2026-04-07 07:14:02] UPDATED sku=TFH6830GWH ean=8422248112758 woo_id=29492 stock=0 pvpr=284.3776
[2026-04-07 07:14:02] UPDATED sku=SPLUS9010X ean=8422248093422 woo_id=28965 stock=11 pvpr=288.1374
[2026-04-07 07:14:02] UPDATED sku=EOF4P56X ean=7332543828715 woo_id=31585 stock=0 pvpr=439.24718
[2026-04-07 07:14:02] UPDATED sku=FAB30RCR5 ean=8017709297763 woo_id=13736 stock=0 pvpr=1995.05242
[2026-04-07 07:14:02] UPDATED sku=LFR7394O4Q ean=7332543975501 woo_id=14167 stock=0 pvpr=1079.30186
[2026-04-07 07:14:02] UPDATED sku=RSF10080WH ean=8434778026177 woo_id=13590 stock=0 pvpr=252.36803
[2026-04-07 07:14:02] UPDATED sku=EA2F6820CF ean=7332543989300 woo_id=14269 stock=37 pvpr=453.03881
[2026-04-07 07:14:02] UPDATED sku=LTN6K6210B ean=7333394010298 woo_id=14040 stock=0 pvpr=563.16677
[2026-04-07 07:14:02] UPDATED sku=LFR7184N2V ean=7333394011776 woo_id=14175 stock=0 pvpr=752.59233
[2026-04-07 07:14:02] UPDATED sku=EN7F4842OF ean=7333394010274 woo_id=14333 stock=0 pvpr=792.25822
[2026-04-07 07:14:02] UPDATED sku=LFR6194O2Q ean=7332543979295 woo_id=14179 stock=0 pvpr=782.85872
[2026-04-07 07:14:02] UPDATED sku=LFN7G8434F ean=7332543989645 woo_id=14329 stock=8 pvpr=771.11789
[2026-04-07 07:14:02] UPDATED sku=LWR7194M2B ean=7332543984831 woo_id=14380 stock=0 pvpr=827.19018
[2026-04-07 07:14:02] UPDATED sku=LWR7316O4B ean=7332543984169 woo_id=14385 stock=0 pvpr=990.58767
[2026-04-07 07:14:02] UPDATED sku=LWR7196U4B ean=7333394011288 woo_id=14409 stock=0 pvpr=1060.51995
[2026-04-07 07:14:02] UPDATED sku=GFL57760EOSIX ean=8434778025644 woo_id=29851 stock=0 pvpr=426.03661
[2026-04-07 07:14:02] UPDATED sku=COP846X1 ean=7332543825783 woo_id=31337 stock=0 pvpr=668.13355
[2026-04-07 07:14:06] UPDATED sku=HLC8510P ean=8434778026542 woo_id=31174 stock=0 pvpr=650.35995
[2026-04-07 07:14:06] UPDATED sku=IZC63320MPS ean=8434778027051 woo_id=32556 stock=3 pvpr=430.39456
[2026-04-07 07:14:06] UPDATED sku=KT100PE ean=8017709244040 woo_id=28700 stock=0 pvpr=1369.5926
[2026-04-07 07:14:06] UPDATED sku=LMS2173EMX ean=7332543673551 woo_id=32896 stock=0 pvpr=302.71517
[2026-04-07 07:14:06] UPDATED sku=THALASSA600GBK ean=8422248356244 woo_id=28898 stock=0 pvpr=374.42481
[2026-04-07 07:14:06] UPDATED sku=BEL554MB0 ean=4242005039067 woo_id=18632 stock=0 pvpr=414.44959
[2026-04-07 07:14:06] UPDATED sku=EIV83446 ean=7332543590445 woo_id=32453 stock=0 pvpr=706.43224
[2026-04-07 07:14:06] UPDATED sku=LIT60336C ean=7332543684120 woo_id=32550 stock=0 pvpr=321.30909
[2026-04-07 07:14:06] UPDATED sku=EHF6241FOK ean=7332543484133 woo_id=11384 stock=0 pvpr=220.59772
[2026-04-07 07:14:06] UPDATED sku=LFI514X ean=7332543611621 woo_id=29282 stock=0 pvpr=612.18089
[2026-04-07 07:14:06] UPDATED sku=LFT419X ean=7332543614622 woo_id=29295 stock=0 pvpr=376.04836
[2026-04-07 07:14:06] UPDATED sku=LFT416X ean=7332543614639 woo_id=29287 stock=0 pvpr=338.33073
[2026-04-07 07:14:06] UPDATED sku=BEK435120W ean=7332543564071 woo_id=31329 stock=0 pvpr=505.21458
[2026-04-07 07:14:06] UPDATED sku=OMEGA 600 WH ean=8422248109819 woo_id=29007 stock=4 pvpr=162.06447
[2026-04-07 07:14:06] UPDATED sku=V 500 ean=8422248371216 woo_id=29061 stock=0 pvpr=128.60225
[2026-04-07 07:14:06] UPDATED sku=Q 900 BK ean=8422248084161 woo_id=28777 stock=0 pvpr=362.4789
[2026-04-07 07:14:06] UPDATED sku=Q4460BK ean=8422248084178 woo_id=28779 stock=0 pvpr=340.89423
[2026-04-07 07:14:06] UPDATED sku=ARMONIA X 90 ean=8422248110587 woo_id=29790 stock=4 pvpr=284.24088
[2026-04-07 07:14:06] UPDATED sku=ARMONIA X 60 ean=8422248110570 woo_id=29798 stock=15 pvpr=251.08628
[2026-04-07 07:14:06] UPDATED sku=G 50 LUX X ean=8422248082716 woo_id=29722 stock=0 pvpr=201.3202
[2026-04-07 07:14:06] UPDATED sku=G 45 X ean=8422248087377 woo_id=29725 stock=0 pvpr=111.87114
[2026-04-07 07:14:06] UPDATED sku=G 45 WH ean=8422248087384 woo_id=29728 stock=0 pvpr=99.99359
[2026-04-07 07:14:06] UPDATED sku=TFH 6630 X ean=8422248082365 woo_id=29599 stock=10 pvpr=195.59505
[2026-04-07 07:14:06] UPDATED sku=TFH 6630 WH ean=8422248082396 woo_id=29470 stock=3 pvpr=195.59505
[2026-04-07 07:14:06] UPDATED sku=TFH 6630 BK ean=8422248082402 woo_id=29498 stock=0 pvpr=195.59505
[2026-04-07 07:14:06] UPDATED sku=TF-5260 X 2 mot ean=8422248082129 woo_id=29606 stock=9 pvpr=108.45314
[2026-04-07 07:14:06] UPDATED sku=TF-5260 WH 2 mo ean=8422248082136 woo_id=29609 stock=5 pvpr=108.45314
[2026-04-07 07:14:06] UPDATED sku=SCI6031BK ean=8422248086929 woo_id=31901 stock=9 pvpr=181.70088
[2026-04-07 07:14:06] UPDATED sku=CIB 6021 BK ean=8422248073677 woo_id=31865 stock=4 pvpr=163.99564
[2026-04-07 07:14:06] UPDATED sku=GIB 6021 X ean=8422248073684 woo_id=31868 stock=0 pvpr=166.67877
[2026-04-07 07:14:06] UPDATED sku=CSS 60-1 ean=8422248074377 woo_id=12782 stock=71 pvpr=74.27314
[2026-04-07 07:14:06] UPDATED sku=CTR 30 M ean=8422248081528 woo_id=34332 stock=0 pvpr=127.1496
[2026-04-07 07:14:06] UPDATED sku=CTR 50 M ean=8422248081535 woo_id=34330 stock=0 pvpr=170.09677
[2026-04-07 07:14:06] UPDATED sku=CTR 80 M ean=8422248081542 woo_id=34328 stock=0 pvpr=219.0938
[2026-04-07 07:14:06] UPDATED sku=CTR 100 M ean=8422248081559 woo_id=34326 stock=0 pvpr=249.73617
[2026-04-07 07:14:06] UPDATED sku=CTRH 50  Rev ean=8422248081573 woo_id=34323 stock=0 pvpr=177.34293
[2026-04-07 07:14:06] UPDATED sku=CTRH 80 M Rev ean=8422248081580 woo_id=34321 stock=0 pvpr=227.67298
[2026-04-07 07:14:06] UPDATED sku=PANEL DECORATIV ean=8422248010092 woo_id=29057 stock=0 pvpr=53.69678
[2026-04-07 07:14:06] UPDATED sku=Filtro DUAL AS ean=8422248078900 woo_id=31723 stock=0 pvpr=82.44216
[2026-04-07 07:14:06] UPDATED sku=Conjunto Recirc ean=8422248080330 woo_id=31720 stock=0 pvpr=227.89515
[2026-04-07 07:14:06] UPDATED sku=EMW-2020-IG X ean=8435436110771 woo_id=33025 stock=7 pvpr=183.32443
[2026-04-07 07:14:06] UPDATED sku=3BD866MX ean=4242006287665 woo_id=18624 stock=0 pvpr=480.79297
[2026-04-07 07:14:06] UPDATED sku=BSE999330M ean=7332543679270 woo_id=35853 stock=0 pvpr=2211.70235
[2026-04-07 07:14:06] UPDATED sku=IAE84881FB ean=7332543643004 woo_id=35855 stock=0 pvpr=1684.51003
[2026-04-07 07:14:06] UPDATED sku=DBB3951M ean=7332543714360 woo_id=29307 stock=0 pvpr=404.81083
[2026-04-07 07:14:06] UPDATED sku=DBB3651M ean=7332543714377 woo_id=29311 stock=0 pvpr=367.11029
[2026-04-07 07:14:06] UPDATED sku=DPE4941M ean=7332543656660 woo_id=29569 stock=0 pvpr=432.58208
[2026-04-07 07:14:06] UPDATED sku=DPE4641M ean=7332543656653 woo_id=29561 stock=0 pvpr=376.04836
[2026-04-07 07:14:06] UPDATED sku=MBB1756SEW ean=7332543631513 woo_id=32733 stock=0 pvpr=465.54869
[2026-04-07 07:14:06] UPDATED sku=FSE63307P ean=7332543742547 woo_id=14701 stock=0 pvpr=1050.07796
[2026-04-07 07:14:06] UPDATED sku=FSE62417P ean=7332543735549 woo_id=14785 stock=0 pvpr=613.78735
[2026-04-07 07:14:06] UPDATED sku=LFI769X ean=7332543675821 woo_id=29291 stock=0 pvpr=753.05376
[2026-04-07 07:14:06] UPDATED sku=LFT769X ean=7332543673971 woo_id=29303 stock=0 pvpr=517.92954
[2026-04-07 07:14:06] UPDATED sku=LFT766X ean=7332543673995 woo_id=29299 stock=0 pvpr=461.36164
[2026-04-07 07:14:06] UPDATED sku=EFP129X ean=7332543668908 woo_id=29889 stock=0 pvpr=329.40975
[2026-04-07 07:14:06] UPDATED sku=EFP126X ean=7332543668915 woo_id=29885 stock=0 pvpr=283.67691
[2026-04-07 07:14:06] UPDATED sku=KSET61E2 ean=8017709274788 woo_id=29614 stock=0 pvpr=114.43464
[2026-04-07 07:14:06] UPDATED sku=SFP6301TVX ean=8017709282189 woo_id=30639 stock=6 pvpr=616.11159
[2026-04-07 07:14:06] UPDATED sku=MOE25X ean=8017709237431 woo_id=32636 stock=0 pvpr=333.9386
[2026-04-07 07:14:06] UPDATED sku=KBT600XE ean=8017709286613 woo_id=28645 stock=0 pvpr=515.41731
[2026-04-07 07:14:06] UPDATED sku=KBT900XE ean=8017709284503 woo_id=28633 stock=0 pvpr=593.67242
[2026-04-07 07:14:06] UPDATED sku=L6FBI147P ean=7332543803323 woo_id=14255 stock=86 pvpr=510.87137
[2026-04-07 07:14:06] UPDATED sku=FSB32610Z ean=7333394014302 woo_id=14697 stock=14 pvpr=514.08429
[2026-04-07 07:14:06] UPDATED sku=EOF3H54X ean=7332543757701 woo_id=31355 stock=0 pvpr=372.78417
[2026-04-07 07:14:06] UPDATED sku=EVE8P21X ean=7332543667864 woo_id=31325 stock=0 pvpr=723.36843
[2026-04-07 07:14:06] UPDATED sku=DVS05024W ean=8690842392269 woo_id=14853 stock=4 pvpr=404.93046
[2026-04-07 07:14:06] UPDATED sku=HII63205MT ean=8690842384172 woo_id=32578 stock=17 pvpr=306.44079
[2026-04-07 07:14:06] UPDATED sku=SFP6401TVX1 ean=8017709285449 woo_id=30723 stock=0 pvpr=908.31641
[2026-04-07 07:14:06] UPDATED sku=P261XGH ean=8017709179656 woo_id=31839 stock=0 pvpr=332.70812
[2026-04-07 07:14:06] UPDATED sku=KBT700XE ean=8017709286620 woo_id=28641 stock=0 pvpr=550.70816
[2026-04-07 07:14:06] UPDATED sku=KATE600EX ean=8017709235130 woo_id=28611 stock=0 pvpr=256.07656
[2026-04-07 07:14:06] UPDATED sku=FQ60XDF ean=8017709293307 woo_id=13603 stock=0 pvpr=2637.90986
[2026-04-07 07:14:06] UPDATED sku=FQ55XDF ean=8017709293277 woo_id=13616 stock=0 pvpr=2335.39977
[2026-04-07 07:14:06] UPDATED sku=LVS254CX ean=8017709307226 woo_id=14539 stock=0 pvpr=1025.77598
[2026-04-07 07:14:06] UPDATED sku=LVS354CX ean=8017709307257 woo_id=14439 stock=0 pvpr=1074.53375
[2026-04-07 07:14:06] UPDATED sku=MG 3650 X ean=5604409140241 woo_id=31895 stock=0 pvpr=238.35423
[2026-04-07 07:14:06] UPDATED sku=MG 3650 X NAT ean=5604409143723 woo_id=31898 stock=0 pvpr=238.35423
[2026-04-07 07:14:06] UPDATED sku=MG 3641 X ean=5604409140210 woo_id=31889 stock=0 pvpr=203.09756
[2026-04-07 07:14:06] UPDATED sku=MG 3641 X NAT ean=5604409143709 woo_id=31892 stock=0 pvpr=203.09756
[2026-04-07 07:14:06] UPDATED sku=MG 3640 X ean=5604409140180 woo_id=31883 stock=0 pvpr=184.86253
[2026-04-07 07:14:06] UPDATED sku=MG 3640 X NAT ean=5604409143624 woo_id=31886 stock=0 pvpr=184.86253
[2026-04-07 07:14:06] UPDATED sku=MF 6606 N ean=5604409143617 woo_id=30995 stock=0 pvpr=386.71252
[2026-04-07 07:14:06] UPDATED sku=MF 7604 X ean=5604409142467 woo_id=30999 stock=0 pvpr=316.18209
[2026-04-07 07:14:06] UPDATED sku=MMI 20 X ean=5604409134967 woo_id=32706 stock=0 pvpr=311.32853
[2026-04-07 07:14:06] UPDATED sku=MM 20L X ean=5604409139023 woo_id=32690 stock=0 pvpr=204.31095
[2026-04-07 07:14:06] UPDATED sku=MEP 291 BL ean=5604409142597 woo_id=28754 stock=0 pvpr=359.96667
[2026-04-07 07:14:06] UPDATED sku=MEP 291 CR ean=5604409142580 woo_id=28757 stock=0 pvpr=359.96667
[2026-04-07 07:14:06] UPDATED sku=MEP 291 PB ean=5604409142603 woo_id=28760 stock=0 pvpr=359.96667
[2026-04-07 07:14:06] UPDATED sku=MET 161 X ean=5604409140333 woo_id=29466 stock=0 pvpr=164.20072
[2026-04-07 07:14:06] UPDATED sku=G 911 X NAT ean=5604409134073 woo_id=30439 stock=0 pvpr=1298.61783
[2026-04-07 07:14:06] UPDATED sku=E 910 X ean=5604409134950 woo_id=30424 stock=0 pvpr=1310.54665
[2026-04-07 07:14:06] UPDATED sku=E 910 X NAT ean=5604409143099 woo_id=30441 stock=0 pvpr=1310.54665
[2026-04-07 07:14:06] UPDATED sku=G 910 BL ean=5604409143365 woo_id=30431 stock=0 pvpr=1324.28701
[2026-04-07 07:14:06] UPDATED sku=G 910 BL NAT ean=5604409143433 woo_id=30435 stock=0 pvpr=1324.28701
[2026-04-07 07:14:06] UPDATED sku=G 910 R NAT ean=5604409143150 woo_id=30433 stock=0 pvpr=1324.28701
[2026-04-07 07:14:06] UPDATED sku=G 910 CR ean=5604409139252 woo_id=30429 stock=0 pvpr=1324.28701
[2026-04-07 07:14:06] UPDATED sku=G 910 CR NAT ean=5604409143167 woo_id=30437 stock=0 pvpr=1324.28701
[2026-04-07 07:14:06] UPDATED sku=G 910 PB ean=5604409143471 woo_id=30461 stock=0 pvpr=1324.28701
[2026-04-07 07:14:06] UPDATED sku=G 910 PB NAT ean=5604409143488 woo_id=30459 stock=0 pvpr=1324.28701
[2026-04-07 07:14:06] UPDATED sku=E 911 BL NAT ean=5604409143310 woo_id=30457 stock=0 pvpr=1336.45509
[2026-04-07 07:14:09] UPDATED sku=E 911 R NAT ean=5604409143198 woo_id=30449 stock=0 pvpr=1336.45509
[2026-04-07 07:14:09] UPDATED sku=E 911 CR NAT ean=5604409143204 woo_id=30447 stock=0 pvpr=1336.45509
[2026-04-07 07:14:09] UPDATED sku=E 911 PB ean=5604409143532 woo_id=30453 stock=0 pvpr=1336.45509
[2026-04-07 07:14:09] UPDATED sku=E 911 PB NAT ean=5604409143549 woo_id=30451 stock=0 pvpr=1336.45509
[2026-04-07 07:14:09] UPDATED sku=G 914 BL ean=5604409142504 woo_id=30468 stock=0 pvpr=1405.75504
[2026-04-07 07:14:09] UPDATED sku=E 916 X NAT ean=5604409145413 woo_id=30472 stock=0 pvpr=1416.70973
[2026-04-07 07:14:09] UPDATED sku=ISLA SIRIN 1000 ean=8422248097437 woo_id=29706 stock=0 pvpr=719.07884
[2026-04-07 07:14:09] UPDATED sku=LEGEND 7000 XGB ean=8422248101509 woo_id=28788 stock=0 pvpr=288.97481
[2026-04-07 07:14:09] UPDATED sku=ST-9000 X ean=8422248108706 woo_id=28785 stock=0 pvpr=165.48247
[2026-04-07 07:14:09] UPDATED sku=ST-6000 X ean=8422248108683 woo_id=29390 stock=7 pvpr=142.68441
[2026-04-07 07:14:09] UPDATED sku=OMEGA 7500 X ean=8422248101615 woo_id=28993 stock=0 pvpr=172.07921
[2026-04-07 07:14:09] UPDATED sku=TENTA 900 XGWH ean=8422248093729 woo_id=29744 stock=0 pvpr=602.90102
[2026-04-07 07:14:09] UPDATED sku=ARMONIA X45 ean=8422248110563 woo_id=29801 stock=0 pvpr=251.08628
[2026-04-07 07:14:09] UPDATED sku=GCX 83 SD ean=8422248103589 woo_id=29812 stock=0 pvpr=315.49849
[2026-04-07 07:14:09] UPDATED sku=GCX 53 SD ean=8422248103572 woo_id=29815 stock=0 pvpr=292.78588
[2026-04-07 07:14:09] UPDATED sku=GCB 73 X ean=8422248108461 woo_id=29829 stock=0 pvpr=115.83602
[2026-04-07 07:14:09] UPDATED sku=GCB 55 X ean=8422248108454 woo_id=29734 stock=7 pvpr=106.14599
[2026-04-07 07:14:09] UPDATED sku=TFB-5160 X ean=8422248101998 woo_id=29518 stock=4 pvpr=83.34793
[2026-04-07 07:14:09] UPDATED sku=TFB-5160 WH ean=8422248102001 woo_id=29520 stock=2 pvpr=83.34793
[2026-04-07 07:14:09] UPDATED sku=PR 6011 XGBK ean=8422248103350 woo_id=31252 stock=0 pvpr=351.95146
[2026-04-07 07:14:09] UPDATED sku=SES7104X/C ean=8422248347297 woo_id=31275 stock=0 pvpr=276.32821
[2026-04-07 07:14:09] UPDATED sku=GIGA 600 SD ean=8422248069014 woo_id=32270 stock=0 pvpr=1003.11464
[2026-04-07 07:14:09] UPDATED sku=INSB 6028 BK ean=8422248108577 woo_id=32275 stock=30 pvpr=270.63724
[2026-04-07 07:14:09] UPDATED sku=LCI 9041 BK ean=8422248081924 woo_id=31910 stock=0 pvpr=280.63489
[2026-04-07 07:14:09] UPDATED sku=LGI 9041 X ean=8422248081948 woo_id=31919 stock=0 pvpr=278.78917
[2026-04-07 07:14:09] UPDATED sku=CB 50-40 R10 ean=8422248108652 woo_id=12689 stock=0 pvpr=171.63487
[2026-04-07 07:14:09] UPDATED sku=CB 45-40 R10 ean=8422248108645 woo_id=12692 stock=0 pvpr=171.63487
[2026-04-07 07:14:09] UPDATED sku=CB 40-40 P R10 ean=8422248108669 woo_id=12695 stock=0 pvpr=171.63487
[2026-04-07 07:14:09] UPDATED sku=CB 40-40 R10 ean=8422248108638 woo_id=12697 stock=0 pvpr=165.39702
[2026-04-07 07:14:09] UPDATED sku=CBP 40-40 ean=8422248369671 woo_id=12724 stock=0 pvpr=82.51052
[2026-04-07 07:14:09] UPDATED sku=CBS-2 40-40 R10 ean=8422248109031 woo_id=12732 stock=0 pvpr=401.25611
[2026-04-07 07:14:09] UPDATED sku=CBS-1 40-40 D R ean=8422248109024 woo_id=12729 stock=0 pvpr=311.65324
[2026-04-07 07:14:09] UPDATED sku=CBS-1 54-40 R10 ean=8422248109048 woo_id=12735 stock=0 pvpr=240.04614
[2026-04-07 07:14:09] UPDATED sku=CDL-1 EI ean=8422248108911 woo_id=12740 stock=0 pvpr=142.8724
[2026-04-07 07:14:09] UPDATED sku=CDL-1 ED ean=8422248108928 woo_id=12745 stock=0 pvpr=142.8724
[2026-04-07 07:14:09] UPDATED sku=CDP-1 EI ean=8422248108942 woo_id=12754 stock=0 pvpr=125.0988
[2026-04-07 07:14:09] UPDATED sku=CDP-1 ED ean=8422248108959 woo_id=12758 stock=0 pvpr=125.0988
[2026-04-07 07:14:09] UPDATED sku=CDS-1 EI ean=8422248108973 woo_id=12766 stock=0 pvpr=87.75715
[2026-04-07 07:14:09] UPDATED sku=CDS-1 ED ean=8422248108980 woo_id=12770 stock=0 pvpr=87.75715
[2026-04-07 07:14:09] UPDATED sku=C-2 AG ean=8422248109055 woo_id=12774 stock=0 pvpr=126.07293
[2026-04-07 07:14:09] UPDATED sku=RS-1 ean=8422248108997 woo_id=12796 stock=0 pvpr=77.48606
[2026-04-07 07:14:09] UPDATED sku=CPB ean=8422248107914 woo_id=12912 stock=0 pvpr=160.09912
[2026-04-07 07:14:09] UPDATED sku=XPB ean=8422248107921 woo_id=12916 stock=0 pvpr=160.09912
[2026-04-07 07:14:09] UPDATED sku=CPA ean=8422248107938 woo_id=12910 stock=0 pvpr=160.08203
[2026-04-07 07:14:09] UPDATED sku=XSE ean=8422248107907 woo_id=12922 stock=0 pvpr=131.69554
[2026-04-07 07:14:09] UPDATED sku=CTRC-30-M ean=8422248096621 woo_id=34334 stock=0 pvpr=143.8978
[2026-04-07 07:14:09] UPDATED sku=CTRC-15-M ean=8422248096638 woo_id=34337 stock=0 pvpr=121.86879
[2026-04-07 07:14:09] UPDATED sku=BDFN36640XA ean=8690842478772 woo_id=14578 stock=0 pvpr=560.70581
[2026-04-07 07:14:09] UPDATED sku=BPS535160W ean=7332543841349 woo_id=31459 stock=0 pvpr=719.19847
[2026-04-07 07:14:09] UPDATED sku=KMK721880W ean=7332543842803 woo_id=31463 stock=0 pvpr=743.19283
[2026-04-07 07:14:09] UPDATED sku=HKB63320NB ean=7332543810567 woo_id=32065 stock=0 pvpr=346.56811
[2026-04-07 07:14:09] UPDATED sku=DGE5861HM ean=7332543791644 woo_id=28436 stock=0 pvpr=429.06154
[2026-04-07 07:14:09] UPDATED sku=DPE5960M ean=7332543805778 woo_id=29565 stock=0 pvpr=385.96056
[2026-04-07 07:14:09] UPDATED sku=DPE5660M ean=7332543805761 woo_id=29573 stock=0 pvpr=329.40975
[2026-04-07 07:14:09] UPDATED sku=DPB3632S ean=7332543827831 woo_id=29315 stock=0 pvpr=187.54566
[2026-04-07 07:14:09] UPDATED sku=FEE63606PM ean=7332543813872 woo_id=14705 stock=0 pvpr=990.58767
[2026-04-07 07:14:09] UPDATED sku=LFA6I8272A ean=7332543989171 woo_id=14099 stock=56 pvpr=481.63038
[2026-04-07 07:14:09] UPDATED sku=FFB83816PM ean=7332543781478 woo_id=14480 stock=0 pvpr=1487.44524
[2026-04-07 07:14:09] UPDATED sku=FSB64907Z ean=7332543975037 woo_id=14713 stock=0 pvpr=782.85872
[2026-04-07 07:14:09] UPDATED sku=DHP 98760 CONEC ean=8434778025705 woo_id=29104 stock=0 pvpr=676.74691
[2026-04-07 07:14:09] UPDATED sku=HLC 8440 CRISTA ean=8434778008432 woo_id=31196 stock=1 pvpr=838.93101
[2026-04-07 07:14:09] UPDATED sku=HLC 8406 CRISTA ean=8434778026535 woo_id=31182 stock=0 pvpr=497.1481
[2026-04-07 07:14:09] UPDATED sku=HLC 8470 SC CRI ean=8434778024579 woo_id=31165 stock=0 pvpr=1231.35159
[2026-04-07 07:14:09] UPDATED sku=HLB 8550 CRISTA ean=8434778024777 woo_id=31079 stock=0 pvpr=1202.23023
[2026-04-07 07:14:09] UPDATED sku=IZC 63632 MPT ean=8434778027068 woo_id=32366 stock=0 pvpr=480.65625
[2026-04-07 07:14:09] UPDATED sku=IZC 63632 MPT B ean=8434778027075 woo_id=32401 stock=0 pvpr=617.88895
[2026-04-07 07:14:09] UPDATED sku=IZS 67620 MST ean=8434778011661 woo_id=32558 stock=0 pvpr=491.45713
[2026-04-07 07:14:09] UPDATED sku=MASTERSENSE AIR ean=8434778020878 woo_id=32393 stock=0 pvpr=1986.04599
[2026-04-07 07:14:09] UPDATED sku=AFF 87601 MST ean=8434778024982 woo_id=32386 stock=0 pvpr=2118.4764
[2026-04-07 07:14:09] UPDATED sku=HLB 8406 P ean=8434778027679 woo_id=31110 stock=0 pvpr=614.14624
[2026-04-07 07:14:09] UPDATED sku=STEAKMASTER-LIT ean=8434778026597 woo_id=31050 stock=0 pvpr=993.80059
[2026-04-07 07:14:09] UPDATED sku=BSS578271M ean=7333394018713 woo_id=31654 stock=2 pvpr=626.53649
[2026-04-07 07:14:09] UPDATED sku=TCH74B01FB ean=7333394012407 woo_id=32511 stock=0 pvpr=2052.76535
[2026-04-07 07:14:09] UPDATED sku=IKB63300FW ean=7333394017532 woo_id=32515 stock=0 pvpr=791.21573
[2026-04-07 07:14:09] UPDATED sku=HK634060XB ean=7332543486106 woo_id=11389 stock=0 pvpr=275.96932
[2026-04-07 07:14:09] UPDATED sku=RTB411E1AW ean=7332543740031 woo_id=11652 stock=0 pvpr=485.39018
[2026-04-07 07:14:09] UPDATED sku=ATB48E1AW ean=7332543741007 woo_id=13580 stock=0 pvpr=485.39018
[2026-04-07 07:14:09] UPDATED sku=OSC7G181ES ean=7332543978571 woo_id=13204 stock=0 pvpr=1150.17409
[2026-04-07 07:14:09] UPDATED sku=OSC5D181ES ean=7332543848119 woo_id=13208 stock=0 pvpr=783.21761
[2026-04-07 07:14:09] UPDATED sku=OSF6I82EF ean=7333394025568 woo_id=11656 stock=0 pvpr=763.03432
[2026-04-07 07:14:09] UPDATED sku=TAB7N12EF ean=7333394026633 woo_id=13584 stock=0 pvpr=1020.85406
[2026-04-07 07:14:09] UPDATED sku=OAB6I82EF ean=7333394126302 woo_id=32446 stock=0 pvpr=712.92644
[2026-04-07 07:14:09] UPDATED sku=LFR7394V4B ean=7333394018867 woo_id=14171 stock=0 pvpr=891.43149
[2026-04-07 07:14:09] UPDATED sku=LFA6I8472A ean=7332543989188 woo_id=14106 stock=0 pvpr=593.94586
[2026-04-07 07:14:09] UPDATED sku=LWR7316O4Q ean=7333394007694 woo_id=14405 stock=0 pvpr=1343.39363
[2026-04-07 07:14:09] UPDATED sku=LWR7316V6O ean=7333394011318 woo_id=14401 stock=0 pvpr=1188.91712
[2026-04-07 07:14:09] UPDATED sku=LWN7E8636F ean=7333394027739 woo_id=14338 stock=1 pvpr=1139.92009
[2026-04-07 07:14:09] UPDATED sku=FFB74907ZW ean=7333394125510 woo_id=14476 stock=41 pvpr=571.50669
[2026-04-07 07:14:09] UPDATED sku=FFB64607ZM ean=7333394009155 woo_id=14486 stock=0 pvpr=610.84787
[2026-04-07 07:14:09] UPDATED sku=FFB64607ZW ean=7333394009162 woo_id=14490 stock=0 pvpr=589.00685
[2026-04-07 07:14:09] UPDATED sku=FFB33607ZM ean=7333394009438 woo_id=14494 stock=0 pvpr=554.75849
[2026-04-07 07:14:09] UPDATED sku=FFB33607ZW ean=7333394009445 woo_id=14621 stock=0 pvpr=536.76272
[2026-04-07 07:14:09] UPDATED sku=FFB73527ZM ean=7332543983582 woo_id=14820 stock=0 pvpr=673.26055
[2026-04-07 07:14:09] UPDATED sku=FFB62427ZM ean=7332543989799 woo_id=14812 stock=2 pvpr=624.21225
[2026-04-07 07:14:09] UPDATED sku=FSB34707Z ean=7333394034669 woo_id=14715 stock=0 pvpr=922.74037
[2026-04-07 07:14:09] UPDATED sku=RENOVA PURE AIR ean=8422248344692 woo_id=29479 stock=0 pvpr=1396.20173
[2026-04-07 07:14:09] UPDATED sku=AS 600 ean=8422248355339 woo_id=29026 stock=0 pvpr=194.55256
[2026-04-07 07:14:09] UPDATED sku=ACTIVO LAVABLE ean=8422248355568 woo_id=29059 stock=0 pvpr=70.17154
[2026-04-07 07:14:09] UPDATED sku=ISLA BENNU SLIM ean=8422248112642 woo_id=28801 stock=0 pvpr=1050.79574
[2026-04-07 07:14:09] UPDATED sku=GALA 900 L /D ean=8422248355575 woo_id=28812 stock=0 pvpr=500.19012
[2026-04-07 07:14:12] UPDATED sku=GALA 900 R /D ean=8422248355582 woo_id=28815 stock=0 pvpr=500.19012
[2026-04-07 07:14:12] UPDATED sku=SYGMA 9010 X ean=8422248110051 woo_id=29377 stock=2 pvpr=337.73258
[2026-04-07 07:14:12] UPDATED sku=SYGMA 6010 X ean=8422248110075 woo_id=29398 stock=3 pvpr=307.9618
[2026-04-07 07:14:12] UPDATED sku=SYGMA 9010 BK ean=8422248110082 woo_id=29276 stock=1 pvpr=316.48971
[2026-04-07 07:14:12] UPDATED sku=CORONA BK 90 /B ean=8422248348782 woo_id=29782 stock=1 pvpr=426.94238
[2026-04-07 07:14:12] UPDATED sku=GPL 75 X ean=8422248198486 woo_id=29818 stock=0 pvpr=318.02781
[2026-04-07 07:14:12] UPDATED sku=GPL 52 X ean=8422248198479 woo_id=29731 stock=0 pvpr=283.13003
[2026-04-07 07:14:12] UPDATED sku=GT-PLUS 45 BK / ean=8422248190404 woo_id=29827 stock=1 pvpr=152.45989
[2026-04-07 07:14:12] UPDATED sku=TFH-6430 X /B ean=8422248343626 woo_id=29502 stock=10 pvpr=181.25654
[2026-04-07 07:14:12] UPDATED sku=TFH-6430 GWH /B ean=8422248343619 woo_id=29508 stock=7 pvpr=181.23945
[2026-04-07 07:14:12] UPDATED sku=TFB-5160 BK /A ean=8422248108096 woo_id=29522 stock=0 pvpr=83.34793
[2026-04-07 07:14:12] UPDATED sku=MDS 8008 X AIR ean=8422248347846 woo_id=31255 stock=0 pvpr=434.20563
[2026-04-07 07:14:12] UPDATED sku=MDS-8008 WH ean=8422248347679 woo_id=31257 stock=0 pvpr=347.14917
[2026-04-07 07:14:12] UPDATED sku=MDS-8008 BK ean=8422248347655 woo_id=31259 stock=0 pvpr=302.54427
[2026-04-07 07:14:12] UPDATED sku=MDS-8007 WH ean=8422248347709 woo_id=31265 stock=0 pvpr=381.75642
[2026-04-07 07:14:12] UPDATED sku=MDS-8007 BK ean=8422248347693 woo_id=31267 stock=0 pvpr=363.8461
[2026-04-07 07:14:12] UPDATED sku=SES 6204 WH ean=8422248347730 woo_id=30926 stock=0 pvpr=284.10416
[2026-04-07 07:14:12] UPDATED sku=SES 6004 WH ean=8422248347754 woo_id=31281 stock=3 pvpr=229.79214
[2026-04-07 07:14:12] UPDATED sku=SES 6004 BK ean=8422248347839 woo_id=31279 stock=0 pvpr=229.79214
[2026-04-07 07:14:12] UPDATED sku=INSB 9012 BK /A ean=8422248109413 woo_id=32249 stock=0 pvpr=617.95731
[2026-04-07 07:14:12] UPDATED sku=IB 5003 BK ean=8422248094191 woo_id=32283 stock=0 pvpr=332.45177
[2026-04-07 07:14:12] UPDATED sku=IB 6304 BK /A ean=8422248109338 woo_id=32547 stock=0 pvpr=275.6617
[2026-04-07 07:14:12] UPDATED sku=IB 853 BK /A ean=8422248109529 woo_id=32289 stock=0 pvpr=499.50652
[2026-04-07 07:14:12] UPDATED sku=LGI 7041 X /A ean=8422248108812 woo_id=31921 stock=0 pvpr=270.48343
[2026-04-07 07:14:12] UPDATED sku=LVI 61014 /A ean=8422248351379 woo_id=14689 stock=0 pvpr=518.57896
[2026-04-07 07:14:12] UPDATED sku=LVI 46010 /A ean=8422248351393 woo_id=14691 stock=0 pvpr=517.80991
[2026-04-07 07:14:12] UPDATED sku=LVI 61013 /A ean=8422248351386 woo_id=14693 stock=0 pvpr=450.27023
[2026-04-07 07:14:12] UPDATED sku=LVI 46009 /A ean=8422248351409 woo_id=14695 stock=0 pvpr=470.4877
[2026-04-07 07:14:12] UPDATED sku=CI-54177 ST /D ean=8422248350945 woo_id=13136 stock=0 pvpr=516.32308
[2026-04-07 07:14:12] UPDATED sku=CI-54177 NF /C ean=8422248350952 woo_id=13138 stock=0 pvpr=764.93131
[2026-04-07 07:14:12] UPDATED sku=VI 59082 BK ean=8422248110785 woo_id=18584 stock=0 pvpr=780.03887
[2026-04-07 07:14:12] UPDATED sku=CDL-1 - REVERSI ean=8422248108904 woo_id=12738 stock=0 pvpr=142.8724
[2026-04-07 07:14:12] UPDATED sku=CDP-1 - REVERSI ean=8422248108935 woo_id=12750 stock=0 pvpr=125.0988
[2026-04-07 07:14:12] UPDATED sku=EFC-1821 NF EX ean=8422248350587 woo_id=13398 stock=13 pvpr=434.49616
[2026-04-07 07:14:12] UPDATED sku=EFC-1821 NF WH ean=8422248350594 woo_id=13443 stock=29 pvpr=404.12723
[2026-04-07 07:14:12] UPDATED sku=EFC-1822 NF WH ean=8422248350600 woo_id=13441 stock=27 pvpr=435.57283
[2026-04-07 07:14:12] UPDATED sku=EFT-1711 WH /B ean=8422248350631 woo_id=13878 stock=30 pvpr=373.51904
[2026-04-07 07:14:12] UPDATED sku=EFT-1411 WH /C ean=8422248350655 woo_id=13918 stock=44 pvpr=260.67377
[2026-04-07 07:14:12] UPDATED sku=EFS-1823 NF WH ean=8422248350778 woo_id=11759 stock=9 pvpr=575.14686
[2026-04-07 07:14:12] UPDATED sku=EFS-0813 WH /A ean=8422248350662 woo_id=11720 stock=11 pvpr=216.95755
[2026-04-07 07:14:12] UPDATED sku=EZS-1823 NF WH ean=8422248350785 woo_id=13597 stock=17 pvpr=590.1177
[2026-04-07 07:14:12] UPDATED sku=EFS-0814 WH /A ean=8422248350686 woo_id=11742 stock=0 pvpr=216.95755
[2026-04-07 07:14:12] UPDATED sku=EFS-0911 WH /A ean=8422248350709 woo_id=11750 stock=6 pvpr=200.14099
[2026-04-07 07:14:12] UPDATED sku=EZS-1412 NF /A ean=8422248350815 woo_id=11834 stock=29 pvpr=344.75657
[2026-04-07 07:14:12] UPDATED sku=HBA572BB3F ean=4242005464630 woo_id=31564 stock=0 pvpr=711.26871
[2026-04-07 07:14:12] UPDATED sku=HC2700ENFIX ean=8445946017200 woo_id=13497 stock=0 pvpr=1032.08219
[2026-04-07 07:14:12] UPDATED sku=THALASSA PRO 12 ean=8422248356329 woo_id=28859 stock=0 pvpr=650.39413
[2026-04-07 07:14:12] UPDATED sku=THALASSA PRO 80 ean=8422248356381 woo_id=28889 stock=0 pvpr=554.51923
[2026-04-07 07:14:12] UPDATED sku=THALASSA PRO 70 ean=8422248356350 woo_id=28880 stock=0 pvpr=550.75943
[2026-04-07 07:14:12] UPDATED sku=THALASSA PRO 60 ean=8422248356367 woo_id=28883 stock=0 pvpr=534.30176
[2026-04-07 07:14:12] UPDATED sku=THALASSA PRO 90 ean=8422248356374 woo_id=28886 stock=0 pvpr=586.16991
[2026-04-07 07:14:12] UPDATED sku=THALASSA 700GBK ean=8422248356237 woo_id=28895 stock=0 pvpr=419.06389
[2026-04-07 07:14:12] UPDATED sku=THALASSA 900GWH ean=8422248356251 woo_id=28901 stock=0 pvpr=430.34329
[2026-04-07 07:14:12] UPDATED sku=THALASSA 700GWH ean=8422248356268 woo_id=28904 stock=0 pvpr=405.93877
[2026-04-07 07:14:12] UPDATED sku=CAMPANA, JUNO+ ean=8422248355650 woo_id=28924 stock=0 pvpr=295.89626
[2026-04-07 07:14:12] UPDATED sku=CAMPANA, JUNO 9 ean=8422248355612 woo_id=28926 stock=0 pvpr=223.86191
[2026-04-07 07:14:12] UPDATED sku=CAMPANA, JUNO 7 ean=8422248355605 woo_id=28929 stock=1 pvpr=208.89107
[2026-04-07 07:14:12] UPDATED sku=CAMPANA, JUNO 6 ean=8422248355599 woo_id=28932 stock=0 pvpr=199.08141
[2026-04-07 07:14:12] UPDATED sku=MICROONDAS ML 8 ean=8434778029383 woo_id=32781 stock=13 pvpr=244.69462
[2026-04-07 07:14:12] UPDATED sku=MICROONDAS MLEG ean=8434778029406 woo_id=32773 stock=2 pvpr=306.83386
[2026-04-07 07:14:12] UPDATED sku=LAVADORA WMK 71 ean=8434778032673 woo_id=14311 stock=0 pvpr=529.46529
[2026-04-07 07:14:12] UPDATED sku=LAVADORA WMK 70 ean=8434778032659 woo_id=14273 stock=0 pvpr=499.01091
[2026-04-07 07:14:12] UPDATED sku=LAVADORA WMK 40 ean=8434778032611 woo_id=14306 stock=0 pvpr=387.29358
[2026-04-07 07:14:12] UPDATED sku=SECADORA SHK 81 ean=8434778031829 woo_id=18859 stock=0 pvpr=728.23908
[2026-04-07 07:14:12] UPDATED sku=SECADORA SHK 70 ean=8434778032703 woo_id=18856 stock=0 pvpr=551.68229
[2026-04-07 07:14:12] UPDATED sku=TERMO ELECTRICO ean=8421152158746 woo_id=27971 stock=0 pvpr=118.17735
[2026-04-07 07:14:12] UPDATED sku=E501C ean=8421152016015 woo_id=12517 stock=0 pvpr=78.1013
[2026-04-07 07:14:12] UPDATED sku=DUETTA2CINOX ean=8421152034255 woo_id=12512 stock=0 pvpr=204.53312
[2026-04-07 07:14:12] UPDATED sku=DR802CINOX ean=8421152037065 woo_id=12510 stock=0 pvpr=122.74038
[2026-04-07 07:14:12] UPDATED sku=STYLO1C ean=8421152028070 woo_id=12521 stock=12 pvpr=65.47179
[2026-04-07 07:14:12] UPDATED sku=CVAL1CINOX ean=8421152040041 woo_id=12498 stock=4 pvpr=89.26107
[2026-04-07 07:14:12] UPDATED sku=DR801C1EINO ean=8421152037058 woo_id=12504 stock=4 pvpr=115.30623
[2026-04-07 07:14:12] UPDATED sku=EXTR 600 PLUS ean=8422248006316 woo_id=28394 stock=0 pvpr=118.9464
[2026-04-07 07:14:12] UPDATED sku=00117000 ean=8422248100816 woo_id=29034 stock=0 pvpr=115.08406
[2026-04-07 07:14:12] UPDATED sku=EXTRPROFES75 ean=8422248100823 woo_id=29038 stock=0 pvpr=111.39262
[2026-04-07 07:14:12] UPDATED sku=00111002 ean=8422248100830 woo_id=29053 stock=3 pvpr=59.08013
[2026-04-07 07:14:12] UPDATED sku=BE039SINTAL ean=8421152024126 woo_id=12551 stock=0 pvpr=74.70039
[2026-04-07 07:14:12] UPDATED sku=BE4040 ean=8421152024119 woo_id=12541 stock=32 pvpr=72.01726
[2026-04-07 07:14:12] UPDATED sku=EXTRPROFES500 ean=8422248010832 woo_id=29042 stock=43 pvpr=57.71293
[2026-04-07 07:14:12] UPDATED sku=EXTR GS-600 ean=8422248100601 woo_id=29048 stock=0 pvpr=88.30403
[2026-04-07 07:14:12] UPDATED sku=BE2840 ean=8421152024096 woo_id=12533 stock=0 pvpr=78.2722
[2026-04-07 07:14:12] UPDATED sku=24TQ510SPZ ean=8806091547798 woo_id=18137 stock=0 pvpr=218.27348
[2026-04-07 07:14:12] UPDATED sku=65UR78006LK ean=8806087095296 woo_id=18210 stock=45 pvpr=593.21099
[2026-04-07 07:14:12] UPDATED sku=50UR78006LK ean=8806087092080 woo_id=18167 stock=36 pvpr=466.53991
[2026-04-07 07:14:12] UPDATED sku=32LQ630B6LA ean=8806091636966 woo_id=18123 stock=587 pvpr=288.70137
[2026-04-07 07:14:12] UPDATED sku=27TQ615S-WZ ean=8806091606167 woo_id=18170 stock=8 pvpr=247.05304
[2026-04-07 07:14:12] UPDATED sku=27TQ615SPZ ean=8806091585899 woo_id=18189 stock=20 pvpr=247.05304
[2026-04-07 07:14:12] UPDATED sku=55QNED80T6AAEU ean=8806091951274 woo_id=18107 stock=0 pvpr=953.89544
[2026-04-07 07:14:12] UPDATED sku=43A6Q ean=6942351415628 woo_id=18141 stock=17 pvpr=340.7746
[2026-04-07 07:14:12] UPDATED sku=24TQ510SWZ ean=8806091548214 woo_id=18114 stock=10 pvpr=218.27348
[2026-04-07 07:14:12] UPDATED sku=CORTCUTMASTER ean=8414234155115 woo_id=17101 stock=1 pvpr=106.59033
[2026-04-07 07:14:12] UPDATED sku=FR326METAL ean=8421078021742 woo_id=17209 stock=29 pvpr=49.44137
[2026-04-07 07:14:12] UPDATED sku=EN10 ean=4210201574620 woo_id=12078 stock=22 pvpr=31.32597
[2026-04-07 07:14:12] UPDATED sku=TT589 ean=8421078305897 woo_id=17491 stock=6 pvpr=33.35968
[2026-04-07 07:14:12] UPDATED sku=RAPIDISSIMOCLE ean=8414234545121 woo_id=33750 stock=1 pvpr=50.63767
[2026-04-07 07:14:12] UPDATED sku=GR555 ean=8421078026532 woo_id=17516 stock=84 pvpr=54.97853
[2026-04-07 07:14:12] UPDATED sku=MP373 ean=8421078022893 woo_id=12068 stock=0 pvpr=18.799
[2026-04-07 07:14:12] UPDATED sku=ZR0039 ean=3221613008406 woo_id=33769 stock=12 pvpr=12.18517
[2026-04-07 07:14:12] UPDATED sku=14722 ean=8436011053674 woo_id=19075 stock=5 pvpr=40.43494
[2026-04-07 07:14:12] UPDATED sku=60MNEW ean=4210201649793 woo_id=11987 stock=0 pvpr=33.42804
[2026-04-07 07:14:16] UPDATED sku=WB305120 ean=3221613011901 woo_id=33766 stock=39 pvpr=8.81844
[2026-04-07 07:14:16] UPDATED sku=14987 ean=8436044521362 woo_id=15143 stock=5 pvpr=29.27517
[2026-04-07 07:14:16] UPDATED sku=13959 ean=8436011056378 woo_id=16187 stock=0 pvpr=40.12732
[2026-04-07 07:14:16] UPDATED sku=15084 ean=8436044522130 woo_id=17108 stock=5 pvpr=10.4249
[2026-04-07 07:14:16] UPDATED sku=15466 ean=8436044524929 woo_id=12050 stock=5 pvpr=28.60866
[2026-04-07 07:14:16] UPDATED sku=15456 ean=8436044524301 woo_id=15294 stock=0 pvpr=21.39668
[2026-04-07 07:14:16] UPDATED sku=15623 ean=8436044525889 woo_id=15392 stock=3 pvpr=14.08216
[2026-04-07 07:14:16] UPDATED sku=15044 ean=8436044521881 woo_id=16299 stock=22 pvpr=24.37034
[2026-04-07 07:14:16] UPDATED sku=15258 ean=8436044523526 woo_id=16081 stock=0 pvpr=144.30796
[2026-04-07 07:14:16] UPDATED sku=15255 ean=8436044523502 woo_id=16083 stock=0 pvpr=77.96458
[2026-04-07 07:14:16] UPDATED sku=GR266 ean=8421078029731 woo_id=17501 stock=0 pvpr=44.31437
[2026-04-07 07:14:16] UPDATED sku=CV200 ean=8421078029472 woo_id=15434 stock=2 pvpr=31.73613
[2026-04-07 07:14:16] UPDATED sku=973945 ean=8414234739452 woo_id=16076 stock=0 pvpr=73.28192
[2026-04-07 07:14:16] UPDATED sku=14852 ean=8436044520464 woo_id=12336 stock=16 pvpr=13.12512
[2026-04-07 07:14:16] UPDATED sku=15636 ean=8436044525926 woo_id=16079 stock=10 pvpr=56.65335
[2026-04-07 07:14:16] UPDATED sku=R28X6 ean=8421078029939 woo_id=16010 stock=0 pvpr=14.97084
[2026-04-07 07:14:16] UPDATED sku=R22X6 ean=8421078029915 woo_id=16013 stock=0 pvpr=11.963
[2026-04-07 07:14:16] UPDATED sku=MO3250 ean=8436044522239 woo_id=33057 stock=0 pvpr=21.03779
[2026-04-07 07:14:16] UPDATED sku=15874 ean=8436044527715 woo_id=18356 stock=0 pvpr=24.6096
[2026-04-07 07:14:16] UPDATED sku=15011 ean=8436044521560 woo_id=18400 stock=22 pvpr=19.34588
[2026-04-07 07:14:16] UPDATED sku=968435 ean=8414234684356 woo_id=16176 stock=0 pvpr=57.31986
[2026-04-07 07:14:16] UPDATED sku=TO4012 ean=8436044526817 woo_id=16205 stock=6 pvpr=25.20775
[2026-04-07 07:14:16] UPDATED sku=B28X40 ean=8421078029977 woo_id=16022 stock=0 pvpr=20.18329
[2026-04-07 07:14:16] UPDATED sku=B22X30 ean=8421078029953 woo_id=16008 stock=0 pvpr=14.30433
[2026-04-07 07:14:16] UPDATED sku=PC1009 ean=8436044528316 woo_id=15888 stock=3 pvpr=16.38931
[2026-04-07 07:14:16] UPDATED sku=15468 ean=8436044524905 woo_id=15965 stock=0 pvpr=9.00643
[2026-04-07 07:14:16] UPDATED sku=PZ8100 ean=8436044525414 woo_id=15171 stock=5 pvpr=43.08389
[2026-04-07 07:14:16] UPDATED sku=A15453 ean=3045385721123 woo_id=19007 stock=0 pvpr=28.45485
[2026-04-07 07:14:16] UPDATED sku=15186 ean=8436044522963 woo_id=18979 stock=8 pvpr=37.30747
[2026-04-07 07:14:16] UPDATED sku=WB484720 ean=3221613011208 woo_id=33764 stock=10 pvpr=14.61195
[2026-04-07 07:14:16] UPDATED sku=SC1013 ean=8421078027744 woo_id=12399 stock=8 pvpr=39.20446
[2026-04-07 07:14:16] UPDATED sku=TT331 ean=8421078029397 woo_id=18683 stock=43 pvpr=23.32785
[2026-04-07 07:14:16] UPDATED sku=TT587 ean=8421078032540 woo_id=18274 stock=7 pvpr=22.09737
[2026-04-07 07:14:16] UPDATED sku=15463 ean=8436044524899 woo_id=12080 stock=0 pvpr=10.49326
[2026-04-07 07:14:16] UPDATED sku=15555 ean=8436044525384 woo_id=15892 stock=0 pvpr=14.45814
[2026-04-07 07:14:16] UPDATED sku=15189 ean=8436044522994 woo_id=19023 stock=5 pvpr=79.40014
[2026-04-07 07:14:16] UPDATED sku=GR2500 ean=8436044529009 woo_id=16123 stock=6 pvpr=24.0969
[2026-04-07 07:14:16] UPDATED sku=LS260800 ean=3045385782117 woo_id=18305 stock=0 pvpr=39.68298
[2026-04-07 07:14:16] UPDATED sku=16054 ean=8436044528798 woo_id=15107 stock=0 pvpr=30.40311
[2026-04-07 07:14:16] UPDATED sku=ECOPAPEL3L ean=8414234991751 woo_id=33762 stock=0 pvpr=7.94685
[2026-04-07 07:14:16] UPDATED sku=GR559 ean=8421078030607 woo_id=17486 stock=0 pvpr=80.75025
[2026-04-07 07:14:16] UPDATED sku=GR205 ean=8421078029854 woo_id=16172 stock=26 pvpr=34.43635
[2026-04-07 07:14:16] UPDATED sku=PM3550 ean=8436044529177 woo_id=15109 stock=7 pvpr=13.72327
[2026-04-07 07:14:16] UPDATED sku=CJ3050 ean=8021098773012 woo_id=16051 stock=0 pvpr=40.6742
[2026-04-07 07:14:16] UPDATED sku=CJ3000 ean=8021098773005 woo_id=17126 stock=0 pvpr=26.26733
[2026-04-07 07:14:16] UPDATED sku=MS4570 ean=8436044530500 woo_id=17099 stock=0 pvpr=104.30027
[2026-04-07 07:14:16] UPDATED sku=PC1208 ean=3045386363483 woo_id=17130 stock=18 pvpr=24.01145
[2026-04-07 07:14:16] UPDATED sku=QP620 ean=8421078030942 woo_id=11838 stock=4 pvpr=19.10662
[2026-04-07 07:14:16] UPDATED sku=DJ3001 ean=3045388190346 woo_id=16429 stock=0 pvpr=32.06084
[2026-04-07 07:14:16] UPDATED sku=TBC3500 ean=8436044530272 woo_id=16181 stock=0 pvpr=60.48151
[2026-04-07 07:14:16] UPDATED sku=DA5525 ean=8436044529382 woo_id=15861 stock=20 pvpr=87.44953
[2026-04-07 07:14:16] UPDATED sku=810 ean=4210201097358 woo_id=12093 stock=0 pvpr=87.63752
[2026-04-07 07:14:16] UPDATED sku=TBC3000 ean=8436044530265 woo_id=16174 stock=0 pvpr=39.76843
[2026-04-07 07:14:16] UPDATED sku=CO4000 ean=8436044528804 woo_id=15524 stock=0 pvpr=26.18188
[2026-04-07 07:14:16] UPDATED sku=EN80CW ean=8004399327931 woo_id=33286 stock=0 pvpr=128.19209
[2026-04-07 07:14:16] UPDATED sku=CU3800 ean=8436044521980 woo_id=15351 stock=0 pvpr=34.3509
[2026-04-07 07:14:16] UPDATED sku=TC350 ean=8414234242440 woo_id=16049 stock=0 pvpr=18.26921
[2026-04-07 07:14:16] UPDATED sku=KT5010 ean=8436044530012 woo_id=15101 stock=0 pvpr=25.4641
[2026-04-07 07:14:16] UPDATED sku=SETRL5500 ean=8436044531408 woo_id=15331 stock=5 pvpr=47.852
[2026-04-07 07:14:16] UPDATED sku=TRL560 ean=8436044531330 woo_id=15121 stock=0 pvpr=8.18611
[2026-04-07 07:14:16] UPDATED sku=TRL10060 ean=8436044531354 woo_id=15117 stock=0 pvpr=11.60411
[2026-04-07 07:14:16] UPDATED sku=AH3150 ean=8436044531538 woo_id=12136 stock=45 pvpr=37.46128
[2026-04-07 07:14:16] UPDATED sku=PL618 ean=8421078032397 woo_id=18991 stock=74 pvpr=29.053
[2026-04-07 07:14:16] UPDATED sku=SW546 ean=8421078032007 woo_id=16098 stock=0 pvpr=40.96473
[2026-04-07 07:14:16] UPDATED sku=CN15B ean=8421078031154 woo_id=11914 stock=0 pvpr=8.7159
[2026-04-07 07:14:16] UPDATED sku=KFE660 ean=8436044532450 woo_id=33546 stock=0 pvpr=51.0991
[2026-04-07 07:14:16] UPDATED sku=TSF01PBEU ean=8017709189099 woo_id=18713 stock=0 pvpr=160.27002
[2026-04-07 07:14:16] UPDATED sku=TSF01PKEU ean=8017709189013 woo_id=19118 stock=0 pvpr=160.27002
[2026-04-07 07:14:16] UPDATED sku=ZR200520 ean=3221613016104 woo_id=33752 stock=0 pvpr=12.80041
[2026-04-07 07:14:16] UPDATED sku=BTP3000 ean=8436044523618 woo_id=18341 stock=2 pvpr=11.1085
[2026-04-07 07:14:16] UPDATED sku=PC123 ean=8421078033394 woo_id=15813 stock=0 pvpr=37.66636
[2026-04-07 07:14:16] UPDATED sku=GR204N ean=8421078030850 woo_id=17493 stock=22 pvpr=49.561
[2026-04-07 07:14:16] UPDATED sku=AHC4050 ean=8436044531545 woo_id=12130 stock=73 pvpr=39.76843
[2026-04-07 07:14:16] UPDATED sku=AHC4150 ean=8436044531552 woo_id=12132 stock=73 pvpr=41.05018
[2026-04-07 07:14:16] UPDATED sku=AHC3050 ean=8436044531521 woo_id=12134 stock=15 pvpr=33.42804
[2026-04-07 07:14:16] UPDATED sku=TRL760 ean=8436044531347 woo_id=15123 stock=0 pvpr=9.60458
[2026-04-07 07:14:16] UPDATED sku=CU7000 ean=8436044532184 woo_id=15111 stock=2 pvpr=28.47194
[2026-04-07 07:14:16] UPDATED sku=ALIZEEVOLUTION2 ean=8414234003812 woo_id=12418 stock=4 pvpr=24.83177
[2026-04-07 07:14:16] UPDATED sku=PT5010 ean=4210201132370 woo_id=12090 stock=9 pvpr=30.94999
[2026-04-07 07:14:16] UPDATED sku=SFB8026 ean=8436044531828 woo_id=15530 stock=4 pvpr=15.02211
[2026-04-07 07:14:16] UPDATED sku=KF1200 ean=8436044522246 woo_id=33648 stock=0 pvpr=15.68862
[2026-04-07 07:14:16] UPDATED sku=KF600 ean=8436044522260 woo_id=33612 stock=1 pvpr=9.21151
[2026-04-07 07:14:16] UPDATED sku=KF300 ean=8436044522277 woo_id=33630 stock=5 pvpr=7.41706
[2026-04-07 07:14:16] UPDATED sku=KFI450 ean=8436044522758 woo_id=33097 stock=0 pvpr=1.5381
[2026-04-07 07:14:16] UPDATED sku=PC300B10 ean=3045386373543 woo_id=17128 stock=20 pvpr=29.70242
[2026-04-07 07:14:16] UPDATED sku=KFI960 ean=8436044534201 woo_id=33664 stock=3 pvpr=17.4318
[2026-04-07 07:14:16] UPDATED sku=KFI1260 ean=8436044534218 woo_id=33616 stock=0 pvpr=24.96849
[2026-04-07 07:14:16] UPDATED sku=CV7810F0 ean=3121040059548 woo_id=12474 stock=0 pvpr=35.58138
[2026-04-07 07:14:16] UPDATED sku=BQ101 ean=8421078022343 woo_id=16168 stock=7 pvpr=49.50973
[2026-04-07 07:14:16] UPDATED sku=SFB8028 ean=8436044531835 woo_id=15549 stock=0 pvpr=17.63688
[2026-04-07 07:14:16] UPDATED sku=SFB8032 ean=8436044531859 woo_id=15230 stock=0 pvpr=21.10615
[2026-04-07 07:14:16] UPDATED sku=SFH 8520 ean=8436044531866 woo_id=15253 stock=0 pvpr=14.47523
[2026-04-07 07:14:16] UPDATED sku=SFH 8524 ean=8436044531873 woo_id=15248 stock=0 pvpr=16.56021
[2026-04-07 07:14:16] UPDATED sku=SFH 8528 ean=8436044531897 woo_id=15251 stock=0 pvpr=21.39668
[2026-04-07 07:14:16] UPDATED sku=KFI460 ean=8436044534188 woo_id=33620 stock=38 pvpr=11.91173
[2026-04-07 07:14:16] UPDATED sku=TES4650 ean=8436044534300 woo_id=12242 stock=0 pvpr=32.26592
[2026-04-07 07:14:16] UPDATED sku=LS330D11 ean=3016661148576 woo_id=18307 stock=27 pvpr=42.93008
[2026-04-07 07:14:16] UPDATED sku=16590 ean=8436044532535 woo_id=33343 stock=0 pvpr=30.40311
[2026-04-07 07:14:16] UPDATED sku=SV2680 ean=8436044534409 woo_id=18358 stock=0 pvpr=32.52227
[2026-04-07 07:14:16] UPDATED sku=VIN145 ean=8421078032878 woo_id=15737 stock=2 pvpr=60.99421
[2026-04-07 07:14:19] UPDATED sku=PB2222 ean=8436044534386 woo_id=12318 stock=12 pvpr=19.43133
[2026-04-07 07:14:19] UPDATED sku=SFB8020 ean=8436044531798 woo_id=15259 stock=0 pvpr=9.63876
[2026-04-07 07:14:19] UPDATED sku=SFB8022 ean=8436044531804 woo_id=15227 stock=12 pvpr=11.31358
[2026-04-07 07:14:19] UPDATED sku=SFB 8024 ean=8436044531811 woo_id=15484 stock=0 pvpr=12.44152
[2026-04-07 07:14:19] UPDATED sku=300sBlackSerie3 ean=4210201163305 woo_id=11978 stock=0 pvpr=70.56461
[2026-04-07 07:14:19] UPDATED sku=RUF1028 ean=8436044534416 woo_id=15233 stock=3 pvpr=20.38837
[2026-04-07 07:14:19] UPDATED sku=DD655D10 ean=3016661149696 woo_id=15945 stock=39 pvpr=57.01224
[2026-04-07 07:14:19] UPDATED sku=BTP4000 ean=8436044523625 woo_id=18337 stock=13 pvpr=11.38194
[2026-04-07 07:14:19] UPDATED sku=BT158 ean=8421078033257 woo_id=15975 stock=68 pvpr=27.87379
[2026-04-07 07:14:19] UPDATED sku=ECAM23120B ean=8004399326187 woo_id=33119 stock=0 pvpr=618.50419
[2026-04-07 07:14:19] UPDATED sku=BTP 6500 ean=8436044533839 woo_id=18346 stock=12 pvpr=17.27799
[2026-04-07 07:14:19] UPDATED sku=LS160111 ean=3045385783749 woo_id=18847 stock=0 pvpr=31.46269
[2026-04-07 07:14:19] UPDATED sku=CJ3000BK ean=8021098773029 woo_id=16053 stock=0 pvpr=26.26733
[2026-04-07 07:14:19] UPDATED sku=HT3100WH ean=8021098760036 woo_id=18918 stock=0 pvpr=55.59377
[2026-04-07 07:14:19] UPDATED sku=EC685.M ean=8004399331198 woo_id=33499 stock=7 pvpr=297.99833
[2026-04-07 07:14:19] UPDATED sku=EC685.R ean=8004399331204 woo_id=33504 stock=3 pvpr=335.59633
[2026-04-07 07:14:19] UPDATED sku=EC685.BK ean=8004399331181 woo_id=33506 stock=0 pvpr=335.59633
[2026-04-07 07:14:19] UPDATED sku=EN 85.L ean=8004399332065 woo_id=33235 stock=0 pvpr=139.9671
[2026-04-07 07:14:19] UPDATED sku=CO4015 ean=8436044535499 woo_id=15445 stock=0 pvpr=44.19474
[2026-04-07 07:14:19] UPDATED sku=SFB8018 ean=8436044531781 woo_id=15224 stock=0 pvpr=8.57918
[2026-04-07 07:14:19] UPDATED sku=EP2210 ean=8436044535833 woo_id=15296 stock=0 pvpr=18.16667
[2026-04-07 07:14:19] UPDATED sku=HPL6070 ean=8436044536175 woo_id=15205 stock=0 pvpr=62.99374
[2026-04-07 07:14:19] UPDATED sku=HPL8070 ean=8436044536182 woo_id=15215 stock=1 pvpr=63.52353
[2026-04-07 07:14:19] UPDATED sku=HPL12070 ean=8436044536205 woo_id=15201 stock=0 pvpr=83.55301
[2026-04-07 07:14:19] UPDATED sku=KFN610 ean=8436044522321 woo_id=33566 stock=3 pvpr=10.0831
[2026-04-07 07:14:19] UPDATED sku=SV2670 ean=8436044535130 woo_id=19079 stock=28 pvpr=28.07887
[2026-04-07 07:14:19] UPDATED sku=SEH1800 ean=8436044535475 woo_id=12439 stock=12 pvpr=38.23033
[2026-04-07 07:14:19] UPDATED sku=MITOASTDUPLO ean=8414234606396 woo_id=16297 stock=0 pvpr=36.94858
[2026-04-07 07:14:19] UPDATED sku=BC3 ean=8436017659856 woo_id=14953 stock=0 pvpr=68.05238
[2026-04-07 07:14:19] UPDATED sku=OSR ean=8436017658255 woo_id=15546 stock=3 pvpr=116.29745
[2026-04-07 07:14:19] UPDATED sku=OSR8 ean=8436017658279 woo_id=14984 stock=0 pvpr=128.48262
[2026-04-07 07:14:19] UPDATED sku=TP520 ean=8436017659252 woo_id=18277 stock=4 pvpr=66.18957
[2026-04-07 07:14:19] UPDATED sku=EP1510 ean=8436044535826 woo_id=16039 stock=8 pvpr=13.12512
[2026-04-07 07:14:19] UPDATED sku=EX611 ean=8421078033660 woo_id=17120 stock=0 pvpr=60.08844
[2026-04-07 07:14:19] UPDATED sku=SE2085 ean=8436044535949 woo_id=12460 stock=11 pvpr=33.80402
[2026-04-07 07:14:19] UPDATED sku=KT6022 ean=8436044537301 woo_id=15113 stock=4 pvpr=29.7366
[2026-04-07 07:14:19] UPDATED sku=CG4060N ean=8436044535031 woo_id=33301 stock=0 pvpr=24.76341
[2026-04-07 07:14:19] UPDATED sku=8436044536199 ean=8436044536199 woo_id=15572 stock=4 pvpr=88.56038
[2026-04-07 07:14:19] UPDATED sku=HU1000 ean=8436044536977 woo_id=28044 stock=7 pvpr=21.84102
[2026-04-07 07:14:19] UPDATED sku=FO3510 ean=8436044537349 woo_id=15068 stock=1 pvpr=127.47431
[2026-04-07 07:14:19] UPDATED sku=TP3500 ean=8436044529108 woo_id=18747 stock=0 pvpr=67.77894
[2026-04-07 07:14:19] UPDATED sku=FASHION3000IONI ean=8414234005601 woo_id=12457 stock=0 pvpr=34.36799
[2026-04-07 07:14:19] UPDATED sku=9870 ean=4210201190448 woo_id=12355 stock=0 pvpr=201.59364
[2026-04-07 07:14:19] UPDATED sku=DW8215 ean=4210101956885 woo_id=18457 stock=152 pvpr=99.01946
[2026-04-07 07:14:19] UPDATED sku=TRL360 ean=8436044531323 woo_id=15119 stock=0 pvpr=6.85309
[2026-04-07 07:14:19] UPDATED sku=LI5060 ean=8436044536311 woo_id=17452 stock=8 pvpr=63.5748
[2026-04-07 07:14:19] UPDATED sku=FO6000 ean=8436044535741 woo_id=15828 stock=1 pvpr=52.55175
[2026-04-07 07:14:19] UPDATED sku=KT6021 ean=8436044537127 woo_id=16140 stock=0 pvpr=30.96708
[2026-04-07 07:14:19] UPDATED sku=ECP3321BK ean=8004399333109 woo_id=33385 stock=8 pvpr=174.02747
[2026-04-07 07:14:19] UPDATED sku=QP301B ean=8437015023380 woo_id=15843 stock=2 pvpr=30.35184
[2026-04-07 07:14:19] UPDATED sku=QP401B ean=8437015023403 woo_id=15847 stock=1 pvpr=48.97994
[2026-04-07 07:14:19] UPDATED sku=QP501B ean=8437015023410 woo_id=15849 stock=2 pvpr=61.79744
[2026-04-07 07:14:19] UPDATED sku=SP100 ean=8437015023427 woo_id=16445 stock=3 pvpr=39.6488
[2026-04-07 07:14:19] UPDATED sku=HP6006 ean=8436044537899 woo_id=15533 stock=10 pvpr=71.38493
[2026-04-07 07:14:19] UPDATED sku=CFB1016 ean=8436044537547 woo_id=15181 stock=5 pvpr=18.01286
[2026-04-07 07:14:19] UPDATED sku=CFB1018 ean=8436044537554 woo_id=15179 stock=4 pvpr=20.28583
[2026-04-07 07:14:19] UPDATED sku=AHC ean=8436044538940 woo_id=12138 stock=16 pvpr=38.70885
[2026-04-07 07:14:19] UPDATED sku=AHL2000 ean=8436044538681 woo_id=35897 stock=4 pvpr=31.68486
[2026-04-07 07:14:19] UPDATED sku=SI3041G ean=8021098270672 woo_id=18849 stock=0 pvpr=80.81861
[2026-04-07 07:14:19] UPDATED sku=LM430110 ean=3016661152566 woo_id=15959 stock=0 pvpr=61.74617
[2026-04-07 07:14:19] UPDATED sku=DD65AD10 ean=3016661152290 woo_id=17064 stock=0 pvpr=40.12732
[2026-04-07 07:14:19] UPDATED sku=CO3031 ean=8436044538636 woo_id=15574 stock=15 pvpr=55.09816
[2026-04-07 07:14:19] UPDATED sku=CO3025 ean=8436044538629 woo_id=15193 stock=0 pvpr=32.45391
[2026-04-07 07:14:19] UPDATED sku=MYTOASTLEGEND ean=8414234606440 woo_id=16301 stock=20 pvpr=45.71575
[2026-04-07 07:14:19] UPDATED sku=TSF01PGEU ean=8017709189051 woo_id=16252 stock=6 pvpr=160.27002
[2026-04-07 07:14:19] UPDATED sku=HP10006 ean=8436044537912 woo_id=15203 stock=0 pvpr=94.88368
[2026-04-07 07:14:19] UPDATED sku=BAPI1200INOX ean=8414234163653 woo_id=15943 stock=0 pvpr=44.57072
[2026-04-07 07:14:19] UPDATED sku=HP4006 ean=8436044537882 woo_id=15390 stock=5 pvpr=63.86533
[2026-04-07 07:14:19] UPDATED sku=EV3400 ean=8436044538926 woo_id=17116 stock=0 pvpr=56.72171
[2026-04-07 07:14:19] UPDATED sku=MO3400 ean=8436044539459 woo_id=33059 stock=0 pvpr=50.9282
[2026-04-07 07:14:19] UPDATED sku=AP7007 ean=8436044539435 woo_id=33794 stock=0 pvpr=65.40343
[2026-04-07 07:14:19] UPDATED sku=CM2360 ean=8436044534270 woo_id=15167 stock=1 pvpr=40.52039
[2026-04-07 07:14:19] UPDATED sku=KT5002 ean=8436044538599 woo_id=15127 stock=2 pvpr=15.46645
[2026-04-07 07:14:19] UPDATED sku=HP8006 ean=8436044537905 woo_id=15540 stock=7 pvpr=83.10867
[2026-04-07 07:14:19] UPDATED sku=17032 ean=8436044536298 woo_id=15209 stock=0 pvpr=5.93023
[2026-04-07 07:14:19] UPDATED sku=MYTOAST ean=8414234606471 woo_id=16295 stock=0 pvpr=32.23174
[2026-04-07 07:14:19] UPDATED sku=SFB9020 ean=8436044539169 woo_id=15513 stock=1 pvpr=14.13343
[2026-04-07 07:14:19] UPDATED sku=AP1500 ean=8436044539411 woo_id=33924 stock=0 pvpr=48.39888
[2026-04-07 07:14:19] UPDATED sku=CDB1032 ean=8436044539343 woo_id=15363 stock=6 pvpr=80.45972
[2026-04-07 07:14:19] UPDATED sku=CTP2500 ean=8436044537837 woo_id=12052 stock=5 pvpr=33.51349
[2026-04-07 07:14:19] UPDATED sku=MC4550 ean=8436044539473 woo_id=15802 stock=2 pvpr=49.2192
[2026-04-07 07:14:19] UPDATED sku=NIXUS ean=8414234022196 woo_id=12066 stock=0 pvpr=30.57401
[2026-04-07 07:14:19] UPDATED sku=SFB9032 ean=8436044539220 woo_id=15262 stock=8 pvpr=27.01929
[2026-04-07 07:14:19] UPDATED sku=EP4200 ean=8436044539015 woo_id=16041 stock=0 pvpr=56.14065
[2026-04-07 07:14:19] UPDATED sku=FO1710 ean=8436044537325 woo_id=16483 stock=0 pvpr=60.70368
[2026-04-07 07:14:19] UPDATED sku=FO2710 ean=8436044537332 woo_id=15066 stock=0 pvpr=114.3321
[2026-04-07 07:14:19] UPDATED sku=RUF3528 ean=8436044536700 woo_id=15219 stock=0 pvpr=22.23409
[2026-04-07 07:14:19] UPDATED sku=KFM1230 ean=8436044526367 woo_id=33552 stock=0 pvpr=15.09047
[2026-04-07 07:14:19] UPDATED sku=KFM930 ean=8436044526350 woo_id=33666 stock=0 pvpr=12.21935
[2026-04-07 07:14:19] UPDATED sku=KFM630 ean=8436044526343 woo_id=33558 stock=5 pvpr=9.24569
[2026-04-07 07:14:19] UPDATED sku=DA-5650 ean=8436044538254 woo_id=15830 stock=5 pvpr=93.96082
[2026-04-07 07:14:19] UPDATED sku=DD4511 ean=3016661154287 woo_id=15981 stock=0 pvpr=32.23174
[2026-04-07 07:14:19] UPDATED sku=DG7623 ean=3121040072639 woo_id=18935 stock=3 pvpr=224.88731
[2026-04-07 07:14:19] UPDATED sku=DX1550 ean=4210101962343 woo_id=18958 stock=73 pvpr=34.33381
[2026-04-07 07:14:19] UPDATED sku=KLF04CREU ean=8017709231378 woo_id=17396 stock=0 pvpr=188.70778
[2026-04-07 07:14:19] UPDATED sku=DCF02CREU ean=8017709280499 woo_id=33319 stock=0 pvpr=188.70778
[2026-04-07 07:14:19] UPDATED sku=TSF02CREU ean=8017709190712 woo_id=18716 stock=0 pvpr=188.70778
[2026-04-07 07:14:19] UPDATED sku=BTP5000 ean=8436044523632 woo_id=18339 stock=10 pvpr=12.56115
[2026-04-07 07:14:19] UPDATED sku=AP8030 ean=8436044539961 woo_id=33830 stock=31 pvpr=81.02369
[2026-04-07 07:14:19] UPDATED sku=TRSL1500 ean=8436044539985 woo_id=15091 stock=0 pvpr=38.74303
[2026-04-07 07:14:22] UPDATED sku=DW4308 ean=4210101965085 woo_id=18977 stock=74 pvpr=51.35545
[2026-04-07 07:14:22] UPDATED sku=ECAM25031SB ean=8004399334137 woo_id=33195 stock=0 pvpr=583.38424
[2026-04-07 07:14:22] UPDATED sku=CA1051 ean=8421078034629 woo_id=33376 stock=0 pvpr=124.56901
[2026-04-07 07:14:22] UPDATED sku=BT177 ean=8421078034735 woo_id=15919 stock=8 pvpr=48.07417
[2026-04-07 07:14:22] UPDATED sku=CUTMASTERCOMPAC ean=8414234155122 woo_id=16004 stock=0 pvpr=66.85608
[2026-04-07 07:14:22] UPDATED sku=AIRFRYDIGITAL ean=8414234739704 woo_id=15688 stock=0 pvpr=95.51601
[2026-04-07 07:14:22] UPDATED sku=BV7500 ean=8436044539725 woo_id=15780 stock=3 pvpr=44.39982
[2026-04-07 07:14:22] UPDATED sku=TC95B ean=8421078034797 woo_id=27614 stock=34 pvpr=47.78364
[2026-04-07 07:14:22] UPDATED sku=SV3000 ean=8436044539909 woo_id=18696 stock=25 pvpr=36.64096
[2026-04-07 07:14:22] UPDATED sku=CTP3500 ean=8436044538483 woo_id=12064 stock=0 pvpr=38.2816
[2026-04-07 07:14:22] UPDATED sku=MCP6000 ean=8436044539749 woo_id=15211 stock=3 pvpr=81.36549
[2026-04-07 07:14:22] UPDATED sku=PDA2036 ean=8436044539381 woo_id=15570 stock=0 pvpr=53.18408
[2026-04-07 07:14:22] UPDATED sku=P38 ean=8436017659818 woo_id=15028 stock=0 pvpr=22.79806
[2026-04-07 07:14:22] UPDATED sku=TO4014 ean=8435568400399 woo_id=16223 stock=0 pvpr=20.1662
[2026-04-07 07:14:22] UPDATED sku=PROFESSIONAL2PL ean=8414234739582 woo_id=16095 stock=0 pvpr=58.00346
[2026-04-07 07:14:22] UPDATED sku=BV 9650 ean=8436044538995 woo_id=15776 stock=7 pvpr=110.84574
[2026-04-07 07:14:22] UPDATED sku=CU4100 ean=8435568400221 woo_id=15153 stock=10 pvpr=37.52964
[2026-04-07 07:14:22] UPDATED sku=MHP3500 ean=8436044539282 woo_id=15837 stock=0 pvpr=111.37553
[2026-04-07 07:14:22] UPDATED sku=BR2520V0 ean=3121040076743 woo_id=12307 stock=2 pvpr=28.3694
[2026-04-07 07:14:22] UPDATED sku=QP6400 ean=8435568400610 woo_id=12221 stock=0 pvpr=9.00643
[2026-04-07 07:14:22] UPDATED sku=732K ean=8436584381037 woo_id=15876 stock=14 pvpr=13.21057
[2026-04-07 07:14:22] UPDATED sku=BV6575 ean=8435568400108 woo_id=15792 stock=5 pvpr=49.28756
[2026-04-07 07:14:22] UPDATED sku=300BT ean=4210201276395 woo_id=11976 stock=0 pvpr=90.35483
[2026-04-07 07:14:22] UPDATED sku=SES9002FLEX ean=4210201234746 woo_id=12099 stock=0 pvpr=199.81628
[2026-04-07 07:14:22] UPDATED sku=PL225 ean=8421078034841 woo_id=18648 stock=0 pvpr=23.82346
[2026-04-07 07:14:22] UPDATED sku=FO3520 ean=8435568400702 woo_id=15074 stock=0 pvpr=164.47416
[2026-04-07 07:14:22] UPDATED sku=FO2720 ean=8435568400696 woo_id=15082 stock=7 pvpr=113.1358
[2026-04-07 07:14:22] UPDATED sku=MZ670 ean=8421078034568 woo_id=16535 stock=2 pvpr=69.84683
[2026-04-07 07:14:22] UPDATED sku=BT265 ean=8421078035077 woo_id=17444 stock=55 pvpr=40.69129
[2026-04-07 07:14:22] UPDATED sku=9710 ean=4210201285182 woo_id=12097 stock=0 pvpr=167.36237
[2026-04-07 07:14:22] UPDATED sku=5610 ean=4210201285519 woo_id=12095 stock=0 pvpr=100.43793
[2026-04-07 07:14:22] UPDATED sku=BA3250 ean=8435568401112 woo_id=15726 stock=5 pvpr=25.20775
[2026-04-07 07:14:22] UPDATED sku=MITHOSAVANT ean=8414234022226 woo_id=12086 stock=6 pvpr=19.10662
[2026-04-07 07:14:22] UPDATED sku=TO3060 ean=8435568401440 woo_id=16201 stock=3 pvpr=25.89135
[2026-04-07 07:14:22] UPDATED sku=BT157 ean=8421078035152 woo_id=15911 stock=0 pvpr=36.35043
[2026-04-07 07:14:22] UPDATED sku=IS1012BL ean=8021098280503 woo_id=19036 stock=66 pvpr=116.57089
[2026-04-07 07:14:22] UPDATED sku=QA110810 ean=3016661163753 woo_id=16546 stock=4 pvpr=101.77095
[2026-04-07 07:14:22] UPDATED sku=AC9736WO ean=3221616001152 woo_id=33895 stock=4 pvpr=113.78522
[2026-04-07 07:14:22] UPDATED sku=SF3210F0 ean=3121040078853 woo_id=12395 stock=0 pvpr=27.71998
[2026-04-07 07:14:22] UPDATED sku=DW4345D1 ean=4210101969274 woo_id=18455 stock=25 pvpr=57.81547
[2026-04-07 07:14:22] UPDATED sku=MYSANDWICH ean=8414234689474 woo_id=16118 stock=7 pvpr=23.63547
[2026-04-07 07:14:22] UPDATED sku=FOODIE ean=8414234250131 woo_id=15088 stock=0 pvpr=204.00333
[2026-04-07 07:14:22] UPDATED sku=BT2760 ean=8435568401556 woo_id=15939 stock=0 pvpr=32.07793
[2026-04-07 07:14:22] UPDATED sku=BV3400 ean=8435568400139 woo_id=15784 stock=0 pvpr=47.27094
[2026-04-07 07:14:22] UPDATED sku=DCF02PGEU ean=8017709280536 woo_id=33323 stock=2 pvpr=188.70778
[2026-04-07 07:14:22] UPDATED sku=VR8322 ean=3121040077498 woo_id=18960 stock=11 pvpr=149.8793
[2026-04-07 07:14:22] UPDATED sku=SLIDINGPRO2400 ean=8414234186881 woo_id=18335 stock=0 pvpr=129.84982
[2026-04-07 07:14:22] UPDATED sku=GR2600 ean=8421078035534 woo_id=16160 stock=0 pvpr=76.97336
[2026-04-07 07:14:22] UPDATED sku=PP1065 ean=8421078035756 woo_id=12397 stock=6 pvpr=31.32597
[2026-04-07 07:14:22] UPDATED sku=SM100B ean=8421078033103 woo_id=12244 stock=2 pvpr=11.98009
[2026-04-07 07:14:22] UPDATED sku=81697104 ean=4210201263067 woo_id=11970 stock=0 pvpr=59.37066
[2026-04-07 07:14:22] UPDATED sku=BV5035 ean=8435568401853 woo_id=17036 stock=2 pvpr=30.23221
[2026-04-07 07:14:22] UPDATED sku=BV5040 ean=8435568401860 woo_id=16737 stock=11 pvpr=36.96567
[2026-04-07 07:14:22] UPDATED sku=ESP1010 ean=8435568401730 woo_id=12208 stock=6 pvpr=11.77501
[2026-04-07 07:14:22] UPDATED sku=ESP1020 ean=8435568401747 woo_id=12204 stock=0 pvpr=12.66369
[2026-04-07 07:14:22] UPDATED sku=CN12B ean=8421078035763 woo_id=12084 stock=10 pvpr=17.31217
[2026-04-07 07:14:22] UPDATED sku=DCF02PBEU ean=8017709280529 woo_id=33325 stock=0 pvpr=188.70778
[2026-04-07 07:14:22] UPDATED sku=TSF01BLEU ean=8017709187002 woo_id=16287 stock=5 pvpr=160.27002
[2026-04-07 07:14:22] UPDATED sku=DCF02BLEU ean=8017709280512 woo_id=33321 stock=2 pvpr=188.70778
[2026-04-07 07:14:22] UPDATED sku=PDA2032 ean=8436044539374 woo_id=15561 stock=0 pvpr=43.15225
[2026-04-07 07:14:22] UPDATED sku=PDA2040 ean=8436044539398 woo_id=15358 stock=8 pvpr=63.81406
[2026-04-07 07:14:22] UPDATED sku=HP4566 ean=8436044537929 woo_id=15329 stock=10 pvpr=118.65587
[2026-04-07 07:14:22] UPDATED sku=EV109 ean=8421078033943 woo_id=17118 stock=0 pvpr=43.61368
[2026-04-07 07:14:22] UPDATED sku=TT591 ean=8421078035350 woo_id=16292 stock=0 pvpr=46.12591
[2026-04-07 07:14:22] UPDATED sku=HBAT3700 ean=8436584381631 woo_id=14976 stock=0 pvpr=78.73363
[2026-04-07 07:14:22] UPDATED sku=SFH8532 ean=8436044531910 woo_id=15255 stock=4 pvpr=26.28442
[2026-04-07 07:14:22] UPDATED sku=PA4300 ean=8435568402072 woo_id=15835 stock=0 pvpr=23.87473
[2026-04-07 07:14:22] UPDATED sku=PA4350 ean=8435568402157 woo_id=15855 stock=2 pvpr=34.88069
[2026-04-07 07:14:22] UPDATED sku=FO2600 ean=8436044537271 woo_id=15064 stock=6 pvpr=68.13783
[2026-04-07 07:14:22] UPDATED sku=FO1600 ean=8436044537264 woo_id=15086 stock=0 pvpr=31.51396
[2026-04-07 07:14:22] UPDATED sku=AD5601 ean=6224008208280 woo_id=16431 stock=0 pvpr=47.21967
[2026-04-07 07:14:22] UPDATED sku=GEYSERECO2700 ean=8414234187840 woo_id=18352 stock=0 pvpr=40.31531
[2026-04-07 07:14:22] UPDATED sku=ESTATIONGREY ean=8414234135285 woo_id=16548 stock=0 pvpr=26.86548
[2026-04-07 07:14:22] UPDATED sku=RESPIRE ean=8414234739728 woo_id=15666 stock=0 pvpr=90.7479
[2026-04-07 07:14:22] UPDATED sku=BT1056 ean=8421078035244 woo_id=15927 stock=0 pvpr=121.32191
[2026-04-07 07:14:22] UPDATED sku=PE2815 ean=8435568402515 woo_id=17519 stock=3 pvpr=30.40311
[2026-04-07 07:14:22] UPDATED sku=CTP1020 ean=8435568402379 woo_id=12058 stock=5 pvpr=15.2101
[2026-04-07 07:14:22] UPDATED sku=AM8000 ean=8435568402690 woo_id=16636 stock=0 pvpr=157.80906
[2026-04-07 07:14:22] UPDATED sku=TO4500 ean=8435568402577 woo_id=18810 stock=0 pvpr=47.27094
[2026-04-07 07:14:22] UPDATED sku=XT5100 ean=4210201400400 woo_id=11980 stock=0 pvpr=59.74664
[2026-04-07 07:14:22] UPDATED sku=ULTIMATEGOANIMA ean=8414234488909 woo_id=33868 stock=0 pvpr=191.01493
[2026-04-07 07:14:22] UPDATED sku=DW5310 ean=4210101974735 woo_id=19040 stock=0 pvpr=71.74382
[2026-04-07 07:14:22] UPDATED sku=BT795 ean=8421078035510 woo_id=16721 stock=0 pvpr=64.24131
[2026-04-07 07:14:22] UPDATED sku=AR393 ean=8421078035480 woo_id=15289 stock=0 pvpr=34.96614
[2026-04-07 07:14:22] UPDATED sku=JEGR2851 ean=8421078036388 woo_id=16179 stock=36 pvpr=67.14661
[2026-04-07 07:14:22] UPDATED sku=BA3600 ean=8435568402522 woo_id=16723 stock=0 pvpr=28.81374
[2026-04-07 07:14:22] UPDATED sku=EX6000 ean=8435568400733 woo_id=33483 stock=0 pvpr=122.09096
[2026-04-07 07:14:22] UPDATED sku=FDR60 ean=8435568403413 woo_id=15668 stock=9 pvpr=77.63987
[2026-04-07 07:14:22] UPDATED sku=VINTAGECREAM ean=8414234606563 woo_id=16209 stock=0 pvpr=66.85608
[2026-04-07 07:14:22] UPDATED sku=VINTAGERED ean=8414234585271 woo_id=15105 stock=0 pvpr=34.36799
[2026-04-07 07:14:22] UPDATED sku=VINTAGE ean=8414234585264 woo_id=15137 stock=0 pvpr=47.76655
[2026-04-07 07:14:22] UPDATED sku=EX5500 ean=8435568402706 woo_id=33511 stock=5 pvpr=125.47478
[2026-04-07 07:14:22] UPDATED sku=MP2000 ean=8435568401723 woo_id=15805 stock=0 pvpr=52.89355
[2026-04-07 07:14:22] UPDATED sku=913526000 ean=8414234135261 woo_id=16537 stock=0 pvpr=132.75512
[2026-04-07 07:14:22] UPDATED sku=FDR65 ean=8435568403406 woo_id=15703 stock=6 pvpr=81.58766
[2026-04-07 07:14:22] UPDATED sku=EB503CROSSBLACK ean=4210201325413 woo_id=11874 stock=0 pvpr=19.56805
[2026-04-07 07:14:22] UPDATED sku=SET5600 ean=8436044538773 woo_id=12197 stock=2 pvpr=29.54861
[2026-04-07 07:14:22] UPDATED sku=SVT1000 ean=8435568401754 woo_id=18362 stock=0 pvpr=35.68392
[2026-04-07 07:14:22] UPDATED sku=CU2500 ean=8435568403529 woo_id=16476 stock=1 pvpr=9.24569
[2026-04-07 07:14:22] UPDATED sku=S546617 ean=8710103993827 woo_id=11984 stock=258 pvpr=86.16778
[2026-04-07 07:14:26] UPDATED sku=BALTIC ean=8414234189776 woo_id=18975 stock=0 pvpr=24.11399
[2026-04-07 07:14:26] UPDATED sku=ECAM290 ean=8004399021419 woo_id=33121 stock=0 pvpr=763.11977
[2026-04-07 07:14:26] UPDATED sku=TSBW01 ean=8017709189358 woo_id=16239 stock=0 pvpr=18.799
[2026-04-07 07:14:26] UPDATED sku=PC4200 ean=8435568404014 woo_id=16316 stock=2 pvpr=11.84337
[2026-04-07 07:14:26] UPDATED sku=MQ3125B ean=8021098001498 woo_id=15093 stock=0 pvpr=86.25323
[2026-04-07 07:14:26] UPDATED sku=NEPTUNOPLUS ean=8414234606518 woo_id=18733 stock=29 pvpr=34.36799
[2026-04-07 07:14:26] UPDATED sku=HOMELANDLASER ean=8414234488954 woo_id=34011 stock=0 pvpr=300.63019
[2026-04-07 07:14:26] UPDATED sku=EO2000 ean=8435568403796 woo_id=16043 stock=6 pvpr=16.13296
[2026-04-07 07:14:26] UPDATED sku=SHINING2400IONI ean=8414234003867 woo_id=12425 stock=6 pvpr=47.76655
[2026-04-07 07:14:26] UPDATED sku=FASHION2200PURE ean=8414234007971 woo_id=12427 stock=0 pvpr=30.0784
[2026-04-07 07:14:26] UPDATED sku=JEEX1422 ean=8421078037132 woo_id=17124 stock=3 pvpr=24.67796
[2026-04-07 07:14:26] UPDATED sku=JEBT1852 ean=8421078037217 woo_id=15992 stock=4 pvpr=40.12732
[2026-04-07 07:14:26] UPDATED sku=JEMA1502 ean=8421078036937 woo_id=16630 stock=1 pvpr=142.71859
[2026-04-07 07:14:26] UPDATED sku=JEFR1222 ean=8421078036661 woo_id=15691 stock=18 pvpr=62.87411
[2026-04-07 07:14:26] UPDATED sku=JEFR1223 ean=8421078037224 woo_id=15664 stock=0 pvpr=42.41738
[2026-04-07 07:14:26] UPDATED sku=JEYG2266 ean=8421078037118 woo_id=15335 stock=1 pvpr=36.62387
[2026-04-07 07:14:26] UPDATED sku=JEGR1106 ean=8421078037156 woo_id=17253 stock=6 pvpr=38.91393
[2026-04-07 07:14:26] UPDATED sku=01627 ean=8435484016278 woo_id=33186 stock=0 pvpr=397.29123
[2026-04-07 07:14:26] UPDATED sku=JEGR0550 ean=8421078037293 woo_id=17481 stock=0 pvpr=73.50409
[2026-04-07 07:14:26] UPDATED sku=FDR64 ean=8435568404274 woo_id=15670 stock=24 pvpr=79.89575
[2026-04-07 07:14:26] UPDATED sku=JEBT1001 ean=8421078037125 woo_id=15929 stock=0 pvpr=33.13751
[2026-04-07 07:14:26] UPDATED sku=JEHA1038 ean=8421078037194 woo_id=16133 stock=0 pvpr=30.50565
[2026-04-07 07:14:26] UPDATED sku=HPAE2132 ean=8436584382737 woo_id=15310 stock=0 pvpr=33.25714
[2026-04-07 07:14:26] UPDATED sku=INCEPTION ean=8414234905550 woo_id=12316 stock=4 pvpr=16.13296
[2026-04-07 07:14:26] UPDATED sku=SE1160 ean=8435568404229 woo_id=12429 stock=0 pvpr=14.47523
[2026-04-07 07:14:26] UPDATED sku=JELI1580 ean=8421078037538 woo_id=15794 stock=7 pvpr=49.97116
[2026-04-07 07:14:26] UPDATED sku=TOV6210 ean=8435568404892 woo_id=16219 stock=4 pvpr=42.2123
[2026-04-07 07:14:26] UPDATED sku=STUDIO2500 ean=8414234001153 woo_id=12441 stock=6 pvpr=19.96112
[2026-04-07 07:14:26] UPDATED sku=GLOW1500 ean=8414234001177 woo_id=12436 stock=7 pvpr=20.62763
[2026-04-07 07:14:26] UPDATED sku=VE7361 ean=3121040085400 woo_id=18666 stock=5 pvpr=139.6253
[2026-04-07 07:14:26] UPDATED sku=E2490444 ean=3168430333864 woo_id=15602 stock=0 pvpr=31.75322
[2026-04-07 07:14:26] UPDATED sku=E20905 ean=3168430333895 woo_id=15598 stock=4 pvpr=34.64143
[2026-04-07 07:14:26] UPDATED sku=E2490644 ean=3168430333888 woo_id=15600 stock=4 pvpr=38.65758
[2026-04-07 07:14:26] UPDATED sku=17798 ean=8435568402874 woo_id=16438 stock=0 pvpr=6.3233
[2026-04-07 07:14:26] UPDATED sku=17799 ean=8435568402881 woo_id=15396 stock=8 pvpr=10.27109
[2026-04-07 07:14:26] UPDATED sku=BNR2900 ean=8435568402836 woo_id=15413 stock=5 pvpr=9.60458
[2026-04-07 07:14:26] UPDATED sku=BT5420 ean=4210201448037 woo_id=11904 stock=0 pvpr=74.20478
[2026-04-07 07:14:26] UPDATED sku=1050811 ean=4006387121846 woo_id=15868 stock=2 pvpr=36.12826
[2026-04-07 07:14:26] UPDATED sku=STATIONINOX ean=8414234135292 woo_id=15731 stock=0 pvpr=38.19615
[2026-04-07 07:14:26] UPDATED sku=PRO1BLACK ean=8006540771457 woo_id=11894 stock=25 pvpr=62.70321
[2026-04-07 07:14:26] UPDATED sku=PRO1CARIBEEANBL ean=8006540771914 woo_id=11891 stock=37 pvpr=62.70321
[2026-04-07 07:14:26] UPDATED sku=PRO1PINK ean=8006540771501 woo_id=11897 stock=5 pvpr=62.70321
[2026-04-07 07:14:26] UPDATED sku=VITALITYPROAZUL ean=4210201446392 woo_id=11859 stock=32 pvpr=41.51161
[2026-04-07 07:14:26] UPDATED sku=EB503FFSCRO ean=8006540886786 woo_id=11881 stock=36 pvpr=19.9953
[2026-04-07 07:14:26] UPDATED sku=EB50BRX6CT ean=8006540887165 woo_id=11842 stock=10 pvpr=35.05159
[2026-04-07 07:14:26] UPDATED sku=GR4580 ean=8435568404908 woo_id=15752 stock=5 pvpr=65.2838
[2026-04-07 07:14:26] UPDATED sku=DA2000 ean=8435568404250 woo_id=15287 stock=15 pvpr=8.90389
[2026-04-07 07:14:26] UPDATED sku=CENTRIFUGADORA ean=8436584384441 woo_id=16457 stock=5 pvpr=7.84431
[2026-04-07 07:14:26] UPDATED sku=HMAQ4506 ean=8436584384274 woo_id=15798 stock=0 pvpr=10.52744
[2026-04-07 07:14:26] UPDATED sku=HTEN2370 ean=8436584384595 woo_id=18757 stock=2 pvpr=19.05535
[2026-04-07 07:14:26] UPDATED sku=HTEN2375 ean=8436584384601 woo_id=14014 stock=16 pvpr=29.00173
[2026-04-07 07:14:26] UPDATED sku=FDR68 ean=8435568405424 woo_id=15683 stock=0 pvpr=100.1474
[2026-04-07 07:14:26] UPDATED sku=S314300 ean=8720689018531 woo_id=12017 stock=111 pvpr=76.97336
[2026-04-07 07:14:26] UPDATED sku=S114200 ean=8720689018821 woo_id=12015 stock=0 pvpr=43.9213
[2026-04-07 07:14:26] UPDATED sku=IO3MATTBLACK ean=8006540730898 woo_id=12349 stock=10 pvpr=127.55976
[2026-04-07 07:14:26] UPDATED sku=KIDSFROZENFUNDA ean=8006540773178 woo_id=11901 stock=48 pvpr=37.27329
[2026-04-07 07:14:26] UPDATED sku=OXIJET4CABEZALE ean=8006540841433 woo_id=11887 stock=16 pvpr=94.38807
[2026-04-07 07:14:26] UPDATED sku=BS1400 ean=3121040078921 woo_id=12301 stock=0 pvpr=14.59486
[2026-04-07 07:14:26] UPDATED sku=SF4621 ean=3121040085868 woo_id=12380 stock=0 pvpr=41.5287
[2026-04-07 07:14:26] UPDATED sku=CV5930 ean=3121040078112 woo_id=12462 stock=4 pvpr=36.35043
[2026-04-07 07:14:26] UPDATED sku=HOMELANDPOCKET ean=8414234482136 woo_id=33834 stock=11 pvpr=77.31516
[2026-04-07 07:14:26] UPDATED sku=PE2755 ean=8435568402348 woo_id=16436 stock=0 pvpr=38.82848
[2026-04-07 07:14:26] UPDATED sku=PE2715 ean=8435568401570 woo_id=15460 stock=0 pvpr=30.40311
[2026-04-07 07:14:26] UPDATED sku=AIRFRYDIGITAL6S ean=8414234739780 woo_id=15679 stock=0 pvpr=68.73598
[2026-04-07 07:14:26] UPDATED sku=EX5210 ean=8435568405554 woo_id=33354 stock=11 pvpr=96.78067
[2026-04-07 07:14:26] UPDATED sku=KT6040 ean=8435568400603 woo_id=15157 stock=7 pvpr=32.09502
[2026-04-07 07:14:26] UPDATED sku=TB2250 ean=8435568404496 woo_id=16183 stock=2 pvpr=40.43494
[2026-04-07 07:14:26] UPDATED sku=NBP003W ean=8006447002098 woo_id=17021 stock=1 pvpr=45.83538
[2026-04-07 07:14:26] UPDATED sku=ROBOT750EASYINO ean=8414234164032 woo_id=16990 stock=0 pvpr=26.76294
[2026-04-07 07:14:26] UPDATED sku=ROBOT750EASY ean=8414234164049 woo_id=17092 stock=13 pvpr=17.89323
[2026-04-07 07:14:26] UPDATED sku=SW4915 ean=8435568405837 woo_id=19048 stock=10 pvpr=21.0207
[2026-04-07 07:14:26] UPDATED sku=LI6000 ean=8436044538278 woo_id=17446 stock=12 pvpr=96.78067
[2026-04-07 07:14:26] UPDATED sku=AB31C1GG ean=7333394027999 woo_id=33823 stock=0 pvpr=115.16951
[2026-04-07 07:14:26] UPDATED sku=HOMELANDCYCLONE ean=8414234489487 woo_id=33912 stock=24 pvpr=212.58251
[2026-04-07 07:14:26] UPDATED sku=QP601B ean=8437015023434 woo_id=15851 stock=2 pvpr=90.95298
[2026-04-07 07:14:26] UPDATED sku=SV2250 ean=8435568406384 woo_id=18750 stock=26 pvpr=22.69552
[2026-04-07 07:14:26] UPDATED sku=KF200 ean=8436044522284 woo_id=33597 stock=5 pvpr=6.42584
[2026-04-07 07:14:26] UPDATED sku=KF100 ean=8436044522291 woo_id=33626 stock=3 pvpr=5.2979
[2026-04-07 07:14:26] UPDATED sku=EV3600 ean=8435568405868 woo_id=17110 stock=0 pvpr=53.47461
[2026-04-07 07:14:26] UPDATED sku=HPLA8214 ean=8436584382904 woo_id=18874 stock=0 pvpr=14.08216
[2026-04-07 07:14:26] UPDATED sku=JEGR1913 ean=8421078036906 woo_id=17234 stock=6 pvpr=68.68471
[2026-04-07 07:14:26] UPDATED sku=JEBT1500 ean=8421078036241 woo_id=17454 stock=118 pvpr=50.43259
[2026-04-07 07:14:26] UPDATED sku=JECF0300 ean=8421078036234 woo_id=14873 stock=0 pvpr=48.79195
[2026-04-07 07:14:26] UPDATED sku=JEEV2210 ean=8421078037187 woo_id=16015 stock=0 pvpr=48.86031
[2026-04-07 07:14:26] UPDATED sku=HOLL2226 ean=8436584381860 woo_id=15419 stock=8 pvpr=64.46348
[2026-04-07 07:14:26] UPDATED sku=KT6045 ean=8435568406407 woo_id=17439 stock=0 pvpr=25.89135
[2026-04-07 07:14:26] UPDATED sku=BG5360XT3100 ean=8700216635127 woo_id=12101 stock=45 pvpr=111.99077
[2026-04-07 07:14:26] UPDATED sku=AB51C1GG ean=7333394022048 woo_id=33817 stock=0 pvpr=132.56713
[2026-04-07 07:14:26] UPDATED sku=HB1700X ean=8414234164063 woo_id=16996 stock=0 pvpr=44.33146
[2026-04-07 07:14:26] UPDATED sku=PRIORINOX1800AD ean=8414234124777 woo_id=16981 stock=12 pvpr=71.9489
[2026-04-07 07:14:26] UPDATED sku=MYGRILLVINTAGEC ean=8414234684257 woo_id=17509 stock=0 pvpr=27.70289
[2026-04-07 07:14:26] UPDATED sku=EUFRIACOMPACT ean=8414234206381 woo_id=33527 stock=2 pvpr=133.14819
[2026-04-07 07:14:26] UPDATED sku=AIRFRYDIGITAL7S ean=8414234739933 woo_id=16504 stock=2 pvpr=96.64395
[2026-04-07 07:14:26] UPDATED sku=DIGITALFORCE200 ean=8414234003928 woo_id=12445 stock=7 pvpr=64.4293
[2026-04-07 07:14:26] UPDATED sku=FIDJI3000 ean=8414234189752 woo_id=18350 stock=0 pvpr=44.02384
[2026-04-07 07:14:26] UPDATED sku=TEXTILCARE ean=8414234489326 woo_id=33956 stock=5 pvpr=76.40939
[2026-04-07 07:14:26] UPDATED sku=HOMELANDDIGITAL ean=8414234489470 woo_id=33889 stock=0 pvpr=171.78868
[2026-04-07 07:14:26] UPDATED sku=MQ50001MWH ean=8021098004345 woo_id=16731 stock=0 pvpr=52.65429
[2026-04-07 07:14:26] UPDATED sku=ROBOT750PLUSINO ean=8414234164100 woo_id=16766 stock=0 pvpr=33.4964
[2026-04-07 07:14:26] UPDATED sku=IS7286 ean=8021098001023 woo_id=19081 stock=0 pvpr=450.1506
[2026-04-07 07:14:30] UPDATED sku=BV15350 ean=8435568406681 woo_id=17050 stock=9 pvpr=54.87599
[2026-04-07 07:14:30] UPDATED sku=AM6600 ean=8435568405523 woo_id=16544 stock=0 pvpr=97.90861
[2026-04-07 07:14:30] UPDATED sku=JEML1150 ean=8421078039112 woo_id=33696 stock=6 pvpr=17.39762
[2026-04-07 07:14:30] UPDATED sku=IS5249BK ean=8021098003713 woo_id=19061 stock=0 pvpr=304.57798
[2026-04-07 07:14:30] UPDATED sku=FDR8020 ean=8435568406841 woo_id=16512 stock=0 pvpr=103.51413
[2026-04-07 07:14:30] UPDATED sku=KT6024 ean=8435568406971 woo_id=17269 stock=7 pvpr=27.58326
[2026-04-07 07:14:30] UPDATED sku=GR3810 ean=8435568407060 woo_id=17251 stock=0 pvpr=40.75965
[2026-04-07 07:14:30] UPDATED sku=HCAF2406 ean=8436584384731 woo_id=33642 stock=0 pvpr=18.20085
[2026-04-07 07:14:30] UPDATED sku=HCAF2409 ean=8436584384748 woo_id=33632 stock=4 pvpr=20.88398
[2026-04-07 07:14:30] UPDATED sku=AP4600 ean=8435568406957 woo_id=33880 stock=1 pvpr=156.40768
[2026-04-07 07:14:30] UPDATED sku=GS5011PU ean=8021098003928 woo_id=18366 stock=3 pvpr=68.25746
[2026-04-07 07:14:30] UPDATED sku=SFB9030 ean=8436044539213 woo_id=15437 stock=8 pvpr=24.2678
[2026-04-07 07:14:30] UPDATED sku=CJF11CREU ean=8017709318888 woo_id=17140 stock=0 pvpr=160.27002
[2026-04-07 07:14:30] UPDATED sku=S7886/35 ean=8720689008167 woo_id=12113 stock=0 pvpr=162.54299
[2026-04-07 07:14:30] UPDATED sku=JETT1584 ean=8421078038696 woo_id=18962 stock=71 pvpr=34.31672
[2026-04-07 07:14:30] UPDATED sku=JEPC1250 ean=8421078036883 woo_id=17464 stock=0 pvpr=35.80355
[2026-04-07 07:14:30] UPDATED sku=1200PUREPLUS ean=8414234164179 woo_id=16757 stock=1 pvpr=38.70885
[2026-04-07 07:14:30] UPDATED sku=SW7560 ean=8435568406810 woo_id=17221 stock=0 pvpr=35.85482
[2026-04-07 07:14:30] UPDATED sku=KLF03CREU ean=8017709227852 woo_id=15857 stock=0 pvpr=160.27002
[2026-04-07 07:14:30] UPDATED sku=KLF03RDEU ean=8017709228095 woo_id=17281 stock=4 pvpr=160.27002
[2026-04-07 07:14:30] UPDATED sku=KLF03BLEU ean=8017709227791 woo_id=17410 stock=3 pvpr=160.27002
[2026-04-07 07:14:30] UPDATED sku=KLF03PGEU ean=8017709227975 woo_id=17390 stock=5 pvpr=160.27002
[2026-04-07 07:14:30] UPDATED sku=KLF05CREU ean=8017709302160 woo_id=17318 stock=3 pvpr=122.34731
[2026-04-07 07:14:30] UPDATED sku=KLF05RDEU ean=8017709302177 woo_id=17330 stock=8 pvpr=122.34731
[2026-04-07 07:14:30] UPDATED sku=KLF05BLEU ean=8017709302184 woo_id=17415 stock=3 pvpr=122.34731
[2026-04-07 07:14:30] UPDATED sku=KLF05PGEU ean=8017709302207 woo_id=15472 stock=2 pvpr=122.34731
[2026-04-07 07:14:30] UPDATED sku=TSF01CREU ean=8017709186920 woo_id=18710 stock=0 pvpr=160.27002
[2026-04-07 07:14:30] UPDATED sku=TSF01RDEU ean=8017709186968 woo_id=16285 stock=6 pvpr=160.27002
[2026-04-07 07:14:30] UPDATED sku=CJF11RDEU ean=8017709318925 woo_id=17158 stock=10 pvpr=160.27002
[2026-04-07 07:14:30] UPDATED sku=CJF11PGEU ean=8017709318901 woo_id=17146 stock=1 pvpr=160.27002
[2026-04-07 07:14:30] UPDATED sku=DCF02RDEU ean=8017709280505 woo_id=33317 stock=4 pvpr=188.70778
[2026-04-07 07:14:30] UPDATED sku=ECF02CREU ean=8017709324827 woo_id=33472 stock=0 pvpr=378.35551
[2026-04-07 07:14:30] UPDATED sku=ECF02RDEU ean=8017709324797 woo_id=33514 stock=9 pvpr=378.35551
[2026-04-07 07:14:30] UPDATED sku=ECF02BLEU ean=8017709324803 woo_id=33210 stock=9 pvpr=378.35551
[2026-04-07 07:14:30] UPDATED sku=ECF02PGEU ean=8017709324780 woo_id=33398 stock=7 pvpr=378.35551
[2026-04-07 07:14:30] UPDATED sku=TSF02RDEU ean=8017709190750 woo_id=16228 stock=4 pvpr=188.70778
[2026-04-07 07:14:30] UPDATED sku=TSF02BLEU ean=8017709190798 woo_id=18694 stock=2 pvpr=188.70778
[2026-04-07 07:14:30] UPDATED sku=TSF02PGEU ean=8017709190910 woo_id=16230 stock=0 pvpr=188.70778
[2026-04-07 07:14:30] UPDATED sku=ITACA220 ean=8414234187901 woo_id=18786 stock=0 pvpr=22.5588
[2026-04-07 07:14:30] UPDATED sku=BALE3200CERAMIC ean=8414234187086 woo_id=18664 stock=0 pvpr=45.06633
[2026-04-07 07:14:30] UPDATED sku=IO2NGRO ean=8700216612159 woo_id=12344 stock=0 pvpr=99.05364
[2026-04-07 07:14:30] UPDATED sku=IO2VERDE ean=8700216612258 woo_id=11851 stock=4 pvpr=99.05364
[2026-04-07 07:14:30] UPDATED sku=HBF03BLEU ean=8017709343774 woo_id=16789 stock=0 pvpr=122.34731
[2026-04-07 07:14:30] UPDATED sku=MQ50236MWH ean=8021098004369 woo_id=17074 stock=28 pvpr=78.9558
[2026-04-07 07:14:30] UPDATED sku=CJ5050WH ean=8021098003614 woo_id=17197 stock=0 pvpr=48.86031
[2026-04-07 07:14:30] UPDATED sku=EM450M ean=8004399032699 woo_id=33535 stock=0 pvpr=174.81361
[2026-04-07 07:14:30] UPDATED sku=JEFR1242 ean=8421078038757 woo_id=16530 stock=0 pvpr=112.38384
[2026-04-07 07:14:30] UPDATED sku=HBF11BLEU ean=8017709319588 woo_id=16816 stock=0 pvpr=74.93965
[2026-04-07 07:14:30] UPDATED sku=EC260BK ean=8004399334601 woo_id=33387 stock=1 pvpr=173.89075
[2026-04-07 07:14:30] UPDATED sku=JEAP1629 ean=8421078038986 woo_id=33926 stock=1 pvpr=138.68535
[2026-04-07 07:14:30] UPDATED sku=FO4000 ean=8435568401822 woo_id=15072 stock=1 pvpr=100.1474
[2026-04-07 07:14:30] UPDATED sku=JECG2721 ean=8421078039099 woo_id=15863 stock=0 pvpr=17.7736
[2026-04-07 07:14:30] UPDATED sku=QP201B ean=8437015023373 woo_id=15841 stock=0 pvpr=25.68627
[2026-04-07 07:14:30] UPDATED sku=ATLAS2800CERAMI ean=8414234187093 woo_id=18931 stock=0 pvpr=34.36799
[2026-04-07 07:14:30] UPDATED sku=MYTOASTDUPLOLEG ean=8414234606785 woo_id=17528 stock=0 pvpr=58.19145
[2026-04-07 07:14:30] UPDATED sku=LI5080 ean=8435568407664 woo_id=17448 stock=2 pvpr=70.54752
[2026-04-07 07:14:30] UPDATED sku=JECA1750 ean=8421078038658 woo_id=33350 stock=0 pvpr=22.61007
[2026-04-07 07:14:30] UPDATED sku=JEGR1124 ean=8421078039204 woo_id=16515 stock=0 pvpr=27.29273
[2026-04-07 07:14:30] UPDATED sku=JEBT1789 ean=8421078039563 woo_id=16716 stock=30 pvpr=39.73425
[2026-04-07 07:14:30] UPDATED sku=JEBT1788 ean=8421078038771 woo_id=16710 stock=0 pvpr=28.98464
[2026-04-07 07:14:30] UPDATED sku=HOLL2228 ean=8436584381877 woo_id=15353 stock=0 pvpr=68.34291
[2026-04-07 07:14:30] UPDATED sku=HOLL2230 ean=8436584381884 woo_id=15452 stock=5 pvpr=76.92209
[2026-04-07 07:14:30] UPDATED sku=EN80BNEGRA ean=8004399327924 woo_id=33283 stock=375 pvpr=89.61996
[2026-04-07 07:14:30] UPDATED sku=JBPP1503 ean=8421078040262 woo_id=12390 stock=6 pvpr=39.22155
[2026-04-07 07:14:30] UPDATED sku=80782583 ean=8700216373470 woo_id=11844 stock=17 pvpr=30.762
[2026-04-07 07:14:30] UPDATED sku=SBF3 ean=8700216456968 woo_id=11846 stock=5 pvpr=30.762
[2026-04-07 07:14:30] UPDATED sku=AIO3560 ean=7500435245197 woo_id=11865 stock=11 pvpr=42.74209
[2026-04-07 07:14:30] UPDATED sku=BT5560 ean=7500435244916 woo_id=11991 stock=6 pvpr=84.28788
[2026-04-07 07:14:30] UPDATED sku=BT3520 ean=7500435244978 woo_id=12025 stock=54 pvpr=50.09079
[2026-04-07 07:14:30] UPDATED sku=IN5012 ean=3121040094808 woo_id=33796 stock=0 pvpr=165.48247
[2026-04-07 07:14:30] UPDATED sku=916444000 ean=8414234164445 woo_id=17040 stock=0 pvpr=33.4964
[2026-04-07 07:14:30] UPDATED sku=916443000 ean=8414234164438 woo_id=16973 stock=0 pvpr=26.76294
[2026-04-07 07:14:30] UPDATED sku=916427000 ean=8414234164278 woo_id=17066 stock=109 pvpr=19.51678
[2026-04-07 07:14:30] UPDATED sku=912482000 ean=8414234124821 woo_id=17011 stock=3 pvpr=76.40939
[2026-04-07 07:14:30] UPDATED sku=920652000 ean=8414234206527 woo_id=33258 stock=0 pvpr=114.60554
[2026-04-07 07:14:30] UPDATED sku=900401000 ean=8414234004017 woo_id=12478 stock=0 pvpr=85.9627
[2026-04-07 07:14:30] UPDATED sku=900121000 ean=8414234001214 woo_id=12365 stock=6 pvpr=95.51601
[2026-04-07 07:14:30] UPDATED sku=BLC01BLMEU ean=8017709347451 woo_id=16937 stock=0 pvpr=454.20093
[2026-04-07 07:14:30] UPDATED sku=BLF03BLEU ean=8017709328467 woo_id=16773 stock=0 pvpr=236.11544
[2026-04-07 07:14:30] UPDATED sku=PBF01BLEU ean=8017709313029 woo_id=16877 stock=0 pvpr=122.34731
[2026-04-07 07:14:30] UPDATED sku=TSF01WHEU ean=8017709231057 woo_id=16249 stock=0 pvpr=160.27002
[2026-04-07 07:14:30] UPDATED sku=CJF11WHEU ean=8017709318932 woo_id=17163 stock=0 pvpr=160.27002
[2026-04-07 07:14:30] UPDATED sku=KLF05WHEU ean=8017709302221 woo_id=17336 stock=0 pvpr=122.34731
[2026-04-07 07:14:30] UPDATED sku=CGF11RDEU ean=8017709318000 woo_id=33735 stock=0 pvpr=217.16263
[2026-04-07 07:14:30] UPDATED sku=MFF11CREU ean=8017709316075 woo_id=16356 stock=0 pvpr=179.22283
[2026-04-07 07:14:30] UPDATED sku=WKF01PG ean=8017709347888 woo_id=17359 stock=1 pvpr=131.81517
[2026-04-07 07:14:30] UPDATED sku=KSF01PGWW ean=8017709344528 woo_id=16660 stock=2 pvpr=179.22283
[2026-04-07 07:14:30] UPDATED sku=HMF01PBEU ean=8017709301842 woo_id=16835 stock=0 pvpr=122.34731
[2026-04-07 07:14:30] UPDATED sku=HBF03PBEU ean=8017709343798 woo_id=16796 stock=0 pvpr=122.34731
[2026-04-07 07:14:30] UPDATED sku=EMC02EGMEU ean=8017709346973 woo_id=33452 stock=0 pvpr=1421.3753
[2026-04-07 07:14:30] UPDATED sku=CGF02SSEU ean=8017709339883 woo_id=33680 stock=0 pvpr=283.5231
[2026-04-07 07:14:30] UPDATED sku=TSF01EGMEU ean=8017709329662 woo_id=18703 stock=0 pvpr=188.70778
[2026-04-07 07:14:30] UPDATED sku=KLF03EGMEU ean=8017709329617 woo_id=17300 stock=0 pvpr=188.70778
[2026-04-07 07:14:30] UPDATED sku=KSC01EGMWW ean=8017709338206 woo_id=16684 stock=0 pvpr=141.30012
[2026-04-07 07:14:30] UPDATED sku=TSF01SBMEU ean=8017709343699 woo_id=18688 stock=0 pvpr=188.70778
[2026-04-07 07:14:30] UPDATED sku=KLF03SBMEU ean=8017709343736 woo_id=17417 stock=0 pvpr=188.70778
[2026-04-07 07:14:30] UPDATED sku=DCF02SBMEU ean=8017709344405 woo_id=33312 stock=0 pvpr=217.16263
[2026-04-07 07:14:30] UPDATED sku=BCC13BLMEU ean=8017709334970 woo_id=33152 stock=0 pvpr=757.63388
[2026-04-07 07:14:30] UPDATED sku=AP31CB18IW ean=7333394068237 woo_id=33907 stock=0 pvpr=153.09222
[2026-04-07 07:14:30] UPDATED sku=SW7150 ean=8435568407657 woo_id=17246 stock=0 pvpr=35.06868
[2026-04-07 07:14:33] UPDATED sku=BOA5000 ean=8435568403222 woo_id=15078 stock=0 pvpr=24.81468
[2026-04-07 07:14:33] UPDATED sku=JEAP1950 ean=8421078038597 woo_id=33939 stock=46 pvpr=96.01162
[2026-04-07 07:14:33] UPDATED sku=JEFR1226 ean=8421078037385 woo_id=15642 stock=0 pvpr=46.80951
[2026-04-07 07:14:33] UPDATED sku=AROA ean=8414234585653 woo_id=16155 stock=9 pvpr=28.65993
[2026-04-07 07:14:33] UPDATED sku=NBP016B ean=8006447003057 woo_id=17004 stock=3 pvpr=114.74226
[2026-04-07 07:14:33] UPDATED sku=HBAS1292 ean=8436584384984 woo_id=14888 stock=0 pvpr=12.61242
[2026-04-07 07:14:33] UPDATED sku=BA3750 ean=8435568403611 woo_id=16542 stock=1 pvpr=25.20775
[2026-04-07 07:14:33] UPDATED sku=KLF03PBEU ean=8017709227913 woo_id=17392 stock=0 pvpr=160.27002
[2026-04-07 07:14:33] UPDATED sku=FASHION2600IONI ean=8414234003942 woo_id=12485 stock=0 pvpr=36.94858
[2026-04-07 07:14:33] UPDATED sku=HIPNOSCOMPLET ean=8414234022271 woo_id=11928 stock=0 pvpr=31.15507
[2026-04-07 07:14:33] UPDATED sku=PRECISSION ean=8414234022288 woo_id=11917 stock=3 pvpr=26.78003
[2026-04-07 07:14:33] UPDATED sku=3SIDESHAVEIPX7 ean=8414234035417 woo_id=12006 stock=5 pvpr=33.25714
[2026-04-07 07:14:33] UPDATED sku=SLIDINGPERFECT2 ean=8414234187888 woo_id=19019 stock=2 pvpr=83.02322
[2026-04-07 07:14:33] UPDATED sku=EDG226X ean=8004399026650 woo_id=33251 stock=0 pvpr=124.46647
[2026-04-07 07:14:33] UPDATED sku=LS2M0810 ean=3045387290450 woo_id=19029 stock=4 pvpr=33.8382
[2026-04-07 07:14:33] UPDATED sku=KLF05PKEU ean=8017709302214 woo_id=17324 stock=0 pvpr=122.34731
[2026-04-07 07:14:33] UPDATED sku=KP1A3B10BLACK ean=3016661159121 woo_id=33230 stock=230 pvpr=56.70462
[2026-04-07 07:14:33] UPDATED sku=KSF01RDWW ean=8017709344559 woo_id=16666 stock=2 pvpr=179.22283
[2026-04-07 07:14:33] UPDATED sku=BCC11BLMEU ean=8017709334734 woo_id=33491 stock=0 pvpr=567.98615
[2026-04-07 07:14:33] UPDATED sku=BCC11WHMEU ean=8017709334819 woo_id=33485 stock=0 pvpr=567.98615
[2026-04-07 07:14:33] UPDATED sku=WKF01CR ean=8017709347871 woo_id=17349 stock=0 pvpr=131.81517
[2026-04-07 07:14:33] UPDATED sku=WKF01PK ean=8017709347932 woo_id=17366 stock=1 pvpr=131.81517
[2026-04-07 07:14:33] UPDATED sku=WKF01RD ean=8017709347925 woo_id=17373 stock=1 pvpr=131.81517
[2026-04-07 07:14:33] UPDATED sku=15009 ean=8436044521553 woo_id=15062 stock=0 pvpr=62.32723
[2026-04-07 07:14:33] UPDATED sku=15256 ean=8436044523519 woo_id=16085 stock=2 pvpr=119.40783
[2026-04-07 07:14:33] UPDATED sku=15489 ean=8436044525049 woo_id=12464 stock=12 pvpr=35.11995
[2026-04-07 07:14:33] UPDATED sku=15404 ean=8436044524097 woo_id=33574 stock=0 pvpr=12.21935
[2026-04-07 07:14:33] UPDATED sku=15156 ean=8436044522772 woo_id=33083 stock=3 pvpr=1.5381
[2026-04-07 07:14:33] UPDATED sku=15188 ean=8436044522987 woo_id=18925 stock=0 pvpr=64.13877
[2026-04-07 07:14:33] UPDATED sku=FDR25 ean=8436044523489 woo_id=16093 stock=1 pvpr=55.76467
[2026-04-07 07:14:33] UPDATED sku=FDR35 ean=8436044523496 woo_id=19009 stock=0 pvpr=58.49907
[2026-04-07 07:14:33] UPDATED sku=KF900 ean=8436044522253 woo_id=33607 stock=0 pvpr=12.69787
[2026-04-07 07:14:33] UPDATED sku=TP2000 ean=8436044522970 woo_id=19013 stock=13 pvpr=43.03262
[2026-04-07 07:14:33] UPDATED sku=KFS620 ean=8436044524080 woo_id=33572 stock=0 pvpr=9.65585
[2026-04-07 07:14:33] UPDATED sku=KFS1220 ean=8436044524103 woo_id=33568 stock=6 pvpr=15.41518
[2026-04-07 07:14:33] UPDATED sku=CTP5050 ean=8436044529276 woo_id=12043 stock=0 pvpr=39.78552
[2026-04-07 07:14:33] UPDATED sku=CTP1200 ean=8436044529436 woo_id=12048 stock=0 pvpr=20.3371
[2026-04-07 07:14:33] UPDATED sku=NV4100 ean=8436044530852 woo_id=15450 stock=0 pvpr=102.12984
[2026-04-07 07:14:33] UPDATED sku=SE2320 ean=8436044530340 woo_id=12421 stock=0 pvpr=22.81515
[2026-04-07 07:14:33] UPDATED sku=KT4500 ean=8436044530883 woo_id=15165 stock=1 pvpr=20.93525
[2026-04-07 07:14:33] UPDATED sku=KFN910 ean=8436044522314 woo_id=33658 stock=0 pvpr=13.53528
[2026-04-07 07:14:33] UPDATED sku=KFN1210 ean=8436044522307 woo_id=33562 stock=2 pvpr=14.85121
[2026-04-07 07:14:33] UPDATED sku=GDB3600 ean=8436044532320 woo_id=15762 stock=0 pvpr=29.66824
[2026-04-07 07:14:33] UPDATED sku=GDB4700 ean=8436044532337 woo_id=15566 stock=7 pvpr=42.3832
[2026-04-07 07:14:33] UPDATED sku=TP5000 ean=8436044523007 woo_id=18348 stock=5 pvpr=81.29713
[2026-04-07 07:14:33] UPDATED sku=SH5050 ean=8710103736691 woo_id=12032 stock=11 pvpr=41.016
[2026-04-07 07:14:33] UPDATED sku=SFB8200 ean=8436044532108 woo_id=15417 stock=12 pvpr=30.16385
[2026-04-07 07:14:33] UPDATED sku=SFB8300 ean=8436044532115 woo_id=15394 stock=11 pvpr=47.93745
[2026-04-07 07:14:33] UPDATED sku=EP3250 ean=8436044531583 woo_id=16035 stock=0 pvpr=25.15648
[2026-04-07 07:14:33] UPDATED sku=FO1700 ean=8436044533273 woo_id=16399 stock=1 pvpr=42.8959
[2026-04-07 07:14:33] UPDATED sku=FO2700 ean=8436044533280 woo_id=16433 stock=0 pvpr=87.31281
[2026-04-07 07:14:33] UPDATED sku=FO3500 ean=8436044533297 woo_id=16443 stock=0 pvpr=121.64662
[2026-04-07 07:14:33] UPDATED sku=PL357N ean=8421078027041 woo_id=18284 stock=0 pvpr=20.14911
[2026-04-07 07:14:33] UPDATED sku=CA290 ean=8421078032403 woo_id=33337 stock=0 pvpr=33.4964
[2026-04-07 07:14:33] UPDATED sku=FR278 ean=8421078031000 woo_id=17211 stock=6 pvpr=78.11839
[2026-04-07 07:14:33] UPDATED sku=SF124 ean=8436017658460 woo_id=15481 stock=0 pvpr=16.50894
[2026-04-07 07:14:33] UPDATED sku=SF126 ean=8436017658477 woo_id=15439 stock=0 pvpr=18.42302
[2026-04-07 07:14:33] UPDATED sku=CAX110 ean=8436017658187 woo_id=33660 stock=0 pvpr=16.42349
[2026-04-07 07:14:33] UPDATED sku=722 ean=8436017656619 woo_id=15870 stock=0 pvpr=12.21935
[2026-04-07 07:14:33] UPDATED sku=577 ean=8436017658095 woo_id=12283 stock=5 pvpr=35.56429
[2026-04-07 07:14:33] UPDATED sku=531 ean=8436017658088 woo_id=12324 stock=0 pvpr=14.71449
[2026-04-07 07:14:33] UPDATED sku=OPC4 ean=8436017657685 woo_id=14987 stock=0 pvpr=52.20995
[2026-04-07 07:14:33] UPDATED sku=OPC6 ean=8436017657692 woo_id=15378 stock=0 pvpr=61.64363
[2026-04-07 07:14:33] UPDATED sku=OPC8 ean=8436017657715 woo_id=15496 stock=4 pvpr=68.25746
[2026-04-07 07:14:33] UPDATED sku=OPC10 ean=8436017657722 woo_id=15374 stock=0 pvpr=74.25605
[2026-04-07 07:14:33] UPDATED sku=CAX104 ean=8436017658163 woo_id=33668 stock=0 pvpr=11.89464
[2026-04-07 07:14:33] UPDATED sku=CAX106 ean=8436017658170 woo_id=33662 stock=4 pvpr=13.65491
[2026-04-07 07:14:33] UPDATED sku=15134 ean=8436044522550 woo_id=33063 stock=0 pvpr=1.86281
[2026-04-07 07:14:33] UPDATED sku=TP6500 ean=8436044533433 woo_id=18343 stock=0 pvpr=118.58751
[2026-04-07 07:14:33] UPDATED sku=EXP4600 ean=8436044534164 woo_id=33378 stock=0 pvpr=50.63767
[2026-04-07 07:14:33] UPDATED sku=SF318 ean=8436017658620 woo_id=15421 stock=5 pvpr=14.93666
[2026-04-07 07:14:33] UPDATED sku=SF320 ean=8436017658637 woo_id=15428 stock=3 pvpr=15.8937
[2026-04-07 07:14:33] UPDATED sku=SF322 ean=8436017658644 woo_id=15054 stock=7 pvpr=17.84196
[2026-04-07 07:14:33] UPDATED sku=SF326 ean=8436017658668 woo_id=15009 stock=0 pvpr=22.62716
[2026-04-07 07:14:33] UPDATED sku=GR558 ean=8421078032649 woo_id=17488 stock=86 pvpr=64.27549
[2026-04-07 07:14:33] UPDATED sku=TT588 ean=8421078031932 woo_id=16197 stock=4 pvpr=38.89684
[2026-04-07 07:14:33] UPDATED sku=KFI660 ean=8436044534195 woo_id=33618 stock=0 pvpr=13.99671
[2026-04-07 07:14:33] UPDATED sku=KFI260 ean=8436044534171 woo_id=33675 stock=0 pvpr=9.96347
[2026-04-07 07:14:33] UPDATED sku=EX296 ean=8421078032564 woo_id=17122 stock=0 pvpr=18.23503
[2026-04-07 07:14:33] UPDATED sku=827 ean=8436017658873 woo_id=14929 stock=0 pvpr=18.26921
[2026-04-07 07:14:33] UPDATED sku=SC56B ean=8421078033110 woo_id=12466 stock=0 pvpr=25.39574
[2026-04-07 07:14:33] UPDATED sku=AP999 ean=8421078033158 woo_id=33839 stock=25 pvpr=86.38995
[2026-04-07 07:14:33] UPDATED sku=PL619C ean=8421078032663 woo_id=18288 stock=0 pvpr=37.06821
[2026-04-07 07:14:33] UPDATED sku=HA547 ean=8421078032014 woo_id=17425 stock=12 pvpr=20.47382
[2026-04-07 07:14:33] UPDATED sku=762 ean=8436017659078 woo_id=15890 stock=0 pvpr=16.73111
[2026-04-07 07:14:33] UPDATED sku=773 ean=8436017659061 woo_id=15872 stock=0 pvpr=18.61101
[2026-04-07 07:14:33] UPDATED sku=838 ean=8436017658538 woo_id=14937 stock=3 pvpr=15.62026
[2026-04-07 07:14:33] UPDATED sku=836 ean=8436017658514 woo_id=14933 stock=0 pvpr=10.78379
[2026-04-07 07:14:33] UPDATED sku=837 ean=8436017658521 woo_id=14935 stock=0 pvpr=15.22719
[2026-04-07 07:14:33] UPDATED sku=TP500 ean=8436017659245 woo_id=18282 stock=4 pvpr=54.94435
[2026-04-07 07:14:33] UPDATED sku=TES3650 ean=8436044534317 woo_id=12200 stock=3 pvpr=23.70383
[2026-04-07 07:14:33] UPDATED sku=MQ3135WH ean=8021098770745 woo_id=15979 stock=0 pvpr=82.25417
[2026-04-07 07:14:33] UPDATED sku=MQ3005 ean=8021098770578 woo_id=15941 stock=64 pvpr=54.53419
[2026-04-07 07:14:33] UPDATED sku=825 ean=8436017658866 woo_id=15388 stock=0 pvpr=16.56021
[2026-04-07 07:14:33] UPDATED sku=CAX112 ean=8436017659436 woo_id=33670 stock=0 pvpr=28.33522
[2026-04-07 07:14:33] UPDATED sku=GMA28 ean=8436017658910 woo_id=15002 stock=0 pvpr=31.4456
[2026-04-07 07:14:33] UPDATED sku=GP35 ean=8436017658927 woo_id=15011 stock=0 pvpr=36.45297
[2026-04-07 07:14:33] UPDATED sku=835 ean=8436017658507 woo_id=14931 stock=0 pvpr=9.79257
[2026-04-07 07:14:33] UPDATED sku=BT126 ean=8421078033240 woo_id=15917 stock=10 pvpr=20.3371
[2026-04-07 07:14:33] UPDATED sku=RE123X4 ean=8436017654523 woo_id=16397 stock=0 pvpr=18.71355
[2026-04-07 07:14:36] UPDATED sku=HPL4070 ean=8436044536168 woo_id=15177 stock=1 pvpr=51.27
[2026-04-07 07:14:36] UPDATED sku=MO3200 ean=8436044534232 woo_id=33746 stock=0 pvpr=18.86736
[2026-04-07 07:14:36] UPDATED sku=HPE8075 ean=8436044537226 woo_id=15174 stock=0 pvpr=134.95973
[2026-04-07 07:14:36] UPDATED sku=EP2350 ean=8436044535840 woo_id=16037 stock=6 pvpr=26.71167
[2026-04-07 07:14:36] UPDATED sku=BT185 ean=8421078033639 woo_id=15973 stock=85 pvpr=35.44466
[2026-04-07 07:14:36] UPDATED sku=PL221C ean=8421078033493 woo_id=18872 stock=6 pvpr=26.02807
[2026-04-07 07:14:36] UPDATED sku=CFI12 ean=8436017659849 woo_id=33628 stock=0 pvpr=27.94215
[2026-04-07 07:14:36] UPDATED sku=CFI9 ean=8436017659832 woo_id=33624 stock=0 pvpr=24.14817
[2026-04-07 07:14:36] UPDATED sku=PC2025 ean=8436044536021 woo_id=15899 stock=6 pvpr=23.65256
[2026-04-07 07:14:36] UPDATED sku=CCA3 ean=8436017658583 woo_id=33640 stock=9 pvpr=8.35701
[2026-04-07 07:14:36] UPDATED sku=CCA6 ean=8436017658590 woo_id=33614 stock=8 pvpr=10.61289
[2026-04-07 07:14:36] UPDATED sku=CCA9 ean=8436017658606 woo_id=33605 stock=28 pvpr=14.93666
[2026-04-07 07:14:36] UPDATED sku=719 ean=8436017659351 woo_id=15880 stock=0 pvpr=16.85074
[2026-04-07 07:14:36] UPDATED sku=MQ4018 ean=8436044536113 woo_id=12187 stock=11 pvpr=39.95642
[2026-04-07 07:14:36] UPDATED sku=MQ5030 ean=8436044536090 woo_id=12195 stock=0 pvpr=46.87787
[2026-04-07 07:14:36] UPDATED sku=HA701 ean=8421078032977 woo_id=17423 stock=0 pvpr=23.51584
[2026-04-07 07:14:36] UPDATED sku=MC66 ean=8436017659528 woo_id=15272 stock=0 pvpr=13.3302
[2026-04-07 07:14:36] UPDATED sku=CFM2022 ean=8436044537561 woo_id=15183 stock=5 pvpr=30.09549
[2026-04-07 07:14:36] UPDATED sku=CFM2024 ean=8436044537578 woo_id=15185 stock=9 pvpr=36.35043
[2026-04-07 07:14:36] UPDATED sku=CFM2028 ean=8436044537585 woo_id=15187 stock=3 pvpr=36.4017
[2026-04-07 07:14:36] UPDATED sku=CFH3020 ean=8436044537592 woo_id=15189 stock=0 pvpr=27.36109
[2026-04-07 07:14:36] UPDATED sku=CFH3024 ean=8436044537608 woo_id=15191 stock=0 pvpr=50.5864
[2026-04-07 07:14:36] UPDATED sku=GR3000 ean=8421078033813 woo_id=17507 stock=0 pvpr=108.26515
[2026-04-07 07:14:36] UPDATED sku=496N ean=8436017659610 woo_id=15878 stock=35 pvpr=18.73064
[2026-04-07 07:14:36] UPDATED sku=TT1043 ean=8421078033929 woo_id=19046 stock=29 pvpr=42.10976
[2026-04-07 07:14:36] UPDATED sku=ML133 ean=8421078033530 woo_id=33694 stock=0 pvpr=26.8313
[2026-04-07 07:14:36] UPDATED sku=SE2065 ean=8436044538353 woo_id=12443 stock=0 pvpr=21.84102
[2026-04-07 07:14:36] UPDATED sku=SE2074 ean=8436044538346 woo_id=12423 stock=1 pvpr=22.64425
[2026-04-07 07:14:36] UPDATED sku=CTP1840 ean=8436044538476 woo_id=12056 stock=3 pvpr=27.92506
[2026-04-07 07:14:36] UPDATED sku=AP4200 ean=8436044539107 woo_id=33865 stock=21 pvpr=145.28209
[2026-04-07 07:14:36] UPDATED sku=SFB9018 ean=8436044539152 woo_id=15238 stock=0 pvpr=12.78332
[2026-04-07 07:14:36] UPDATED sku=SFB9022 ean=8436044539176 woo_id=15327 stock=5 pvpr=16.95328
[2026-04-07 07:14:36] UPDATED sku=SFB9024 ean=8436044539183 woo_id=15528 stock=0 pvpr=17.22672
[2026-04-07 07:14:36] UPDATED sku=SFB9026 ean=8436044539190 woo_id=15504 stock=0 pvpr=18.30339
[2026-04-07 07:14:36] UPDATED sku=SFB9028 ean=8436044539206 woo_id=15487 stock=0 pvpr=20.76435
[2026-04-07 07:14:36] UPDATED sku=SFH9520 ean=8436044539237 woo_id=15236 stock=5 pvpr=19.51678
[2026-04-07 07:14:36] UPDATED sku=SFH9524 ean=8436044539244 woo_id=15240 stock=4 pvpr=19.08953
[2026-04-07 07:14:36] UPDATED sku=SFH9528 ean=8436044539251 woo_id=15242 stock=6 pvpr=30.0784
[2026-04-07 07:14:36] UPDATED sku=CDH3020 ean=8436044539299 woo_id=15195 stock=2 pvpr=38.23033
[2026-04-07 07:14:36] UPDATED sku=CDH3024 ean=8436044539305 woo_id=15197 stock=1 pvpr=47.93745
[2026-04-07 07:14:36] UPDATED sku=CDH3028 ean=8436044539312 woo_id=15199 stock=0 pvpr=58.24272
[2026-04-07 07:14:36] UPDATED sku=CDB1024 ean=8436044539329 woo_id=15443 stock=4 pvpr=44.12638
[2026-04-07 07:14:36] UPDATED sku=CDB1028 ean=8436044539336 woo_id=15509 stock=7 pvpr=62.46395
[2026-04-07 07:14:36] UPDATED sku=CDB1036 ean=8436044539350 woo_id=15568 stock=1 pvpr=99.25872
[2026-04-07 07:14:36] UPDATED sku=CFI6 ean=8436017659825 woo_id=33548 stock=2 pvpr=19.20916
[2026-04-07 07:14:36] UPDATED sku=T20 ean=8436584380283 woo_id=32602 stock=3 pvpr=11.21104
[2026-04-07 07:14:36] UPDATED sku=T26 ean=8436584380290 woo_id=15013 stock=0 pvpr=13.62073
[2026-04-07 07:14:36] UPDATED sku=SC47B ean=8421078034261 woo_id=12414 stock=0 pvpr=17.03873
[2026-04-07 07:14:36] UPDATED sku=PL120 ean=8421078033486 woo_id=18286 stock=29 pvpr=20.42255
[2026-04-07 07:14:36] UPDATED sku=TT1046 ean=8421078033936 woo_id=18654 stock=0 pvpr=51.38963
[2026-04-07 07:14:36] UPDATED sku=ML132 ean=8421078033806 woo_id=33692 stock=0 pvpr=22.28536
[2026-04-07 07:14:36] UPDATED sku=EX549 ean=8421078034391 woo_id=16066 stock=0 pvpr=31.70195
[2026-04-07 07:14:36] UPDATED sku=FR680 ean=8421078034896 woo_id=17215 stock=0 pvpr=61.14802
[2026-04-07 07:14:36] UPDATED sku=EX421 ean=8421078034650 woo_id=16033 stock=0 pvpr=17.07291
[2026-04-07 07:14:36] UPDATED sku=TT579 ean=8421078034476 woo_id=18927 stock=0 pvpr=30.11258
[2026-04-07 07:14:36] UPDATED sku=CL819 ean=8421078033776 woo_id=14939 stock=8 pvpr=51.18455
[2026-04-07 07:14:36] UPDATED sku=BA4400 ean=8435568400443 woo_id=16634 stock=0 pvpr=42.84463
[2026-04-07 07:14:36] UPDATED sku=JH01 ean=8436017654080 woo_id=15822 stock=7 pvpr=20.62763
[2026-04-07 07:14:36] UPDATED sku=CF920 ean=8436584381174 woo_id=14957 stock=0 pvpr=31.4456
[2026-04-07 07:14:36] UPDATED sku=CF922 ean=8436584381181 woo_id=14959 stock=0 pvpr=38.70885
[2026-04-07 07:14:36] UPDATED sku=532 ean=8436584380184 woo_id=12287 stock=0 pvpr=14.91957
[2026-04-07 07:14:36] UPDATED sku=MQ5235WH ean=8021098774903 woo_id=16729 stock=3 pvpr=103.49704
[2026-04-07 07:14:36] UPDATED sku=LV3580 ean=8435568401549 woo_id=33992 stock=0 pvpr=44.86125
[2026-04-07 07:14:36] UPDATED sku=YU2350 ean=8435568401457 woo_id=15103 stock=0 pvpr=37.88853
[2026-04-07 07:14:36] UPDATED sku=CF1053 ean=8421078035053 woo_id=14871 stock=0 pvpr=117.51084
[2026-04-07 07:14:36] UPDATED sku=MP36B ean=8421078035695 woo_id=12071 stock=1 pvpr=23.87473
[2026-04-07 07:14:36] UPDATED sku=SC43B ean=8421078035688 woo_id=12401 stock=0 pvpr=27.63453
[2026-04-07 07:14:36] UPDATED sku=AP998 ean=8421078035589 woo_id=33792 stock=7 pvpr=121.21937
[2026-04-07 07:14:36] UPDATED sku=PE2855 ean=8435568401464 woo_id=16189 stock=3 pvpr=38.82848
[2026-04-07 07:14:36] UPDATED sku=PS33B ean=8421078034087 woo_id=12036 stock=0 pvpr=26.3186
[2026-04-07 07:14:36] UPDATED sku=HCAF2006 ean=8436584381907 woo_id=33650 stock=10 pvpr=18.59392
[2026-04-07 07:14:36] UPDATED sku=HCAF2009 ean=8436584381914 woo_id=33638 stock=5 pvpr=24.0969
[2026-04-07 07:14:36] UPDATED sku=HCAF2012 ean=8436584381921 woo_id=33550 stock=4 pvpr=30.06131
[2026-04-07 07:14:36] UPDATED sku=JEBT5026 ean=8421078035749 woo_id=15923 stock=25 pvpr=44.02384
[2026-04-07 07:14:36] UPDATED sku=SW7100 ean=8435568402454 woo_id=16116 stock=0 pvpr=49.47555
[2026-04-07 07:14:36] UPDATED sku=PL1150 ean=8435568402140 woo_id=35906 stock=2 pvpr=13.85999
[2026-04-07 07:14:36] UPDATED sku=PC2026 ean=8435568400832 woo_id=15886 stock=0 pvpr=27.53199
[2026-04-07 07:14:36] UPDATED sku=PL1058C ean=8421078035381 woo_id=18290 stock=98 pvpr=40.48621
[2026-04-07 07:14:36] UPDATED sku=KLF04BLEU ean=8017709231309 woo_id=17398 stock=0 pvpr=188.70778
[2026-04-07 07:14:36] UPDATED sku=HUBBLE ean=8414234039125 woo_id=12060 stock=0 pvpr=25.77172
[2026-04-07 07:14:36] UPDATED sku=TEM8000 ean=8435568402539 woo_id=12218 stock=2 pvpr=22.52462
[2026-04-07 07:14:36] UPDATED sku=AC29 ean=8436017660272 woo_id=14894 stock=0 pvpr=2.54641
[2026-04-07 07:14:36] UPDATED sku=AC1 ean=8436017660142 woo_id=15462 stock=0 pvpr=3.72562
[2026-04-07 07:14:36] UPDATED sku=AC2 ean=8436017660159 woo_id=15464 stock=0 pvpr=3.64017
[2026-04-07 07:14:36] UPDATED sku=AC3 ean=8436017660166 woo_id=15466 stock=0 pvpr=3.33255
[2026-04-07 07:14:36] UPDATED sku=AC4 ean=8436017660173 woo_id=14898 stock=0 pvpr=3.67435
[2026-04-07 07:14:36] UPDATED sku=AC36 ean=8436584380221 woo_id=15305 stock=0 pvpr=3.48636
[2026-04-07 07:14:36] UPDATED sku=AC30 ean=8436017660289 woo_id=14927 stock=0 pvpr=5.19536
[2026-04-07 07:14:36] UPDATED sku=AC32 ean=8436017660302 woo_id=14902 stock=0 pvpr=5.33208
[2026-04-07 07:14:36] UPDATED sku=AC25 ean=8436017660234 woo_id=14904 stock=0 pvpr=7.19489
[2026-04-07 07:14:36] UPDATED sku=AC37 ean=8436584381051 woo_id=15764 stock=0 pvpr=3.96488
[2026-04-07 07:14:36] UPDATED sku=AC38 ean=8436584381068 woo_id=15322 stock=0 pvpr=6.73346
[2026-04-07 07:14:36] UPDATED sku=HACC4500 ean=8436584382041 woo_id=15468 stock=0 pvpr=10.47617
[2026-04-07 07:14:36] UPDATED sku=MC68 ean=8436017659542 woo_id=15303 stock=0 pvpr=11.77501
[2026-04-07 07:14:36] UPDATED sku=AC57E ean=8436584380375 woo_id=15796 stock=5 pvpr=8.80135
[2026-04-07 07:14:36] UPDATED sku=AC55 ean=8436017660616 woo_id=16000 stock=0 pvpr=20.71308
[2026-04-07 07:14:36] UPDATED sku=SW4200 ean=8435568402416 woo_id=16105 stock=1 pvpr=21.84102
[2026-04-07 07:14:36] UPDATED sku=HTER5500 ean=8436584382027 woo_id=14942 stock=0 pvpr=12.40734
[2026-04-07 07:14:36] UPDATED sku=JBSC1065 ean=8421078036562 woo_id=12472 stock=0 pvpr=30.02713
[2026-04-07 07:14:36] UPDATED sku=JEFR1221 ean=8421078036265 woo_id=15655 stock=1 pvpr=52.31249
[2026-04-07 07:14:39] UPDATED sku=JEFR1225 ean=8421078036654 woo_id=15660 stock=13 pvpr=79.82739
[2026-04-07 07:14:39] UPDATED sku=HBAS1415 ean=8436584382645 woo_id=12289 stock=0 pvpr=17.32926
[2026-04-07 07:14:39] UPDATED sku=JBCP4000 ean=8421078036555 woo_id=12073 stock=15 pvpr=45.90374
[2026-04-07 07:14:39] UPDATED sku=JELI1201 ean=8421078036357 woo_id=15788 stock=35 pvpr=68.94106
[2026-04-07 07:14:39] UPDATED sku=JEOL2145 ean=8421078036548 woo_id=14991 stock=0 pvpr=96.54141
[2026-04-07 07:14:39] UPDATED sku=HBAL1202 ean=8436584381839 woo_id=15874 stock=5 pvpr=12.78332
[2026-04-07 07:14:39] UPDATED sku=HTER2150 ean=8436584382683 woo_id=15298 stock=0 pvpr=9.09188
[2026-04-07 07:14:39] UPDATED sku=JBCA1901 ean=8421078036616 woo_id=12373 stock=7 pvpr=37.15366
[2026-04-07 07:14:39] UPDATED sku=JBMA1400 ean=8421078036319 woo_id=11962 stock=0 pvpr=30.79618
[2026-04-07 07:14:39] UPDATED sku=JBSC1070 ean=8421078036579 woo_id=12406 stock=8 pvpr=28.16432
[2026-04-07 07:14:39] UPDATED sku=JESW1231 ean=8421078036715 woo_id=17217 stock=0 pvpr=20.14911
[2026-04-07 07:14:39] UPDATED sku=GR53 ean=8436584380665 woo_id=15360 stock=0 pvpr=35.32503
[2026-04-07 07:14:39] UPDATED sku=HACC4530 ean=8436584383062 woo_id=15515 stock=0 pvpr=7.46833
[2026-04-07 07:14:39] UPDATED sku=QP6500 ean=8435568400450 woo_id=12212 stock=1 pvpr=23.94309
[2026-04-07 07:14:39] UPDATED sku=JBSM1200 ean=8421078036340 woo_id=12182 stock=0 pvpr=48.38179
[2026-04-07 07:14:39] UPDATED sku=HPLA8100 ean=8436584381655 woo_id=18898 stock=0 pvpr=38.98229
[2026-04-07 07:14:39] UPDATED sku=290N ean=8436017659962 woo_id=12333 stock=2 pvpr=12.85168
[2026-04-07 07:14:39] UPDATED sku=GR33 ean=8436017659689 woo_id=15355 stock=0 pvpr=31.75322
[2026-04-07 07:14:39] UPDATED sku=HJAR1001 ean=8436584382461 woo_id=15824 stock=15 pvpr=36.48715
[2026-04-07 07:14:39] UPDATED sku=FDR67 ean=8435568403697 woo_id=15694 stock=30 pvpr=98.62639
[2026-04-07 07:14:39] UPDATED sku=JECG2702 ean=8421078037026 woo_id=16185 stock=0 pvpr=39.44372
[2026-04-07 07:14:39] UPDATED sku=JECG2703 ean=8421078037033 woo_id=14879 stock=0 pvpr=42.94717
[2026-04-07 07:14:39] UPDATED sku=KFP800 ean=8435568402263 woo_id=33586 stock=8 pvpr=16.90201
[2026-04-07 07:14:39] UPDATED sku=KFP1000 ean=8435568402270 woo_id=33590 stock=0 pvpr=23.80637
[2026-04-07 07:14:39] UPDATED sku=JBSC1430 ean=8421078037309 woo_id=12403 stock=6 pvpr=30.33475
[2026-04-07 07:14:39] UPDATED sku=JEEX1059 ean=8421078036944 woo_id=17206 stock=0 pvpr=64.942
[2026-04-07 07:14:39] UPDATED sku=JEVI1460 ean=8421078036920 woo_id=32164 stock=0 pvpr=171.85704
[2026-04-07 07:14:39] UPDATED sku=JBSC2211 ean=8421078037354 woo_id=12476 stock=3 pvpr=33.25714
[2026-04-07 07:14:39] UPDATED sku=JEBT1945 ean=8421078036210 woo_id=15921 stock=5 pvpr=30.09549
[2026-04-07 07:14:39] UPDATED sku=JEFR1228 ean=8421078037446 woo_id=15652 stock=0 pvpr=144.25669
[2026-04-07 07:14:39] UPDATED sku=CF2133F0 ean=3121040084649 woo_id=16424 stock=0 pvpr=19.80731
[2026-04-07 07:14:39] UPDATED sku=JESW1232 ean=8421078036982 woo_id=17229 stock=50 pvpr=20.14911
[2026-04-07 07:14:39] UPDATED sku=SW551 ean=8421078035466 woo_id=17227 stock=6 pvpr=39.92224
[2026-04-07 07:14:39] UPDATED sku=CG4061 ean=8435568404779 woo_id=33288 stock=0 pvpr=24.76341
[2026-04-07 07:14:39] UPDATED sku=JEBT1851 ean=8421078037095 woo_id=15709 stock=6 pvpr=42.53701
[2026-04-07 07:14:39] UPDATED sku=JBSE2102 ean=8421078036623 woo_id=11941 stock=4 pvpr=40.12732
[2026-04-07 07:14:39] UPDATED sku=PL622C ean=8421078035435 woo_id=18698 stock=119 pvpr=34.77815
[2026-04-07 07:14:39] UPDATED sku=JESA2090 ean=8421078037682 woo_id=15696 stock=14 pvpr=21.96065
[2026-04-07 07:14:39] UPDATED sku=JEFR1227 ean=8421078037668 woo_id=15647 stock=0 pvpr=80.52808
[2026-04-07 07:14:39] UPDATED sku=JETT1585 ean=8421078038207 woo_id=17524 stock=0 pvpr=36.4017
[2026-04-07 07:14:39] UPDATED sku=JECA2300 ean=8421078038092 woo_id=33523 stock=0 pvpr=127.54267
[2026-04-07 07:14:39] UPDATED sku=JEFR1230 ean=8421078038313 woo_id=15705 stock=0 pvpr=98.18205
[2026-04-07 07:14:39] UPDATED sku=VX82-1-2MG ean=7332543694150 woo_id=33803 stock=0 pvpr=262.99801
[2026-04-07 07:14:39] UPDATED sku=ECF02PKEU ean=8017709324773 woo_id=33406 stock=0 pvpr=378.35551
[2026-04-07 07:14:39] UPDATED sku=HACC4545 ean=8436584384465 woo_id=14949 stock=0 pvpr=3.94779
[2026-04-07 07:14:39] UPDATED sku=TSSR01 ean=8017709189334 woo_id=18720 stock=0 pvpr=28.67702
[2026-04-07 07:14:39] UPDATED sku=CJF11BLEU ean=8017709318871 woo_id=17186 stock=4 pvpr=160.27002
[2026-04-07 07:14:39] UPDATED sku=S324312 ean=8720689018593 woo_id=11974 stock=0 pvpr=93.43103
[2026-04-07 07:14:39] UPDATED sku=TO8050 ean=8435568405509 woo_id=16235 stock=2 pvpr=53.73096
[2026-04-07 07:14:39] UPDATED sku=KT4150 ean=8435568406339 woo_id=16148 stock=3 pvpr=11.94591
[2026-04-07 07:14:39] UPDATED sku=BRST570E ean=4210201108078 woo_id=12271 stock=0 pvpr=58.70415
[2026-04-07 07:14:39] UPDATED sku=Vitality Pro Ne ean=4210201432326 woo_id=11861 stock=1 pvpr=37.27329
[2026-04-07 07:14:39] UPDATED sku=Vitality Pro Mo ean=4210201432340 woo_id=11856 stock=11 pvpr=41.51161
[2026-04-07 07:14:39] UPDATED sku=JBCP3700 ean=8421078038306 woo_id=11945 stock=23 pvpr=23.78928
[2026-04-07 07:14:39] UPDATED sku=JBSC5577 ean=8421078038375 woo_id=12468 stock=4 pvpr=96.57559
[2026-04-07 07:14:39] UPDATED sku=JBSC1195 ean=8421078038382 woo_id=12410 stock=1 pvpr=44.80998
[2026-04-07 07:14:39] UPDATED sku=JEPL1221 ean=8421078038337 woo_id=19015 stock=20 pvpr=29.70242
[2026-04-07 07:14:39] UPDATED sku=JECP8523 ean=8421078038108 woo_id=19057 stock=6 pvpr=93.85828
[2026-04-07 07:14:39] UPDATED sku=JECL1900 ean=8421078038146 woo_id=14945 stock=2 pvpr=44.12638
[2026-04-07 07:14:39] UPDATED sku=JEHA1723 ean=8421078038023 woo_id=17275 stock=0 pvpr=23.25949
[2026-04-07 07:14:39] UPDATED sku=JEBT1265 ean=8421078037699 woo_id=15931 stock=5 pvpr=38.99938
[2026-04-07 07:14:39] UPDATED sku=JEBT1855 ean=8421078038030 woo_id=15720 stock=0 pvpr=40.04187
[2026-04-07 07:14:39] UPDATED sku=JEBT1791 ean=8421078038047 woo_id=15714 stock=12 pvpr=42.12685
[2026-04-07 07:14:39] UPDATED sku=JECR1000 ean=8421078038139 woo_id=15478 stock=1 pvpr=36.81186
[2026-04-07 07:14:39] UPDATED sku=JELV2300 ean=8421078038450 woo_id=15370 stock=8 pvpr=24.88304
[2026-04-07 07:14:39] UPDATED sku=PR2CUARZO ean=8414234306456 woo_id=27785 stock=0 pvpr=40.24695
[2026-04-07 07:14:39] UPDATED sku=CP53132 ean=8436011057931 woo_id=28250 stock=0 pvpr=168.64412
[2026-04-07 07:14:39] UPDATED sku=11962 ean=8436011052356 woo_id=27753 stock=2 pvpr=38.34996
[2026-04-07 07:14:39] UPDATED sku=12942 ean=8436011053797 woo_id=28237 stock=2 pvpr=54.02149
[2026-04-07 07:14:39] UPDATED sku=14614 ean=8436011059669 woo_id=28282 stock=1 pvpr=48.72359
[2026-04-07 07:14:39] UPDATED sku=CP50120 ean=8436011056743 woo_id=28252 stock=0 pvpr=156.45895
[2026-04-07 07:14:39] UPDATED sku=DH250 ean=8436011057474 woo_id=28004 stock=0 pvpr=68.78725
[2026-04-07 07:14:39] UPDATED sku=AIR45 ean=8436044530562 woo_id=27532 stock=10 pvpr=124.80827
[2026-04-07 07:14:39] UPDATED sku=PG02 ean=8436044530470 woo_id=27498 stock=0 pvpr=6.11822
[2026-04-07 07:14:39] UPDATED sku=HBF95 ean=8436044529924 woo_id=27757 stock=1 pvpr=206.20794
[2026-04-07 07:14:39] UPDATED sku=CP88105 ean=8436044531941 woo_id=28248 stock=0 pvpr=146.4613
[2026-04-07 07:14:39] UPDATED sku=HU2013 ean=8436044532252 woo_id=28035 stock=1 pvpr=38.48668
[2026-04-07 07:14:39] UPDATED sku=BP5000 ean=8436044532702 woo_id=27787 stock=0 pvpr=18.83318
[2026-04-07 07:14:39] UPDATED sku=BP0204 ean=8436044533204 woo_id=27755 stock=3 pvpr=28.95046
[2026-04-07 07:14:39] UPDATED sku=TV63 ean=8421078032236 woo_id=27650 stock=10 pvpr=19.97821
[2026-04-07 07:14:39] UPDATED sku=RRE810 ean=8436044533471 woo_id=27913 stock=8 pvpr=161.07325
[2026-04-07 07:14:39] UPDATED sku=TF0133 ean=8436044531729 woo_id=28099 stock=3 pvpr=31.51396
[2026-04-07 07:14:39] UPDATED sku=SF0147 ean=8436044533495 woo_id=28191 stock=15 pvpr=33.06915
[2026-04-07 07:14:39] UPDATED sku=SF0148 ean=8436044533501 woo_id=28206 stock=0 pvpr=33.06915
[2026-04-07 07:14:39] UPDATED sku=TWM0975 ean=8436044533686 woo_id=28113 stock=0 pvpr=68.61635
[2026-04-07 07:14:39] UPDATED sku=AIR40 ean=8436044534027 woo_id=27535 stock=0 pvpr=89.51742
[2026-04-07 07:14:39] UPDATED sku=FH5028 ean=8436044534638 woo_id=27642 stock=92 pvpr=21.12324
[2026-04-07 07:14:39] UPDATED sku=HCE73 ean=8436044534959 woo_id=27759 stock=0 pvpr=113.58014
[2026-04-07 07:14:39] UPDATED sku=RRE1010 ean=8436044534713 woo_id=27894 stock=0 pvpr=170.74619
[2026-04-07 07:14:39] UPDATED sku=RRE1510 ean=8436044534737 woo_id=27869 stock=0 pvpr=218.83745
[2026-04-07 07:14:39] UPDATED sku=RRE1810 ean=8436044534744 woo_id=27891 stock=0 pvpr=257.8881
[2026-04-07 07:14:39] UPDATED sku=FH5032 ean=8436044534676 woo_id=27749 stock=1 pvpr=40.46912
[2026-04-07 07:14:39] UPDATED sku=RRM1510 ean=8436044534799 woo_id=27876 stock=0 pvpr=210.10446
[2026-04-07 07:14:39] UPDATED sku=RRM1010 ean=8436044534775 woo_id=27898 stock=0 pvpr=163.92728
[2026-04-07 07:14:39] UPDATED sku=FH5030 ean=8436044534652 woo_id=27644 stock=0 pvpr=40.48621
[2026-04-07 07:14:39] UPDATED sku=TF0148 ean=8436044535246 woo_id=28106 stock=2 pvpr=44.99797
[2026-04-07 07:14:39] UPDATED sku=TF0138 ean=8436044535239 woo_id=28103 stock=7 pvpr=39.11901
[2026-04-07 07:14:39] UPDATED sku=TWM 1009 ean=8436044535406 woo_id=28171 stock=4 pvpr=95.03749
[2026-04-07 07:14:39] UPDATED sku=CP92105 ean=8436044535437 woo_id=28257 stock=0 pvpr=162.06447
[2026-04-07 07:14:39] UPDATED sku=PW1332 ean=8436044535260 woo_id=28197 stock=10 pvpr=45.6303
[2026-04-07 07:14:43] UPDATED sku=PW1546 ean=8436044533464 woo_id=28208 stock=3 pvpr=70.71842
[2026-04-07 07:14:43] UPDATED sku=TORONTO ean=8414234350466 woo_id=27578 stock=0 pvpr=250.40268
[2026-04-07 07:14:43] UPDATED sku=TROPICANOBAGNO ean=8414234468789 woo_id=27671 stock=0 pvpr=35.76937
[2026-04-07 07:14:43] UPDATED sku=RRM1310 ean=8436044534782 woo_id=27950 stock=0 pvpr=184.46946
[2026-04-07 07:14:43] UPDATED sku=AH3160 ean=8436044537431 woo_id=12127 stock=22 pvpr=41.78505
[2026-04-07 07:14:43] UPDATED sku=FH5127 ean=8436044536595 woo_id=27652 stock=22 pvpr=21.12324
[2026-04-07 07:14:43] UPDATED sku=FH5115 ean=8436044536618 woo_id=27622 stock=18 pvpr=18.49138
[2026-04-07 07:14:43] UPDATED sku=FH5129 ean=8436044536601 woo_id=27620 stock=0 pvpr=18.49138
[2026-04-07 07:14:43] UPDATED sku=FH5033 ean=8436044534683 woo_id=27751 stock=0 pvpr=40.46912
[2026-04-07 07:14:43] UPDATED sku=PWT3061 ean=8436044533648 woo_id=28193 stock=0 pvpr=116.69052
[2026-04-07 07:14:43] UPDATED sku=SF0640 ean=8436044537868 woo_id=28222 stock=3 pvpr=71.07731
[2026-04-07 07:14:43] UPDATED sku=TW0800 ean=8436044537806 woo_id=28174 stock=3 pvpr=50.67185
[2026-04-07 07:14:43] UPDATED sku=AIR52 ean=8436044538223 woo_id=27527 stock=1 pvpr=143.0433
[2026-04-07 07:14:43] UPDATED sku=CP97132 ean=8436044538124 woo_id=28310 stock=0 pvpr=216.10305
[2026-04-07 07:14:43] UPDATED sku=RF1000 ean=8436044536991 woo_id=27911 stock=0 pvpr=58.25981
[2026-04-07 07:14:43] UPDATED sku=RF1500 ean=8436044537004 woo_id=27886 stock=2 pvpr=68.20619
[2026-04-07 07:14:43] UPDATED sku=RF2000 ean=8436044537011 woo_id=27841 stock=3 pvpr=78.88744
[2026-04-07 07:14:43] UPDATED sku=RF2500 ean=8436044537028 woo_id=27924 stock=0 pvpr=90.93589
[2026-04-07 07:14:43] UPDATED sku=FH7001 ean=8436044538841 woo_id=27624 stock=6 pvpr=32.18047
[2026-04-07 07:14:43] UPDATED sku=SP6000SPLIT ean=8436044538797 woo_id=27747 stock=1 pvpr=64.73692
[2026-04-07 07:14:43] UPDATED sku=HUA-3000 ean=8436044538650 woo_id=28038 stock=0 pvpr=41.05018
[2026-04-07 07:14:43] UPDATED sku=TROPPLUGHEATER ean=8414234474285 woo_id=27588 stock=0 pvpr=33.99201
[2026-04-07 07:14:43] UPDATED sku=HUA3500 ean=8436044538667 woo_id=28041 stock=0 pvpr=43.35733
[2026-04-07 07:14:43] UPDATED sku=HUA4000 ean=8436044538674 woo_id=28048 stock=0 pvpr=37.10239
[2026-04-07 07:14:43] UPDATED sku=TV78 ean=8421078034049 woo_id=27648 stock=0 pvpr=20.49091
[2026-04-07 07:14:43] UPDATED sku=RD227B ean=8421078034063 woo_id=27933 stock=0 pvpr=95.56728
[2026-04-07 07:14:43] UPDATED sku=RD227N ean=8421078034056 woo_id=27884 stock=0 pvpr=95.56728
[2026-04-07 07:14:43] UPDATED sku=SP6500 ean=8436044538803 woo_id=27658 stock=8 pvpr=71.72673
[2026-04-07 07:14:43] UPDATED sku=MT8E ean=8436017656503 woo_id=12237 stock=20 pvpr=113.23834
[2026-04-07 07:14:43] UPDATED sku=CMT8X3 ean=8436017656572 woo_id=12177 stock=2 pvpr=32.09502
[2026-04-07 07:14:43] UPDATED sku=SF3347 ean=8436044539657 woo_id=18430 stock=2 pvpr=37.75181
[2026-04-07 07:14:43] UPDATED sku=SF0244 ean=8436044539640 woo_id=28241 stock=1 pvpr=52.38085
[2026-04-07 07:14:43] UPDATED sku=BF0138 ean=8436044539596 woo_id=28235 stock=9 pvpr=28.83083
[2026-04-07 07:14:43] UPDATED sku=BF1030 ean=8436044539626 woo_id=28149 stock=9 pvpr=28.83083
[2026-04-07 07:14:43] UPDATED sku=MIE5 ean=8436584380047 woo_id=12164 stock=0 pvpr=11.22813
[2026-04-07 07:14:43] UPDATED sku=BERGEN16CR ean=8414234446497 woo_id=28229 stock=0 pvpr=53.09863
[2026-04-07 07:14:43] UPDATED sku=A12 ean=7899882306118 woo_id=27689 stock=2 pvpr=44.84416
[2026-04-07 07:14:43] UPDATED sku=CA2400 ean=8414234472519 woo_id=27640 stock=0 pvpr=42.93008
[2026-04-07 07:14:43] UPDATED sku=TFT3001 ean=8414234469090 woo_id=27669 stock=6 pvpr=31.29179
[2026-04-07 07:14:43] UPDATED sku=HBF100 ean=8435568400412 woo_id=27761 stock=2 pvpr=231.43278
[2026-04-07 07:14:43] UPDATED sku=BP0206 ean=8435568400566 woo_id=27783 stock=0 pvpr=28.95046
[2026-04-07 07:14:43] UPDATED sku=PU1000 ean=8435568400740 woo_id=12156 stock=0 pvpr=106.07763
[2026-04-07 07:14:43] UPDATED sku=TROPICANO35OSCI ean=8414234469137 woo_id=27717 stock=0 pvpr=42.0414
[2026-04-07 07:14:43] UPDATED sku=BAGNO2Q ean=8414234306463 woo_id=27773 stock=4 pvpr=55.76467
[2026-04-07 07:14:43] UPDATED sku=RCMB231 ean=8414234350657 woo_id=27629 stock=0 pvpr=71.53874
[2026-04-07 07:14:43] UPDATED sku=RCMB27 ean=8414234350640 woo_id=27697 stock=0 pvpr=87.65461
[2026-04-07 07:14:43] UPDATED sku=CAH0850 ean=8435568401532 woo_id=12125 stock=0 pvpr=40.21277
[2026-04-07 07:14:43] UPDATED sku=ICEBRISE ean=8414234472656 woo_id=28214 stock=0 pvpr=66.36047
[2026-04-07 07:14:43] UPDATED sku=ICEBRISEMINI ean=8414234472601 woo_id=28109 stock=0 pvpr=28.31813
[2026-04-07 07:14:43] UPDATED sku=BABEKINFINITIVE ean=8414234472625 woo_id=28115 stock=0 pvpr=84.06571
[2026-04-07 07:14:43] UPDATED sku=MELI0620 ean=8436584382539 woo_id=12170 stock=0 pvpr=63.62607
[2026-04-07 07:14:43] UPDATED sku=CP104132 ean=8435568401341 woo_id=28288 stock=0 pvpr=224.27207
[2026-04-07 07:14:43] UPDATED sku=RRW800 ean=8435568402614 woo_id=27909 stock=6 pvpr=172.07921
[2026-04-07 07:14:43] UPDATED sku=RRW1000 ean=8435568402621 woo_id=27874 stock=0 pvpr=183.2048
[2026-04-07 07:14:43] UPDATED sku=RRW1300 ean=8435568402638 woo_id=27918 stock=2 pvpr=191.54472
[2026-04-07 07:14:43] UPDATED sku=DAKAR1500 ean=8414234350664 woo_id=27851 stock=0 pvpr=80.4939
[2026-04-07 07:14:43] UPDATED sku=DAKAR2000 ean=8414234350671 woo_id=27853 stock=0 pvpr=89.43197
[2026-04-07 07:14:43] UPDATED sku=DAKAR2500 ean=8414234350688 woo_id=27855 stock=0 pvpr=98.37004
[2026-04-07 07:14:43] UPDATED sku=NEWGOBI ean=8414234469168 woo_id=27646 stock=0 pvpr=22.37081
[2026-04-07 07:14:43] UPDATED sku=SO9266 ean=3121040083093 woo_id=27600 stock=0 pvpr=73.28192
[2026-04-07 07:14:43] UPDATED sku=TW0755 ean=8435568402447 woo_id=28122 stock=2 pvpr=48.62105
[2026-04-07 07:14:43] UPDATED sku=FOREST ean=8414234446657 woo_id=28231 stock=0 pvpr=106.18017
[2026-04-07 07:14:43] UPDATED sku=BABELDIGITAL ean=8414234472670 woo_id=28120 stock=0 pvpr=64.6002
[2026-04-07 07:14:43] UPDATED sku=R850 ean=8414234563163 woo_id=27530 stock=0 pvpr=140.70197
[2026-04-07 07:14:43] UPDATED sku=NEWBABEL ean=8414234472663 woo_id=28176 stock=3 pvpr=53.09863
[2026-04-07 07:14:43] UPDATED sku=CP102132 ean=8435568401327 woo_id=28284 stock=0 pvpr=208.61763
[2026-04-07 07:14:43] UPDATED sku= ean=8431312225713 woo_id=27561 stock=0 pvpr=477.35788
[2026-04-07 07:14:43] UPDATED sku=RRW1500 ean=8435568400481 woo_id=27882 stock=5 pvpr=247.65119
[2026-04-07 07:14:43] UPDATED sku=PW1431 ean=8436044537745 woo_id=28210 stock=3 pvpr=45.6303
[2026-04-07 07:14:43] UPDATED sku=JCES2201 ean=8421078037255 woo_id=27791 stock=0 pvpr=24.96849
[2026-04-07 07:14:43] UPDATED sku=DH2025 ean=8435568403727 woo_id=28014 stock=0 pvpr=265.25389
[2026-04-07 07:14:43] UPDATED sku=JVVP3145 ean=8421078037804 woo_id=28224 stock=4 pvpr=50.84275
[2026-04-07 07:14:43] UPDATED sku=CP1119105 ean=8435568404595 woo_id=28275 stock=0 pvpr=126.1242
[2026-04-07 07:14:43] UPDATED sku=JVVP3135 ean=8421078037811 woo_id=28188 stock=0 pvpr=36.12826
[2026-04-07 07:14:43] UPDATED sku=JVVS3112 ean=8421078037828 woo_id=28087 stock=2 pvpr=31.12089
[2026-04-07 07:14:43] UPDATED sku=JVAC2003 ean=8421078037743 woo_id=27520 stock=0 pvpr=89.99594
[2026-04-07 07:14:43] UPDATED sku=JVAC2002 ean=8421078037736 woo_id=27515 stock=0 pvpr=72.25652
[2026-04-07 07:14:43] UPDATED sku=JVVM3125 ean=8421078037798 woo_id=28153 stock=2 pvpr=37.80308
[2026-04-07 07:14:43] UPDATED sku=JVVT3043 ean=8421078037750 woo_id=28166 stock=8 pvpr=42.82754
[2026-04-07 07:14:43] UPDATED sku=JVTE4232 ean=8421078037897 woo_id=28329 stock=0 pvpr=167.24274
[2026-04-07 07:14:43] UPDATED sku=JVTE4231 ean=8421078037880 woo_id=28301 stock=2 pvpr=160.54346
[2026-04-07 07:14:43] UPDATED sku=JVTE4233 ean=8421078037910 woo_id=28321 stock=1 pvpr=77.60569
[2026-04-07 07:14:43] UPDATED sku=CP12435 ean=8435568404854 woo_id=28313 stock=0 pvpr=78.614
[2026-04-07 07:14:43] UPDATED sku=PW1025 ean=8435568404397 woo_id=18413 stock=0 pvpr=8.76717
[2026-04-07 07:14:43] UPDATED sku=PW1026 ean=8435568404403 woo_id=18417 stock=1 pvpr=8.76717
[2026-04-07 07:14:43] UPDATED sku=BOREALNO MOSKIT ean=8414234446664 woo_id=28216 stock=2 pvpr=79.6394
[2026-04-07 07:14:43] UPDATED sku=FRESKOFOREST3B ean=8414234421166 woo_id=28271 stock=0 pvpr=220.34137
[2026-04-07 07:14:43] UPDATED sku=FRESKOINVISIBLE ean=8414234421197 woo_id=28319 stock=0 pvpr=150.42618
[2026-04-07 07:14:43] UPDATED sku=TEMPDIGITAL ean=8414234563279 woo_id=27542 stock=0 pvpr=618.4871
[2026-04-07 07:14:43] UPDATED sku=ADR93 ean=8435568401150 woo_id=27551 stock=0 pvpr=278.61827
[2026-04-07 07:14:43] UPDATED sku=05904 ean=8435484059046 woo_id=28239 stock=1 pvpr=49.23629
[2026-04-07 07:14:43] UPDATED sku=HBF120 ean=8435568404755 woo_id=27777 stock=0 pvpr=243.61795
[2026-04-07 07:14:43] UPDATED sku=MALBORK900 ean=8414234350480 woo_id=27829 stock=0 pvpr=132.72094
[2026-04-07 07:14:43] UPDATED sku=MALBORK1200 ean=8414234350497 woo_id=27833 stock=0 pvpr=150.42618
[2026-04-07 07:14:43] UPDATED sku=MALBORK2000 ean=8414234350527 woo_id=27827 stock=0 pvpr=185.81957
[2026-04-07 07:14:43] UPDATED sku=MALBORKCONN900 ean=8414234350701 woo_id=27815 stock=0 pvpr=159.26171
[2026-04-07 07:14:43] UPDATED sku=MALBORKCONN1200 ean=8414234350718 woo_id=27813 stock=0 pvpr=185.81957
[2026-04-07 07:14:43] UPDATED sku=MALBORKCONN1500 ean=8414234350725 woo_id=27811 stock=0 pvpr=203.50772
[2026-04-07 07:14:43] UPDATED sku=MALBORKCONN2000 ean=8414234350732 woo_id=27820 stock=0 pvpr=221.19587
[2026-04-07 07:14:43] UPDATED sku=JCCV2314 ean=8421078038269 woo_id=27595 stock=0 pvpr=38.23033
[2026-04-07 07:14:46] UPDATED sku=JCRA2392 ean=8421078038368 woo_id=27937 stock=0 pvpr=77.79368
[2026-04-07 07:14:46] UPDATED sku=JCTC1920 ean=8421078038252 woo_id=27656 stock=19 pvpr=27.29273
[2026-04-07 07:14:46] UPDATED sku=RUN1500 ean=8435568405349 woo_id=27903 stock=0 pvpr=69.76138
[2026-04-07 07:14:46] UPDATED sku=RUN2000 ean=8435568405356 woo_id=27859 stock=4 pvpr=80.45972
[2026-04-07 07:14:46] UPDATED sku=RUN2500 ean=8435568405363 woo_id=27864 stock=0 pvpr=92.47399
[2026-04-07 07:14:46] UPDATED sku=FH5026 ean=8436044532603 woo_id=27699 stock=0 pvpr=45.2885
[2026-04-07 07:14:46] UPDATED sku=DH650 ean=8435568404991 woo_id=28028 stock=0 pvpr=86.90265
[2026-04-07 07:14:46] UPDATED sku=CP100138 ean=8436044539701 woo_id=28263 stock=0 pvpr=241.24244
[2026-04-07 07:14:46] UPDATED sku=LITE 26(09)N8-2 ean=8431312260615 woo_id=27576 stock=5 pvpr=467.17224
[2026-04-07 07:14:46] UPDATED sku= ean=8431312254478 woo_id=27566 stock=0 pvpr=630.02285
[2026-04-07 07:14:46] UPDATED sku=JVVS3015 ean=8421078036968 woo_id=28129 stock=0 pvpr=26.76294
[2026-04-07 07:14:46] UPDATED sku=JVVS3016 ean=8421078038610 woo_id=18749 stock=2 pvpr=25.44701
[2026-04-07 07:14:46] UPDATED sku=JVTE4240 ean=8421078038634 woo_id=28306 stock=0 pvpr=147.17908
[2026-04-07 07:14:46] UPDATED sku=JVTE4235 ean=8421078038511 woo_id=28315 stock=0 pvpr=124.43229
[2026-04-07 07:14:46] UPDATED sku=JVTE4234 ean=8421078038504 woo_id=18292 stock=0 pvpr=77.60569
[2026-04-07 07:14:46] UPDATED sku=SF0642 ean=8435568404632 woo_id=28220 stock=7 pvpr=75.7087
[2026-04-07 07:14:46] UPDATED sku=NF4200 ean=8435568406551 woo_id=28089 stock=1 pvpr=16.93619
[2026-04-07 07:14:46] UPDATED sku=HF2100 ean=8435568406346 woo_id=18947 stock=3 pvpr=12.93713
[2026-04-07 07:14:46] UPDATED sku=HF2500 ean=8435568406360 woo_id=28139 stock=0 pvpr=20.66181
[2026-04-07 07:14:46] UPDATED sku=CP136105 ean=8435568406216 woo_id=18446 stock=0 pvpr=117.71592
[2026-04-07 07:14:46] UPDATED sku=CP120092 ean=8435568404601 woo_id=28267 stock=0 pvpr=112.2813
[2026-04-07 07:14:46] UPDATED sku=ADR122 ean=8435568406117 woo_id=27544 stock=3 pvpr=403.30691
[2026-04-07 07:14:46] UPDATED sku=CP117105 ean=8435568404571 woo_id=28327 stock=0 pvpr=174.30091
[2026-04-07 07:14:46] UPDATED sku=SF0248 ean=8436044539633 woo_id=28212 stock=1 pvpr=175.95864
[2026-04-07 07:14:46] UPDATED sku=CP122105 ean=8435568404625 woo_id=28273 stock=0 pvpr=120.56995
[2026-04-07 07:14:46] UPDATED sku=SO8230 ean=3121040092293 woo_id=27724 stock=0 pvpr=52.22704
[2026-04-07 07:14:46] UPDATED sku=DH1045 ean=8435568406605 woo_id=28060 stock=0 pvpr=152.06682
[2026-04-07 07:14:46] UPDATED sku=DH1245 ean=8435568406612 woo_id=27999 stock=2 pvpr=162.37209
[2026-04-07 07:14:46] UPDATED sku=JCTC1930 ean=8421078039167 woo_id=27711 stock=0 pvpr=30.53983
[2026-04-07 07:14:46] UPDATED sku=JCTC2101 ean=8421078036494 woo_id=27616 stock=0 pvpr=56.9097
[2026-04-07 07:14:46] UPDATED sku=JVVS3115 ean=8421078039501 woo_id=28134 stock=0 pvpr=27.44654
[2026-04-07 07:14:46] UPDATED sku=CP121105 ean=8435568404618 woo_id=28295 stock=0 pvpr=127.02997
[2026-04-07 07:14:46] UPDATED sku=FRESKOHIDEGO ean=8414234421227 woo_id=28278 stock=0 pvpr=141.57356
[2026-04-07 07:14:46] UPDATED sku=R950 ean=8414234563316 woo_id=28052 stock=1 pvpr=97.32755
[2026-04-07 07:14:46] UPDATED sku=SF0249 ean=8435568401259 woo_id=18437 stock=0 pvpr=46.3139
[2026-04-07 07:14:46] UPDATED sku=PWO1946 ean=8436044535321 woo_id=28203 stock=0 pvpr=93.8241
[2026-04-07 07:14:46] UPDATED sku=PW1027 ean=8435568405752 woo_id=28111 stock=0 pvpr=8.76717
[2026-04-07 07:14:46] UPDATED sku=CP129120 ean=8435568406025 woo_id=28293 stock=0 pvpr=134.63502
[2026-04-07 07:14:46] UPDATED sku=SF0246 ean=8436044535383 woo_id=28195 stock=1 pvpr=72.85467
[2026-04-07 07:14:46] UPDATED sku=JCTV1191 ean=8421078039891 woo_id=27673 stock=0 pvpr=18.35466
[2026-04-07 07:14:46] UPDATED sku=JCTV1193 ean=8421078039914 woo_id=27681 stock=0 pvpr=18.30339
[2026-04-07 07:14:46] UPDATED sku=CAH1450 ean=8435568401433 woo_id=12123 stock=9 pvpr=64.05332
[2026-04-07 07:14:46] UPDATED sku=NEPAL1000 ean=8414234351029 woo_id=27930 stock=0 pvpr=125.21843
[2026-04-07 07:14:46] UPDATED sku=NEPAL1500 ean=8414234351005 woo_id=27888 stock=0 pvpr=143.09457
[2026-04-07 07:14:46] UPDATED sku=NEPAL2000 ean=8414234351012 woo_id=27901 stock=0 pvpr=160.97071
[2026-04-07 07:14:46] UPDATED sku=TROPICANO3000 ean=8414234469236 woo_id=27660 stock=12 pvpr=40.24695
[2026-04-07 07:14:46] UPDATED sku=946921000 ean=8414234469212 woo_id=27763 stock=0 pvpr=115.37459
[2026-04-07 07:14:46] UPDATED sku=H55 ean=8436044528224 woo_id=27775 stock=5 pvpr=162.81643
[2026-04-07 07:14:46] UPDATED sku=HBF90 ean=8436044528552 woo_id=27781 stock=0 pvpr=145.88024
[2026-04-07 07:14:46] UPDATED sku=CV2300 ean=8436044531156 woo_id=27586 stock=0 pvpr=35.73519
[2026-04-07 07:14:46] UPDATED sku=CT10132M ean=8436011050215 woo_id=28286 stock=0 pvpr=79.07543
[2026-04-07 07:14:46] UPDATED sku=WF0139 ean=8436011054503 woo_id=28101 stock=1 pvpr=39.06774
[2026-04-07 07:14:46] UPDATED sku=TC73 ean=8421078032717 woo_id=27654 stock=6 pvpr=29.32644
[2026-04-07 07:14:46] UPDATED sku=CT30 ean=8421078032229 woo_id=12150 stock=0 pvpr=41.71669
[2026-04-07 07:14:46] UPDATED sku=RRE1310 ean=8436044534720 woo_id=27920 stock=8 pvpr=192.14287
[2026-04-07 07:14:46] UPDATED sku=RRM1810 ean=8436044534805 woo_id=27879 stock=0 pvpr=247.58283
[2026-04-07 07:14:46] UPDATED sku=RRE510 ean=8436044534706 woo_id=27943 stock=7 pvpr=126.2951
[2026-04-07 07:14:46] UPDATED sku=AIR46 ean=8436044535420 woo_id=27525 stock=1 pvpr=123.71451
[2026-04-07 07:14:46] UPDATED sku=PW1346 ean=8436044535277 woo_id=28200 stock=0 pvpr=70.71842
[2026-04-07 07:14:46] UPDATED sku=TV74 ean=8421078033363 woo_id=27742 stock=0 pvpr=25.94262
[2026-04-07 07:14:46] UPDATED sku=RRM810 ean=8436044534768 woo_id=27916 stock=3 pvpr=154.63032
[2026-04-07 07:14:46] UPDATED sku=RRM510 ean=8436044534751 woo_id=27872 stock=6 pvpr=121.23646
[2026-04-07 07:14:46] UPDATED sku=VC3000 ean=8421078033820 woo_id=28233 stock=1 pvpr=66.90735
[2026-04-07 07:14:46] UPDATED sku=TV55A ean=8421078035619 woo_id=27665 stock=0 pvpr=26.6604
[2026-04-07 07:14:46] UPDATED sku=C214 ean=8421078035640 woo_id=27582 stock=0 pvpr=49.7319
[2026-04-07 07:14:46] UPDATED sku=C214T ean=8421078035657 woo_id=27610 stock=0 pvpr=58.02055
[2026-04-07 07:14:46] UPDATED sku=DH1250 ean=8435568402386 woo_id=28011 stock=0 pvpr=262.8442
[2026-04-07 07:14:46] UPDATED sku=JVVP3055 ean=8421078036111 woo_id=28186 stock=1 pvpr=81.62184
[2026-04-07 07:14:46] UPDATED sku=JVVP3050 ean=8421078036074 woo_id=28227 stock=8 pvpr=34.79524
[2026-04-07 07:14:46] UPDATED sku=JVVM3027 ean=8421078036067 woo_id=28085 stock=3 pvpr=37.46128
[2026-04-07 07:14:46] UPDATED sku=JVVM3026 ean=8421078036050 woo_id=28126 stock=7 pvpr=30.77909
[2026-04-07 07:14:46] UPDATED sku=JVVS ean=8421078036104 woo_id=28147 stock=1 pvpr=80.95533
[2026-04-07 07:14:46] UPDATED sku=JVAC2001 ean=8421078036173 woo_id=27513 stock=0 pvpr=95.12294
[2026-04-07 07:14:46] UPDATED sku=JVVT3042 ean=8421078036098 woo_id=28164 stock=0 pvpr=44.16056
[2026-04-07 07:14:46] UPDATED sku=JVVT3041 ean=8421078036081 woo_id=28162 stock=5 pvpr=40.14441
[2026-04-07 07:14:46] UPDATED sku=FB2200 ean=8435568401884 woo_id=27626 stock=0 pvpr=65.81359
[2026-04-07 07:14:46] UPDATED sku=MAH1750 ean=8435568400665 woo_id=12119 stock=0 pvpr=59.19976
[2026-04-07 07:14:46] UPDATED sku=TV55V ean=8421078035626 woo_id=27731 stock=0 pvpr=27.29273
[2026-04-07 07:14:46] UPDATED sku=TV55G ean=8421078035602 woo_id=27667 stock=0 pvpr=26.57495
[2026-04-07 07:14:46] UPDATED sku=MAH2050 ean=8435568400672 woo_id=12148 stock=1 pvpr=82.11745
[2026-04-07 07:14:46] UPDATED sku=JCRA2307 ean=8421078038276 woo_id=27799 stock=0 pvpr=63.48935
[2026-04-07 07:14:46] UPDATED sku=JCRA2309 ean=8421078038283 woo_id=27946 stock=0 pvpr=73.53827
[2026-04-07 07:14:46] UPDATED sku=JCRA2311 ean=8421078038290 woo_id=27802 stock=0 pvpr=81.75856
[2026-04-07 07:14:46] UPDATED sku=BP5008 ean=8435568400382 woo_id=27789 stock=0 pvpr=36.43588
[2026-04-07 07:14:46] UPDATED sku=CALEFCA2002 ean=8414234472038 woo_id=27638 stock=2 pvpr=40.24695
[2026-04-07 07:14:46] UPDATED sku=GSB950 ean=4013833038665 woo_id=34044 stock=0 pvpr=148.06776
[2026-04-07 07:14:46] UPDATED sku=FRESH PAIR W ean=4008928606041 woo_id=34185 stock=3 pvpr=42.70791
[2026-04-07 07:14:46] UPDATED sku=COMFORT PAIR W ean=4008928625998 woo_id=34167 stock=3 pvpr=50.82566
[2026-04-07 07:14:46] UPDATED sku=DTX128GB ean=740617309928 woo_id=13994 stock=0 pvpr=15.79116
[2026-04-07 07:14:46] UPDATED sku=DTX256GB ean=740617310023 woo_id=14000 stock=0 pvpr=20.32001
[2026-04-07 07:14:46] UPDATED sku=DTD1400W ean=8413240603863 woo_id=18407 stock=70 pvpr=43.93839
[2026-04-07 07:14:46] UPDATED sku=DTD1400B ean=8413240603856 woo_id=18411 stock=113 pvpr=43.93839
[2026-04-07 07:14:46] UPDATED sku=SM-A057GLGUEUB ean=8806095268507 woo_id=19168 stock=0 pvpr=204.19132
[2026-04-07 07:14:46] END sync processed=14879 updated=2193 skipped=12665 errors=0
